Workbook

Sheet recreation_claude_v2_1
A1: Evaluator | B1: Question | C1: status | D1: answerability | E1: primary_kc_alignment | F1: secondary_kc_alignment | G1: topic_alignment | H1: grade_alignment | I1: real_world_feasibility | J1: synergy | K1: clarity | L1: conciseness_and_relevance | M1: language_quality | N1: content_appropriateness | O1: explanation | P1: response_time
A2: TD | B2: Question 1 | C2: 0 | D2: 1 | E2: 1 | F2: 1 | G2: 1 | H2: 1 | I2: 1 | J2: 1 | K2: 1 | L2: 1 | M2: 1 | N2: 1 | P2: 2.5503974
A3: TD | B3: Question 2 | C3: 0 | D3: 1 | E3: 1 | F3: 1 | G3: 1 | H3: 1 | I3: 1 | J3: 1 | K3: 1 | L3: 1 | M3: 1 | N3: 1 | P3: 3.1546366
A4: TD | B4: Question 3 | C4: 0 | D4: 1 | E4: 1 | F4: 1 | G4: 1 | H4: 1 | I4: 1 | J4: 1 | K4: 1 | L4: 1 | M4: 1 | N4: 1 | P4: 1.7972627
A5: TD | B5: Question 4 | C5: 0 | D5: 1 | E5: 1 | F5: 1 | G5: 1 | H5: 1 | I5: 1 | J5: 1 | K5: 1 | L5: 1 | M5: 1 | N5: 1 | P5: 1.4540069
A6: TD | B6: Question 5 | C6: 0 | D6: 1 | E6: 1 | F6: 1 | G6: 1 | H6: 1 | I6: 1 | J6: 1 | K6: 1 | L6: 1 | M6: 1 | N6: 1 | P6: 1.9741778
A7: TD | B7: Question 6 | C7: 0 | D7: 1 | E7: 1 | F7: 1 | G7: 1 | H7: 1 | I7: 1 | J7: 1 | K7: 1 | L7: 1 | M7: 1 | N7: 1 | P7: 1.6329241
A8: TD | B8: Question 7 | C8: 0 | D8: 1 | E8: 1 | F8: 1 | G8: 1 | H8: 1 | I8: 1 | J8: 1 | K8: 1 | L8: 1 | M8: 1 | N8: 1 | P8: 2.5840564
A9: TD | B9: Question 8 | C9: 0 | D9: 1 | E9: 1 | F9: 1 | G9: 1 | H9: 1 | I9: 1 | J9: 1 | K9: 1 | L9: 1 | M9: 1 | N9: 1 | P9: 2.0795243
A10: TD | B10: Question 9 | C10: 0 | D10: 1 | E10: 1 | F10: 1 | G10: 1 | H10: 1 | I10: 1 | J10: 1 | K10: 1 | L10: 1 | M10: 1 | N10: 1 | P10: 1.5194597
A11: TD | B11: Question 10 | C11: 0 | D11: 1 | E11: 1 | F11: 1 | G11: 1 | H11: 1 | I11: 1 | J11: 1 | K11: 1 | L11: 1 | M11: 1 | N11: 1 | P11: 1.6094487
A12: TD | B12: Question 11 | C12: 0 | D12: 0 | E12: 'NA | F12: 'NA | G12: 'NA | H12: 'NA | I12: 'NA | J12: 'NA | K12: 'NA | L12: 'NA | M12: 'NA | N12: 'NA | O12: (1) a) and b) are ill-posed because 0f the painting challenge' or '0f the music challenge' suggests Sarah can do at most all (1/1) of the challenge, but the two fractions are subtasks of different types, and the question asks for 'total' fraction of the painting (or music) challenge completed, which by the context must be just the one fraction relevant to Sarah (not a sum). This confuses primary KC and is not answerable as intended.(2) The intended primary KC is about addition of unlike fractions, but this problem asks (a) what fraction Sarah completed in total for the painting challenge, but she only completed some for painting and some for music, and for each, a single value is given per challenge (not subparts of painting), so there is nothing to add. (5) Real-world feasibility: In a typical challenge like 'painting challenge', you cannot complete more than 100%, and the problem as written describes each girl completing some share of painting and another share of music, without a logical route to sum these (e.g., no indication of combining multiple attempts or subparts). (6) Synergy: The three parts are not connected as a true multi-step problem; each (a) and (b) is answerable by simple copying, not using previous results, and part (c) compares totals but does not require the use of addition as intended for the primary KC. | P12: 4.5571244
A13: TD | B13: Question 12 | C13: 0 | D13: 1 | E13: 1 | F13: 1 | G13: 1 | H13: 1 | I13: 1 | J13: 1 | K13: 1 | L13: 1 | M13: 1 | N13: 1 | P13: 2.3196809
A14: TD | B14: Question 13 | C14: 0 | D14: 1 | E14: 0 | F14: 1 | G14: 1 | H14: 'NA | I14: 1 | J14: 'NA | K14: 1 | L14: 1 | M14: 1 | N14: 1 | O14: Primary KC Alignment (0): The total swimming time requires adding 1.17 (2 dp) and 1.142 (3 dp) to 1.25 (2 dp). The question explicitly asks to sum decimals where at least one number (1.142) has 3 decimal places, which is above the stated restriction of 'up to 2 decimal places' for the Primary Knowledge Component and Primary 4 syllabus. Grade Alignment (0): Comparing and ordering up to 3 decimal places is typically not introduced until Primary 5; adding decimals up to 3 decimal places is also above Primary 4 scope. | P14: 4.2103806
A15: TD | B15: Question 14 | C15: 0 | D15: 1 | E15: 1 | F15: 1 | G15: 1 | H15: 1 | I15: 1 | J15: 1 | K15: 1 | L15: 1 | M15: 1 | N15: 1 | P15: 1.6392198
A16: TD | B16: Question 15 | C16: 0 | D16: 1 | E16: 0 | F16: 1 | G16: 1 | H16: 'NA | I16: 1 | J16: 'NA | K16: 1 | L16: 1 | M16: 1 | N16: 1 | O16: Primary KC Alignment: The subtraction required is 3.75 - 2.486, which involves subtracting a 3-decimal-place number from a 2-decimal-place number and results in more than 2 decimal places. The primary KC specified is subtraction of decimals up to 2 decimal places, but this problem clearly involves 3 decimal places. Grade Alignment: Subtraction involving 3 decimal places exceeds the typical Primary 4 Singapore math curriculum, where students are expected to subtract decimals to 2 decimal places. | P16: 2.7977815
A17: TD | B17: Question 16 | C17: 0 | D17: 1 | E17: 1 | F17: 1 | G17: 1 | H17: 1 | I17: 1 | J17: 1 | K17: 1 | L17: 1 | M17: 1 | N17: 1 | P17: 1.45737
A18: TD | B18: Question 17 | C18: 0 | D18: 1 | E18: 1 | F18: 1 | G18: 1 | H18: 1 | I18: 1 | J18: 1 | K18: 1 | L18: 1 | M18: 1 | N18: 1 | P18: 1.7160339
A19: TD | B19: Question 18 | C19: 0 | D19: 1 | E19: 1 | F19: 1 | G19: 1 | H19: 1 | I19: 1 | J19: 1 | K19: 1 | L19: 1 | M19: 1 | N19: 1 | P19: 2.1273513
A20: TD | B20: Question 19 | C20: 0 | D20: 1 | E20: 1 | F20: 1 | G20: 1 | H20: 1 | I20: 1 | J20: 1 | K20: 1 | L20: 1 | M20: 1 | N20: 1 | P20: 3.6921599
A21: TD | B21: Question 20 | C21: 0 | D21: 1 | E21: 1 | F21: 1 | G21: 1 | H21: 1 | I21: 1 | J21: 1 | K21: 1 | L21: 1 | M21: 1 | N21: 1 | P21: 1.6968925
A22: TD | B22: Question 21 | C22: 0 | D22: 1 | E22: 1 | F22: 1 | G22: 1 | H22: 1 | I22: 1 | J22: 1 | K22: 1 | L22: 1 | M22: 1 | N22: 1 | P22: 5.8419235
A23: TD | B23: Question 22 | C23: 0 | D23: 1 | E23: 0 | F23: 0 | G23: 1 | H23: 'NA | I23: 1 | J23: 'NA | K23: 1 | L23: 1 | M23: 1 | N23: 1 | O23: primary_kc_alignment: The problem requires multiplying a mixed number (not a proper/improper fraction) by a whole number. In Primary 5 Singapore syllabus, the intended KC specifically lists multiplying a proper or improper fraction by a whole number, but mixed numbers are usually addressed as an extension or at a slightly later stage. secondary_kc_alignment: The problem does not require the direct comparison and ordering of fractions, but rather compares distances (whole numbers/decimals), thus not fully addressing the secondary KC. synergy: The two KCs are used separately, not in tandem. Step 1 uses multiplication, and Step 2 uses subtraction and comparison of distances, not fractions. | P23: 2.7980466
A24: TD | B24: Question 23 | C24: 0 | D24: 1 | E24: 1 | F24: 1 | G24: 1 | H24: 1 | I24: 1 | J24: 1 | K24: 1 | L24: 1 | M24: 1 | N24: 1 | P24: 3.9016321
A25: TD | B25: Question 24 | C25: 0 | D25: 1 | E25: 1 | F25: 1 | G25: 1 | H25: 1 | I25: 1 | J25: 1 | K25: 1 | L25: 1 | M25: 1 | N25: 1 | P25: 2.4462123
A26: TD | B26: Question 25 | C26: 0 | D26: 1 | E26: 1 | F26: 1 | G26: 1 | H26: 1 | I26: 1 | J26: 1 | K26: 1 | L26: 1 | M26: 1 | N26: 1 | P26: 1.3274517
A27: TD | B27: Question 26 | C27: 0 | D27: 1 | E27: 0 | F27: 1 | G27: 1 | H27: 'NA | I27: 1 | J27: 'NA | K27: 1 | L27: 1 | M27: 1 | N27: 1 | O27: Primary KC Alignment (0): The problem only requires adding fractions (secondary KC), not multiplying two improper fractions as stated in the intended primary knowledge component. All measurements are added together, but nowhere does it require multiplication of improper fractions. Synergy (0): Only addition is needed; multiplication is not required at any point, so the primary (intended) and secondary KC are not used in tandem. | P27: 2.5986395
A28: TD | B28: Question 27 | C28: 0 | D28: 1 | E28: 0 | F28: 1 | G28: 1 | H28: 'NA | I28: 1 | J28: 'NA | K28: 1 | L28: 1 | M28: 1 | N28: 1 | O28: Primary Knowledge Component Alignment: The required multiplication is by a proper fraction ($x = [FORMULA]} [FORMULA]$ something, or $x = [FORMULA]}$), not a multiplication of two improper fractions. The main multiplication operation each student will perform is dividing by $[FORMULA]$, which is equivalent to multiplying by $[FORMULA]$, but only one factor is improper. Grade Alignment: The problem requires division by a fraction, which is generally above Primary 5 level in the Singapore syllabus (multiplying two fractions is introduced, but dividing by a fraction is later). | P28: 6.8668346
A29: TD | B29: Question 28 | C29: 0 | D29: 1 | E29: 0 | F29: 1 | G29: 1 | H29: 'NA | I29: 1 | J29: 'NA | K29: 1 | L29: 1 | M29: 1 | N29: 1 | O29: Primary KC Alignment: The problem involves multiplying an improper fraction (5/3) by a proper fraction (7/4), not two improper fractions as specified by the Primary Knowledge Component. Thus, it does not fully align with the intended knowledge component. | P29: 3.6790786
A30: TD | B30: Question 29 | C30: 0 | D30: 1 | E30: 1 | F30: 1 | G30: 1 | H30: 1 | I30: 1 | J30: 1 | K30: 1 | L30: 1 | M30: 1 | N30: 1 | P30: 2.2284527
A31: TD | B31: Question 30 | C31: 0 | D31: 1 | E31: 0 | F31: 1 | G31: 1 | H31: 'NA | I31: 1 | J31: 'NA | K31: 1 | L31: 1 | M31: 1 | N31: 1 | O31: Primary KC Alignment: The question involves multiplying 0.875 (a decimal with 3 decimal places) by 300. However, 300 is not a multiple of 10, 100, or 1000, which is specifically required in the intended primary knowledge component. The operation involves multiplying by 300, which is not directly assessed by the intended KC, as it introduces complexity outside the direct scope of multiplying decimals by 10, 100, 1000, or their multiples. | P31: 3.0781369
A32: TD | B32: Question 31 | C32: 0 | D32: 1 | E32: 0 | F32: 1 | G32: 1 | H32: 'NA | I32: 1 | J32: 'NA | K32: 1 | L32: 1 | M32: 1 | N32: 1 | O32: Primary KC Alignment (0): The multiplication in this problem requires multiplying 0.125 (a decimal up to 3 decimal places) by 400. However, this is not strictly an example of multiplying a decimal by 10, 100, 1000, or their multiples; rather it is multiplication by another whole number (400). According to the intended KC, the focus should be on multiplying decimals explicitly by 10/100/1000/multiples thereof (like 0.125 x 100, 0.125 x 1000, or 0.219 x 3000, etc.). Here, the multiplication is by an arbitrary number, not just by those particular multiples. | P32: 3.1236057
A33: TD | B33: Question 32 | C33: 0 | D33: 1 | E33: 0 | F33: 1 | G33: 1 | H33: 'NA | I33: 1 | J33: 'NA | K33: 1 | L33: 1 | M33: 1 | N33: 1 | O33: Primary KC alignment (0): The intended primary KC is dividing decimals (up to 3 decimal places) by 10, 100, 1000, and their multiples. In this problem, 127.850 ÷ 7 is not division by 10, 100, 1000 or their multiples; '7' is not a multiple of 10, 100, or 1000. This requires general decimal division, which falls outside the stated KC. | P33: 5.3788977
A34: TD | B34: Question 33 | C34: 0 | D34: 0 | E34: 'NA | F34: 'NA | G34: 'NA | H34: 'NA | I34: 'NA | J34: 'NA | K34: 'NA | L34: 'NA | M34: 'NA | N34: 'NA | O34: answerability: There is a contradiction between the lap times and the stated total distance: swimming 4 laps with only 4 times provided for a total of 40,000 meters is unrealistic (implies each lap is 10,000 m, which doesn't match standard swimming and is not stated), so the numbers do not logically connect. primary_kc_alignment: The division required is not dividing by a multiple of 10, 100, or 1000, but by 400, which does not align with the intended division KC. grade_alignment: The division asked (by 400) is beyond dividing by 10, 100, 1000 and their multiples as specified in the Primary 5 syllabus. real_world_feasibility: 4 laps totaling 40,000 meters is unrealistic for swimming training; swimming pools are not this long for single laps; times are inconsistent with this distance. synergy: The lap times are not used correctly to compute total time for 40,000 meters; ambiguity in how laps connect to the stated total distance. conciseness_and_relevance: There is irrelevant or misleading information: the number and times for laps do not correspond numerically to the total reported distance of 40,000 meters, leading to irrelevance. | P34: 3.9792588
A35: TD | B35: Question 34 | C35: 0 | D35: 1 | E35: 1 | F35: 1 | G35: 1 | H35: 1 | I35: 1 | J35: 1 | K35: 1 | L35: 1 | M35: 1 | N35: 1 | P35: 1.7313366
A36: TD | B36: Question 35 | C36: 0 | D36: 1 | E36: 1 | F36: 1 | G36: 1 | H36: 1 | I36: 1 | J36: 1 | K36: 1 | L36: 1 | M36: 1 | N36: 1 | P36: 1.455498
A37: TD | B37: Question 36 | C37: 0 | D37: 1 | E37: 1 | F37: 1 | G37: 1 | H37: 1 | I37: 1 | J37: 1 | K37: 1 | L37: 1 | M37: 1 | N37: 1 | P37: 1.9025593
A38: TD | B38: Question 37 | C38: 0 | D38: 1 | E38: 1 | F38: 1 | G38: 1 | H38: 1 | I38: 1 | J38: 1 | K38: 1 | L38: 1 | M38: 1 | N38: 1 | P38: 1.5655541
A39: TD | B39: Question 38 | C39: 0 | D39: 1 | E39: 1 | F39: 1 | G39: 1 | H39: 1 | I39: 1 | J39: 1 | K39: 1 | L39: 1 | M39: 1 | N39: 1 | P39: 2.1852982
A40: TD | B40: Question 39 | C40: 0 | D40: 1 | E40: 1 | F40: 1 | G40: 1 | H40: 1 | I40: 0 | J40: 1 | K40: 1 | L40: 1 | M40: 1 | N40: 1 | O40: G. The phrase 'divide the remaining practice time equally among the next 2/3 of the week' is somewhat unrealistic, because it is not common to split an uneven number of hours over a fraction (2/3) of a week as exact daily practice, unless the number of days is provided or it's specified whether practice happens every day. Without knowing how many days Sarah plans to practice in that '2/3 of the week,' real-world planning would typically specify the specific days or simply use the number of days, not a fractional week. This makes the context for dividing her time implausible in typical musical practice settings. | P40: 2.9366915
A41: TD | B41: Question 40 | C41: 0 | D41: 1 | E41: 1 | F41: 1 | G41: 1 | H41: 1 | I41: 1 | J41: 1 | K41: 1 | L41: 1 | M41: 1 | N41: 1 | P41: 1.558944
A42: TD | B42: Question 41 | C42: 0 | D42: 1 | E42: 1 | F42: 1 | G42: 1 | H42: 1 | I42: 1 | J42: 1 | K42: 1 | L42: 1 | M42: 1 | N42: 1 | P42: 2.2421999
A43: TD | B43: Question 42 | C43: 0 | D43: 1 | E43: 1 | F43: 1 | G43: 1 | H43: 1 | I43: 1 | J43: 1 | K43: 1 | L43: 1 | M43: 1 | N43: 1 | P43: 2.138346
A44: TD | B44: Question 43 | C44: 0 | D44: 1 | E44: 1 | F44: 0 | G44: 1 | H44: 1 | I44: 1 | J44: 'NA | K44: 1 | L44: 1 | M44: 1 | N44: 1 | O44: secondary_kc_alignment: The word problem does not require addition of whole numbers to solve for the ratio, as all required quantities are given directly. synergy: Only the ratio knowledge is needed; addition is not needed or used, so the primary and secondary KCs are not used in tandem. | P44: 2.2701728
A45: TD | B45: Question 44 | C45: 0 | D45: 1 | E45: 1 | F45: 1 | G45: 1 | H45: 1 | I45: 1 | J45: 1 | K45: 1 | L45: 1 | M45: 1 | N45: 1 | P45: 3.5798748
A46: TD | B46: Question 45 | C46: 0 | D46: 1 | E46: 1 | F46: 1 | G46: 1 | H46: 1 | I46: 1 | J46: 1 | K46: 1 | L46: 1 | M46: 1 | N46: 1 | P46: 12.406256
A47: TD | B47: Question 46 | C47: 0 | D47: 1 | E47: 1 | F47: 1 | G47: 1 | H47: 1 | I47: 1 | J47: 1 | K47: 1 | L47: 1 | M47: 1 | N47: 1 | P47: 4.1025503
A48: TD | B48: Question 47 | C48: 0 | D48: 1 | E48: 1 | F48: 1 | G48: 1 | H48: 1 | I48: 1 | J48: 1 | K48: 1 | L48: 1 | M48: 1 | N48: 1 | P48: 1.7840221
A49: TD | B49: Question 48 | C49: 0 | D49: 1 | E49: 1 | F49: 1 | G49: 1 | H49: 1 | I49: 1 | J49: 1 | K49: 1 | L49: 1 | M49: 1 | N49: 1 | P49: 6.4482267
A50: TD | B50: Question 49 | C50: 0 | D50: 1 | E50: 1 | F50: 1 | G50: 1 | H50: 1 | I50: 1 | J50: 1 | K50: 1 | L50: 1 | M50: 1 | N50: 1 | P50: 3.6746256
A51: Minh | B51: Question 1 | C51: 0 | D51: 1 | E51: 1 | F51: 1 | G51: 1 | H51: 1 | I51: 1 | J51: 1 | K51: 1 | L51: 1 | M51: 1 | N51: 1 | P51: 8.6588881
A52: Minh | B52: Question 2 | C52: 0 | D52: 0 | E52: 'NA | F52: 'NA | G52: 'NA | H52: 'NA | I52: 'NA | J52: 'NA | K52: 'NA | L52: 'NA | M52: 'NA | N52: 'NA | O52: answerability: The number 847 is a 3-digit number, but dividing it by 6 results in an answer that requires dividing a 3-digit number by a 1-digit number, which aligns with the primary KC. However, the last question ('What is the total number of students that will participate in the talent show?') is ambiguous: does it mean all 847, or just those in complete groups? The question wording is unclear because without explanation, a student may misunderstand whether to add or exclude the remainder. primary_kc_alignment: The problem asks for dividing a 3-digit number (847) by 1 digit (6), but 847 is actually NOT a 3-digit number in Primary 3 Singapore Math, as syllabus typically limits divisors to 4, 5, 6, 7, 8, or 9 for up to numbers around 800 or 900, but 847 divided by 6 requires dealing with a remainder and understanding larger division facts, which can be considered challenging for Grade 3 and would often be avoided for numbers near the upper bound. secondary_kc_alignment: There is no need for addition in answering any part of the problem, since forming groups and calculating the remainder from division is all that is needed; there is no instruction to add groupings or remainders together. grade_alignment: The number 847 is a big number for Primary 3 division by 6; it is at the boundary or just outside the typical P3 level (which normally focuses on smaller dividends for division with remainder), so it may be too advanced for most P3 students. synergy: There is no direct synergy between division and addition, because the problem can be solved entirely through division and remainder; addition is not required for the solution. | P52: 8.5021639
A53: Minh | B53: Question 3 | C53: 0 | D53: 1 | E53: 1 | F53: 1 | G53: 1 | H53: 1 | I53: 1 | J53: 1 | K53: 1 | L53: 1 | M53: 1 | N53: 1 | P53: 1.5627401
A54: Minh | B54: Question 4 | C54: 0 | D54: 1 | E54: 1 | F54: 1 | G54: 1 | H54: 1 | I54: 1 | J54: 0 | K54: 1 | L54: 1 | M54: 1 | N54: 1 | O54: synergy: The division (276 ÷ 4) is not actually required to answer the final question (total basketballs after the donation). The two operations (division and addition) are not used in tandem; the answer only requires adding 48 to 276. Therefore, the problem does not integrate both knowledge components synergistically. | P54: 2.1727142
A55: Minh | B55: Question 5 | C55: 0 | D55: 1 | E55: 0 | F55: 1 | G55: 1 | H55: 'NA | I55: 1 | J55: 'NA | K55: 1 | L55: 1 | M55: 1 | N55: 1 | O55: primary_kc_alignment: The division required is 816 / 6, where 816 is a 3-digit number and 6 is a 1-digit number. However, the problem starts with 864 sheets, requiring subtraction first (864 - 48 = 816) before division, meaning the student never actually divides a 3-digit number directly from the context, which may be less clear for aligning with the intention of direct division practice. grade_alignment: The numbers involved exceed standard Primary 3 expectations, as division of a 3-digit number by a 1-digit number is typically introduced in or after Primary 3, making it borderline for Primary 3 level. | P55: 7.3465266
A56: Minh | B56: Question 6 | C56: 0 | D56: 1 | E56: 1 | F56: 1 | G56: 1 | H56: 0 | I56: 1 | J56: 1 | K56: 1 | L56: 1 | M56: 1 | N56: 1 | O56: Grade Alignment: The first calculation requires dividing 432 (a 3-digit number) by 6 (a 1-digit number), which aligns with the intended Primary KC and is within Primary 3 syllabus. However, the second step involves determining the number of practice sessions using 72 (result from the first division) divided by 4. This is straightforward, but nowhere is multiplication strictly needed to solve this problem, only division. Additionally, the difficulty and the abstraction in managing 3-digit numbers might be slightly advanced for the average Primary 3 student, depending on exact Singapore curriculum pacing. | P56: 2.9464259
A57: Minh | B57: Question 7 | C57: 0 | D57: 1 | E57: 1 | F57: 1 | G57: 1 | H57: 1 | I57: 1 | J57: 1 | K57: 1 | L57: 1 | M57: 1 | N57: 1 | P57: 12.918407
A58: Minh | B58: Question 8 | C58: 0 | D58: 1 | E58: 1 | F58: 1 | G58: 1 | H58: 1 | I58: 1 | J58: 1 | K58: 1 | L58: 1 | M58: 1 | N58: 1 | P58: 1.7027104
A59: Minh | B59: Question 9 | C59: 0 | D59: 1 | E59: 1 | F59: 1 | G59: 1 | H59: 1 | I59: 1 | J59: 1 | K59: 1 | L59: 1 | M59: 1 | N59: 1 | P59: 1.962976
A60: Minh | B60: Question 10 | C60: 0 | D60: 1 | E60: 1 | F60: 1 | G60: 1 | H60: 1 | I60: 0 | J60: 1 | K60: 1 | L60: 1 | M60: 1 | N60: 1 | O60: g) Real-world feasibility: It is highly unrealistic for primary schools to bring as many as 2,856, 1,944, and 3,528 students to a badminton tournament, considering actual primary school enrollment numbers and event logistics. This number of participants does not reflect a plausible real-world scenario for such an event. | P60: 5.5764163
A61: Minh | B61: Question 11 | C61: 0 | D61: 1 | E61: 1 | F61: 1 | G61: 1 | H61: 1 | I61: 1 | J61: 1 | K61: 1 | L61: 1 | M61: 1 | N61: 1 | P61: 3.5276198
A62: Minh | B62: Question 12 | C62: 0 | D62: 1 | E62: 1 | F62: 1 | G62: 1 | H62: 1 | I62: 1 | J62: 1 | K62: 1 | L62: 1 | M62: 1 | N62: 1 | P62: 2.0380561
A63: Minh | B63: Question 13 | C63: 0 | D63: 1 | E63: 1 | F63: 1 | G63: 1 | H63: 1 | I63: 1 | J63: 1 | K63: 1 | L63: 1 | M63: 1 | N63: 1 | P63: 1.6348145
A64: Minh | B64: Question 14 | C64: 0 | D64: 1 | E64: 1 | F64: 1 | G64: 1 | H64: 1 | I64: 1 | J64: 1 | K64: 1 | L64: 1 | M64: 1 | N64: 1 | P64: 2.2735012
A65: Minh | B65: Question 15 | C65: 0 | D65: 1 | E65: 0 | F65: 1 | G65: 1 | H65: 'NA | I65: 1 | J65: 'NA | K65: 1 | L65: 1 | M65: 1 | N65: 1 | O65: Primary KC (Addition of decimals up to 2 decimal places) not fully aligned: The number 3.126 km stretches into 3 decimal places, while the intended KC restricts decimal addition to 2 decimal places, making the computation slightly more difficult than intended. Grade Alignment: Primary 4 expectations generally do not include working with 3 decimal places, so this is above their level. | P65: 9.7180941
A66: Minh | B66: Question 16 | C66: 0 | D66: 1 | E66: 1 | F66: 1 | G66: 1 | H66: 1 | I66: 1 | J66: 1 | K66: 1 | L66: 1 | M66: 1 | N66: 1 | P66: 1.4644783
A67: Minh | B67: Question 17 | C67: 0 | D67: 1 | E67: 1 | F67: 1 | G67: 1 | H67: 1 | I67: 1 | J67: 1 | K67: 1 | L67: 1 | M67: 1 | N67: 1 | P67: 1.7016835
A68: Minh | B68: Question 18 | C68: 0 | D68: 1 | E68: 1 | F68: 1 | G68: 1 | H68: 1 | I68: 1 | J68: 1 | K68: 1 | L68: 1 | M68: 1 | N68: 1 | P68: 1.901907
A69: Minh | B69: Question 19 | C69: 0 | D69: 1 | E69: 1 | F69: 1 | G69: 1 | H69: 1 | I69: 1 | J69: 1 | K69: 1 | L69: 1 | M69: 1 | N69: 1 | P69: 7.3905859
A70: Minh | B70: Question 20 | C70: 0 | D70: 1 | E70: 1 | F70: 1 | G70: 1 | H70: 1 | I70: 1 | J70: 1 | K70: 1 | L70: 1 | M70: 1 | N70: 1 | P70: 1.8870597
A71: Minh | B71: Question 21 | C71: 0 | D71: 1 | E71: 1 | F71: 1 | G71: 1 | H71: 1 | I71: 1 | J71: 1 | K71: 1 | L71: 1 | M71: 1 | N71: 1 | P71: 1.8431611
A72: Minh | B72: Question 22 | C72: 0 | D72: 1 | E72: 1 | F72: 1 | G72: 1 | H72: 1 | I72: 1 | J72: 1 | K72: 1 | L72: 1 | M72: 1 | N72: 1 | P72: 2.7833102
A73: Minh | B73: Question 23 | C73: 0 | D73: 1 | E73: 1 | F73: 1 | G73: 1 | H73: 1 | I73: 1 | J73: 1 | K73: 1 | L73: 1 | M73: 1 | N73: 1 | P73: 8.9862733
A74: Minh | B74: Question 24 | C74: 0 | D74: 1 | E74: 1 | F74: 1 | G74: 1 | H74: 1 | I74: 1 | J74: 1 | K74: 1 | L74: 1 | M74: 1 | N74: 1 | P74: 1.9884996
A75: Minh | B75: Question 25 | C75: 0 | D75: 1 | E75: 1 | F75: 1 | G75: 1 | H75: 1 | I75: 1 | J75: 1 | K75: 1 | L75: 1 | M75: 1 | N75: 1 | P75: 2.1776185
A76: Minh | B76: Question 26 | C76: 0 | D76: 1 | E76: 1 | F76: 1 | G76: 1 | H76: 1 | I76: 1 | J76: 1 | K76: 1 | L76: 1 | M76: 1 | N76: 1 | P76: 1.4030349
A77: Minh | B77: Question 27 | C77: 0 | D77: 1 | E77: 0 | F77: 1 | G77: 1 | H77: 'NA | I77: 1 | J77: 'NA | K77: 1 | L77: 1 | M77: 1 | N77: 1 | O77: Primary KC Alignment: The problem requires multiplying 23.456 by 30. However, multiplying a decimal by 30 is not strictly in line with the primary KC, which specifies multiplying by 10, 100, 1000, or their multiples (which generally refers to multiples of those base-10 numbers, e.g., 20, 200). 30 is not a direct base-10 multiple, so the multiplication here is not strictly within the KC stated. Grade Alignment: In Primary 5 Singapore math, multiplying decimals by 10, 100, or 1000 is required, but multiplying decimals by 2-digit numbers like 30 is usually reserved for a higher grade or for advanced students. Thus, the difficulty may not be fully aligned to standard Primary 5 expectations. | P77: 3.0420992
A78: Minh | B78: Question 28 | C78: 0 | D78: 1 | E78: 0 | F78: 1 | G78: 1 | H78: 'NA | I78: 1 | J78: 'NA | K78: 1 | L78: 1 | M78: 1 | N78: 1 | O78: Primary KC alignment (0): The problem requires dividing 142.8 by 60. According to the intended KC, division should only be by 10, 100, 1000, or their multiples, but 60 is not such a multiple. This exceeds the specified knowledge component. Grade alignment (0): Because the operation involves dividing a decimal by 60, which is not a KC expected of Primary 5 per the Singapore syllabus, this makes it unsuitable for the specified grade. | P78: 5.3612864
A79: Minh | B79: Question 29 | C79: 0 | D79: 1 | E79: 1 | F79: 1 | G79: 1 | H79: 1 | I79: 1 | J79: 1 | K79: 1 | L79: 1 | M79: 1 | N79: 1 | P79: 1.5247898
A80: Minh | B80: Question 30 | C80: 0 | D80: 1 | E80: 1 | F80: 1 | G80: 1 | H80: 1 | I80: 1 | J80: 1 | K80: 1 | L80: 1 | M80: 1 | N80: 1 | P80: 1.829536
A81: Minh | B81: Question 31 | C81: 0 | D81: 1 | E81: 1 | F81: 0 | G81: 1 | H81: 1 | I81: 1 | J81: 'NA | K81: 1 | L81: 1 | M81: 1 | N81: 1 | O81: Secondary KC is DECIMALS | Conversion to larger units | converting a measurement from a smaller unit to a larger unit in decimal form, which requires converting between, for example, meters and kilometers after calculation. In this problem, you are given the rate in km/min and duration in minutes, so the product gives kilometers. The question asks for meters, which means conversion from kilometers (larger unit) to meters (smaller unit), not the other way around. Therefore, the intended secondary knowledge component is not strictly satisfied. For Synergy, both components are supposed to be necessary in tandem. Here, the student only has to convert from kilometers to meters after multiplying rate and time; the core complexity is not heightened by a meaningful combination of Rate and the intended Conversion to a larger unit in decimal form. | P81: 4.711586
A82: Minh | B82: Question 32 | C82: 0 | D82: 1 | E82: 1 | F82: 0 | G82: 1 | H82: 1 | I82: 1 | J82: 'NA | K82: 1 | L82: 1 | M82: 1 | N82: 1 | O82: Secondary Knowledge Component (DECIMALS | Conversion to smaller units) is not needed to solve the problem as no conversion between units is required; the units given (laps, minutes) are sufficiently aligned and used directly. Synergy is rated 0 since the solution only uses the primary KC and does not require the secondary KC; there is no need to integrate both to find the answer. | P82: 2.6951263
A83: Minh | B83: Question 33 | C83: 0 | D83: 1 | E83: 1 | F83: 1 | G83: 1 | H83: 1 | I83: 1 | J83: 1 | K83: 1 | L83: 1 | M83: 1 | N83: 1 | P83: 2.1333265
A84: Minh | B84: Question 34 | C84: 0 | D84: 1 | E84: 1 | F84: 1 | G84: 1 | H84: 1 | I84: 1 | J84: 1 | K84: 1 | L84: 1 | M84: 1 | N84: 1 | P84: 1.6710608
A85: Minh | B85: Question 35 | C85: 0 | D85: 1 | E85: 1 | F85: 1 | G85: 1 | H85: 1 | I85: 1 | J85: 1 | K85: 1 | L85: 1 | M85: 1 | N85: 1 | P85: 6.4638658
A86: Minh | B86: Question 36 | C86: 0 | D86: 1 | E86: 1 | F86: 1 | G86: 1 | H86: 1 | I86: 1 | J86: 1 | K86: 1 | L86: 1 | M86: 1 | N86: 1 | P86: 1.5276902
A87: Minh | B87: Question 37 | C87: 0 | D87: 1 | E87: 1 | F87: 1 | G87: 1 | H87: 1 | I87: 1 | J87: 1 | K87: 1 | L87: 1 | M87: 1 | N87: 1 | P87: 1.5271943
A88: Minh | B88: Question 38 | C88: 0 | D88: 1 | E88: 1 | F88: 1 | G88: 1 | H88: 1 | I88: 1 | J88: 1 | K88: 1 | L88: 1 | M88: 1 | N88: 1 | P88: 1.8294694
A89: Minh | B89: Question 39 | C89: 0 | D89: 1 | E89: 1 | F89: 1 | G89: 1 | H89: 1 | I89: 1 | J89: 1 | K89: 1 | L89: 1 | M89: 1 | N89: 1 | P89: 1.7393193
A90: Minh | B90: Question 40 | C90: 0 | D90: 1 | E90: 1 | F90: 1 | G90: 1 | H90: 1 | I90: 1 | J90: 1 | K90: 1 | L90: 1 | M90: 1 | N90: 1 | P90: 1.996285
A91: Minh | B91: Question 41 | C91: 0 | D91: 1 | E91: 1 | F91: 1 | G91: 1 | H91: 1 | I91: 1 | J91: 1 | K91: 1 | L91: 1 | M91: 1 | N91: 1 | P91: 1.570827
A92: Minh | B92: Question 42 | C92: 0 | D92: 1 | E92: 1 | F92: 1 | G92: 1 | H92: 1 | I92: 1 | J92: 1 | K92: 1 | L92: 1 | M92: 1 | N92: 1 | P92: 1.4607697
A93: Minh | B93: Question 43 | C93: 0 | D93: 1 | E93: 1 | F93: 1 | G93: 1 | H93: 1 | I93: 1 | J93: 1 | K93: 1 | L93: 1 | M93: 1 | N93: 1 | P93: 1.5772676
A94: Minh | B94: Question 44 | C94: 0 | D94: 1 | E94: 1 | F94: 1 | G94: 1 | H94: 1 | I94: 1 | J94: 1 | K94: 1 | L94: 1 | M94: 1 | N94: 1 | P94: 1.4146535
... A106: Minh | B106: Question 56 | C106: 0 | D106: 1 | E106: 1 | F106: 1 | G106: 1 | H106: 1 | I106: 1 | J106: 1 | K106: 1 | L106: 1 | M106: 1 | N106: 1 | P106: 1.3482516
A107: Minh | B107: Question 57 | C107: 0 | D107: 1 | E107: 1 | F107: 1 | G107: 1 | H107: 1 | I107: 0 | J107: 1 | K107: 1 | L107: 1 | M107: 1 | N107: 1 | O107: G: The scenario describes the sound intensity following an exact pattern of I_0 * 2^{-2x} with 'x being the distance factor', but does not clarify what 'distance factor' means in this context or establish that 'x' is directly proportional to the distance in meters (i.e., x = d/2 or similar). In real-world physics, sound intensity decay is typically modeled with distance squared or inverse square law, not with arbitrary exponents of form 2^{-2x}, so the mathematical law given does not plausibly represent actual sound propagation. This presents an unrealistic mathematical model for the stated real-world context. | P107: 3.4873264
A108: Minh | B108: Question 58 | C108: 0 | D108: 1 | E108: 1 | F108: 1 | G108: 1 | H108: 1 | I108: 1 | J108: 1 | K108: 1 | L108: 1 | M108: 1 | N108: 1 | P108: 1.5932095
A109: Minh | B109: Question 59 | C109: 0 | D109: 1 | E109: 1 | F109: 1 | G109: 1 | H109: 1 | I109: 1 | J109: 1 | K109: 1 | L109: 1 | M109: 1 | N109: 1 | P109: 1.6297357
A110: Minh | B110: Question 60 | C110: 0 | D110: 0 | E110: 'NA | F110: 'NA | G110: 'NA | H110: 'NA | I110: 'NA | J110: 'NA | K110: 'NA | L110: 'NA | M110: 'NA | N110: 'NA | O110: answerability: There is a mismatch in how the matrices are defined and how they should be multiplied: matrix A is 3x3 with game types as rows and skill levels as columns; matrix B is 3x2, but rows are said to be skill levels, not games, and columns are rounds, making the multiplication A x B (3x3) x (3x2) possible only if game types and skill levels are aligned identically in both matrices. The statement mixes up what rows and columns represent, leading to ambiguity and making correct multiplication unclear. secondary_kc_alignment: Due to the misalignment, true matrix multiplication as intended is not clearly supported by the information given. synergy: Since the roles of rows/columns do not match, matrix multiplication is not feasibly used in tandem with scalar multiplication as intended. clarity: The description of which axes (rows/columns) represent what in each matrix is inconsistent, causing confusion. conciseness_and_relevance: Too much explanation is used on what each row/column represents, but ultimately due to structural inconsistency, some information does not aid in solving the problem, and unnecessary confusion is added. | P110: 4.5915732
A111: Minh | B111: Question 61 | C111: 0 | D111: 1 | E111: 1 | F111: 1 | G111: 1 | H111: 1 | I111: 1 | J111: 1 | K111: 1 | L111: 1 | M111: 1 | N111: 1 | P111: 1.6165745
...

Sheet recreation_claude_v2_2
A1: Evaluator | B1: Question | C1: status | D1: answerability | E1: primary_kc_alignment | F1: secondary_kc_alignment | G1: topic_alignment | H1: grade_alignment | I1: real_world_feasibility | J1: synergy | K1: clarity | L1: conciseness_and_relevance | M1: language_quality | N1: content_appropriateness | O1: explanation | P1: response_time
A2: TD | B2: Question 1 | C2: 0 | D2: 1 | E2: 1 | F2: 1 | G2: 1 | H2: 1 | I2: 1 | J2: 1 | K2: 1 | L2: 1 | M2: 1 | N2: 1 | P2: 2.5259118
A3: TD | B3: Question 2 | C3: 0 | D3: 1 | E3: 1 | F3: 1 | G3: 1 | H3: 1 | I3: 1 | J3: 1 | K3: 1 | L3: 1 | M3: 1 | N3: 1 | P3: 1.4977081
A4: TD | B4: Question 3 | C4: 0 | D4: 1 | E4: 1 | F4: 1 | G4: 1 | H4: 1 | I4: 1 | J4: 1 | K4: 1 | L4: 1 | M4: 1 | N4: 1 | P4: 1.4947557
A5: TD | B5: Question 4 | C5: 0 | D5: 1 | E5: 0 | F5: 1 | G5: 1 | H5: 'NA | I5: 1 | J5: 'NA | K5: 1 | L5: 1 | M5: 1 | N5: 1 | O5: Primary KC Alignment (0): Multiplying whole numbers up to 3 digits by 1 digit is expected, but Lisa's case (235 x 2) is a 3-digit by 1-digit multiplication, which is appropriate. However, Tom's album (148 x 3) also fits. Sarah's (126 x 4) pushes students to multiply a 3-digit by 1-digit, which is at the upper limit for Primary 3, but acceptable. However, since all numbers are at their maximum allowed for Primary 3, some students may struggle, especially since 4 is the highest one-digit multiplier given, and not the standard 3-digit by 1-digit for Primary 3 syllabus (often up to 2-digit multipliers are not standard until later). Grade Alignment (0): The numbers used here (126 x 4, 148 x 3, 235 x 2) are borderline or slightly beyond typical expectations for Primary 3, especially if there isn't scaffolding in the class for 3-digit by 1-digit multiplication. Also, asking 'Who will have the most stickers?' requires students to accurately compare 3 fairly large products, which may be challenging for the grade. | P5: 4.1077349
A6: TD | B6: Question 5 | C6: 0 | D6: 1 | E6: 1 | F6: 1 | G6: 1 | H6: 1 | I6: 1 | J6: 1 | K6: 1 | L6: 1 | M6: 1 | N6: 1 | P6: 1.6974418
A7: TD | B7: Question 6 | C7: 0 | D7: 1 | E7: 1 | F7: 1 | G7: 1 | H7: 1 | I7: 1 | J7: 1 | K7: 1 | L7: 1 | M7: 1 | N7: 1 | P7: 1.5052433
A8: TD | B8: Question 7 | C8: 0 | D8: 1 | E8: 1 | F8: 1 | G8: 1 | H8: 1 | I8: 1 | J8: 1 | K8: 1 | L8: 1 | M8: 1 | N8: 1 | P8: 1.8144212
A9: TD | B9: Question 8 | C9: 0 | D9: 1 | E9: 1 | F9: 1 | G9: 1 | H9: 1 | I9: 1 | J9: 1 | K9: 1 | L9: 1 | M9: 1 | N9: 1 | P9: 1.5413878
A10: TD | B10: Question 9 | C10: 0 | D10: 1 | E10: 1 | F10: 1 | G10: 1 | H10: 1 | I10: 1 | J10: 1 | K10: 1 | L10: 1 | M10: 1 | N10: 1 | P10: 2.0321822
A11: TD | B11: Question 10 | C11: 0 | D11: 1 | E11: 1 | F11: 1 | G11: 1 | H11: 1 | I11: 1 | J11: 1 | K11: 1 | L11: 1 | M11: 1 | N11: 1 | P11: 11.735785
A12: TD | B12: Question 11 | C12: 0 | D12: 0 | E12: 'NA | F12: 'NA | G12: 'NA | H12: 'NA | I12: 'NA | J12: 'NA | K12: 'NA | L12: 'NA | M12: 'NA | N12: 'NA | O12: answerability: (a) and (b) are inaccurate as stated, because Sarah did not complete more than one part of each challenge; she completed 2/3 of painting and 1/4 of music, which are not accumulative -- no sum of fractions is needed for Sarah in each challenge. Thus, (a) and (b) are illogical (in practice, the answer is just the single fraction itself). primary_kc_alignment: Intended primary KC is 'adding unlike fractions', but the questions only give Sarah's fractions individually. Only for (c) does addition happen, but it's cross-challenge, which is not a typical or meaningful application (adding painting + music does not have a real fraction meaning). grade_alignment: The addition of cross-activity fractions makes little sense—it's not a typical context for Primary 4 and may cause confusion. synergy: To use both KC in tandem, students should have to add unlike fractions first and then compare, but in this problem, the adding isn't necessary for parts (a) and (b), and, in (c), comparison happens between illogical sums (painting+music per person), not within a meaningful fraction context. | P12: 5.3423955
A13: TD | B13: Question 12 | C13: 0 | D13: 1 | E13: 1 | F13: 1 | G13: 1 | H13: 1 | I13: 1 | J13: 1 | K13: 1 | L13: 1 | M13: 1 | N13: 1 | P13: 1.7108648
A14: TD | B14: Question 13 | C14: 0 | D14: 1 | E14: 0 | F14: 1 | G14: 1 | H14: 'NA | I14: 1 | J14: 'NA | K14: 1 | L14: 1 | M14: 1 | N14: 1 | O14: Primary KC Alignment: The problem requires adding 1.25, 1.17, and 1.142 to find the total swimming time. However, 1.142 is a decimal with 3 decimal places, which is above the Primary KC of 'adding decimals up to 2 decimal places'. The addition expected goes beyond what is required for Primary 4 in Singapore Math, as students may not have learnt to add decimals with more than 2 decimal places at this level.Grade Alignment: The use of 3 decimal place numbers in both operations and comparisons is not consistent with Primary 4 expectations, which typically restricts students to operations and comparisons involving decimals up to 2 decimal places. | P14: 2.8777008
A15: TD | B15: Question 14 | C15: 0 | D15: 1 | E15: 1 | F15: 1 | G15: 1 | H15: 1 | I15: 1 | J15: 1 | K15: 1 | L15: 1 | M15: 1 | N15: 1 | P15: 1.7645299
A16: TD | B16: Question 15 | C16: 0 | D16: 0 | E16: 'NA | F16: 'NA | G16: 'NA | H16: 'NA | I16: 'NA | J16: 'NA | K16: 'NA | L16: 'NA | M16: 'NA | N16: 'NA | O16: answerability: The first part requires subtracting 2.486 from 3.75 and giving the answer to 2 decimal places. However, 2.486 has 3 decimal places and subtracting it from a number with only 2 decimal places will result in a number needing rounding, making the subtraction process slightly inconsistent with expectations for 2-place decimals. primary_kc_alignment: The problem requires subtraction of 2.486 (a 3-decimal-place number). The intended KC is 'subtracting decimals up to 2 decimal places'. secondary_kc_alignment: The rounding requirement in part (b) asks to round the answer from part (a), which should be given to 2DP, to the nearest whole number. However, the subtraction in (a) involves more than 2 decimal places, and the secondary KC is about rounding decimals (up to 3 decimal places) to various places, which is not exactly what's done—the (b) requirement is limited to whole number rounding, not 1 or 2 decimal places as specified. grade_alignment: Primary 4 Singapore math generally restricts decimals to 2 decimal places; 2.486 goes beyond this—and would typically not be suitable. | P16: 6.0893905
A17: TD | B17: Question 16 | C17: 0 | D17: 1 | E17: 1 | F17: 1 | G17: 1 | H17: 1 | I17: 1 | J17: 1 | K17: 1 | L17: 1 | M17: 1 | N17: 1 | P17: 13.546287
A18: TD | B18: Question 17 | C18: 0 | D18: 1 | E18: 1 | F18: 1 | G18: 1 | H18: 1 | I18: 1 | J18: 1 | K18: 1 | L18: 1 | M18: 1 | N18: 1 | P18: 1.4348078
A19: TD | B19: Question 18 | C19: 0 | D19: 1 | E19: 1 | F19: 1 | G19: 1 | H19: 1 | I19: 1 | J19: 1 | K19: 1 | L19: 1 | M19: 1 | N19: 1 | P19: 1.5422175
A20: TD | B20: Question 19 | C20: 0 | D20: 1 | E20: 1 | F20: 1 | G20: 1 | H20: 1 | I20: 1 | J20: 1 | K20: 1 | L20: 1 | M20: 1 | N20: 1 | P20: 1.8990397
A21: TD | B21: Question 20 | C21: 0 | D21: 1 | E21: 1 | F21: 1 | G21: 1 | H21: 1 | I21: 1 | J21: 1 | K21: 1 | L21: 1 | M21: 1 | N21: 1 | P21: 1.5227988
A22: TD | B22: Question 21 | C22: 0 | D22: 1 | E22: 1 | F22: 1 | G22: 1 | H22: 1 | I22: 1 | J22: 1 | K22: 1 | L22: 1 | M22: 1 | N22: 1 | P22: 1.3963368
A23: TD | B23: Question 22 | C23: 0 | D23: 1 | E23: 1 | F23: 0 | G23: 1 | H23: 1 | I23: 1 | J23: 'NA | K23: 1 | L23: 1 | M23: 1 | N23: 1 | O23: secondary_kc_alignment: The comparison required in the problem is of two whole numbers (distances run by Sarah and Tom, both will convert to decimals or mixed numbers), not fractions directly, so the intended secondary KC of 'comparing and ordering fractions' is not fully engaged. synergy: Solving for distance requires multiplying mixed numbers and whole numbers, but the comparison step (who ran farther, and by how much) does not necessitate any special use of comparing or ordering fractions—it's just comparing their computed results, which may be decimals or mixed numbers, not fractions in a meaningful way. | P23: 3.4966369
A24: TD | B24: Question 23 | C24: 0 | D24: 1 | E24: 1 | F24: 1 | G24: 1 | H24: 1 | I24: 1 | J24: 1 | K24: 1 | L24: 1 | M24: 1 | N24: 1 | P24: 5.8981543
A25: TD | B25: Question 24 | C25: 0 | D25: 1 | E25: 1 | F25: 1 | G25: 1 | H25: 1 | I25: 1 | J25: 1 | K25: 1 | L25: 1 | M25: 1 | N25: 1 | P25: 1.4486132
A26: TD | B26: Question 25 | C26: 0 | D26: 1 | E26: 1 | F26: 1 | G26: 1 | H26: 1 | I26: 1 | J26: 1 | K26: 1 | L26: 1 | M26: 1 | N26: 1 | P26: 1.8454051
A27: TD | B27: Question 26 | C27: 0 | D27: 1 | E27: 0 | F27: 1 | G27: 1 | H27: 'NA | I27: 1 | J27: 'NA | K27: 1 | L27: 1 | M27: 1 | N27: 1 | O27: A. Primary KC Alignment: The problem only requires the addition of fractions to solve all parts, not multiplication of two improper fractions as intended. There's no step in the problem where two improper fractions are multiplied together. | P27: 2.3541646
A28: TD | B28: Question 27 | C28: 0 | D28: 1 | E28: 0 | F28: 1 | G28: 1 | H28: 'NA | I28: 1 | J28: 'NA | K28: 1 | L28: 1 | M28: 1 | N28: 1 | O28: primary_kc_alignment: The problem requires dividing a fraction by another fraction (to find the planned practice time), which is conceptually related to multiplying by the reciprocal but is NOT direct multiplication of two improper fractions as a main step. Finding total practice time requires adding two fractions (morning and evening), and removing break time is subtraction (secondary KC). The division to solve for the planned time is not direct multiplication of two improper fractions as intended. | P28: 2.3805442
A29: TD | B29: Question 28 | C29: 0 | D29: 1 | E29: 1 | F29: 1 | G29: 1 | H29: 1 | I29: 1 | J29: 1 | K29: 1 | L29: 1 | M29: 1 | N29: 1 | P29: 1.8217058
A30: TD | B30: Question 29 | C30: 0 | D30: 1 | E30: 1 | F30: 1 | G30: 1 | H30: 1 | I30: 1 | J30: 1 | K30: 1 | L30: 1 | M30: 1 | N30: 1 | P30: 1.7889144
A31: TD | B31: Question 30 | C31: 0 | D31: 1 | E31: 0 | F31: 1 | G31: 1 | H31: 'NA | I31: 1 | J31: 'NA | K31: 1 | L31: 1 | M31: 1 | N31: 1 | O31: Primary KC Alignment: The intended primary knowledge component is multiplying decimals (up to 3 decimal places) by 10, 100, 1000 and their multiples. Here, the multiplication involves 0.875 × 300. While 300 is a multiple of 100, the multiplication does not reinforce the intended concept of multiplying by powers of 10 or their immediate multiples in the context of Singapore math, as it focuses on mental strategies and place value shifts seen in, e.g., 0.875 × 100 or × 1000. Here, the problem is essentially multiplying by an arbitrary whole number (300), not specifically using multiplication by 10, 100, or 1000, or an immediate multiple that highlights the concept of shifting decimal points. | P31: 3.6130431
A32: TD | B32: Question 31 | C32: 0 | D32: 1 | E32: 0 | F32: 1 | G32: 1 | H32: 'NA | I32: 1 | J32: 'NA | K32: 1 | L32: 1 | M32: 1 | N32: 1 | O32: Primary KC (Multiplying decimals by 10/100/1000 and their multiples) is not required for the solution, as the swimming distance calculation is $0.125 [FORMULA] 400 = 50$ meters, which is general decimal multiplication, not specifically by 10/100/1000 or their multiples. The problem only requires multiplying a decimal by a whole number, not by 10, 100, 1000, or any multiple thereof. | P32: 2.8166749
A33: TD | B33: Question 32 | C33: 0 | D33: 1 | E33: 0 | F33: 1 | G33: 1 | H33: 'NA | I33: 1 | J33: 'NA | K33: 1 | L33: 1 | M33: 1 | N33: 1 | O33: Primary KC alignment = 0: The division required is 127.850 ÷ 7, but the intended Primary Knowledge Component restricts to dividing decimals by 10, 100, 1000, and their multiples, i.e., powers of ten and related numbers. Dividing by 7 does NOT align with this very specific learning outcome; dividing by a non-power-of-10 divisor (7) is not covered under the listed Primary KC. | P33: 2.5443103
A34: TD | B34: Question 33 | C34: 0 | D34: 0 | E34: 'NA | F34: 'NA | G34: 'NA | H34: 'NA | I34: 'NA | J34: 'NA | K34: 'NA | L34: 'NA | M34: 'NA | N34: 'NA | O34: answerability: - The numbers do not make sense for a typical swimming session. Swimming 40,000 meters in 10.21 minutes (sum of the laps) is unrealistic; 40,000 meters is 40 km which is an extreme ultramarathon distance. primary_kc_alignment: - The intended division is by 400 but, per the numbers, the division is not by 10, 100, 1000 or their multiples as stated in the primary KC. 400 is not a direct multiple (e.g., 100 or 1000) typically used for this alignment at Primary 5. secondary_kc_alignment: - The addition component is present, but the problematic setup makes it unclear if this achieves complexity at the right level. synergy: - The addition is not properly connected to the division step in a realistic way, making the tandem use unclear and artificial. grade_alignment: - Dealing with 3-decimal-place numbers and dividing by 400 is likely beyond typical Primary 5 expectations per Singapore syllabus, especially with contextually nonsensical values. real_world_feasibility: - The scenario in which 4 laps add up to 40,000 meters does not reflect real-world sports. conciseness_and_relevance: - The mention of 40,000 meters does not logically follow from the sum of the lap times, as distances per lap are not given. This causes confusion and unnecessary information. | P34: 4.7099633
A35: TD | B35: Question 34 | C35: 0 | D35: 1 | E35: 1 | F35: 1 | G35: 1 | H35: 1 | I35: 1 | J35: 1 | K35: 1 | L35: 1 | M35: 1 | N35: 1 | P35: 1.4767799
A36: TD | B36: Question 35 | C36: 0 | D36: 1 | E36: 1 | F36: 1 | G36: 1 | H36: 1 | I36: 0 | J36: 1 | K36: 1 | L36: 1 | M36: 1 | N36: 1 | O36: G: The elimination of 15 players from each team (with 8 teams) results in 120 players eliminated. Given 240 participants, this means half are eliminated in the first round, which is abnormally high and not typical in a realistic sports event, making the scenario implausible for a real basketball tournament format. | P36: 3.2632136
A37: TD | B37: Question 36 | C37: 0 | D37: 1 | E37: 1 | F37: 1 | G37: 1 | H37: 1 | I37: 1 | J37: 1 | K37: 1 | L37: 1 | M37: 1 | N37: 1 | P37: 1.7352252
A38: TD | B38: Question 37 | C38: 0 | D38: 1 | E38: 1 | F38: 1 | G38: 1 | H38: 1 | I38: 1 | J38: 1 | K38: 1 | L38: 1 | M38: 1 | N38: 1 | P38: 1.5427752
A39: TD | B39: Question 38 | C39: 0 | D39: 1 | E39: 1 | F39: 1 | G39: 1 | H39: 1 | I39: 1 | J39: 1 | K39: 1 | L39: 1 | M39: 1 | N39: 1 | P39: 1.4446223
A40: TD | B40: Question 39 | C40: 0 | D40: 1 | E40: 1 | F40: 1 | G40: 1 | H40: 1 | I40: 1 | J40: 1 | K40: 1 | L40: 1 | M40: 1 | N40: 1 | P40: 1.753119
A41: TD | B41: Question 40 | C41: 0 | D41: 0 | E41: 'NA | F41: 'NA | G41: 'NA | H41: 'NA | I41: 'NA | J41: 'NA | K41: 'NA | L41: 'NA | M41: 'NA | N41: 'NA | O41: answerability: The problem does not specify what her total practice time for today is, so the actual number of sessions cannot be determined. primary_kc_alignment: The problem requires dividing a fraction by a fraction, but since the total practice time is unspecified, the primary objective is not achievable. secondary_kc_alignment: The problem asks for a decimal answer, but since the primary operation cannot be completed, the full decimal conversion step cannot be meaningfully executed. grade_alignment: Problem cannot be solved as intended, so not aligned for the grade. real_world_feasibility: It is not plausible without the total practice time. synergy: Both KCs cannot be used together meaningfully here as the operation cannot be completed. clarity: The problem is ambiguous due to missing information. conciseness_and_relevance: The information about 'total practice time' is crucial but missing; current information is not sufficient for solution. | P41: 3.1152806
A42: TD | B42: Question 41 | C42: 0 | D42: 1 | E42: 1 | F42: 1 | G42: 1 | H42: 1 | I42: 1 | J42: 1 | K42: 1 | L42: 1 | M42: 1 | N42: 1 | P42: 1.746141
A43: TD | B43: Question 42 | C43: 0 | D43: 1 | E43: 1 | F43: 1 | G43: 1 | H43: 1 | I43: 1 | J43: 1 | K43: 1 | L43: 1 | M43: 1 | N43: 1 | P43: 1.3245997
A44: TD | B44: Question 43 | C44: 0 | D44: 1 | E44: 1 | F44: 0 | G44: 1 | H44: 1 | I44: 1 | J44: 'NA | K44: 1 | L44: 1 | M44: 1 | N44: 1 | O44: Secondary Knowledge Component (Addition of whole numbers) is not required, as the problem only requires using the given numbers to write a ratio and simplify; there is no need to add the points. Synergy is lost because only the primary knowledge component (ratio) is used for finding the answer; the secondary knowledge component is not part of the solution process. | P44: 2.7453029
A45: TD | B45: Question 44 | C45: 0 | D45: 1 | E45: 1 | F45: 1 | G45: 1 | H45: 0 | I45: 1 | J45: 1 | K45: 1 | L45: 1 | M45: 1 | N45: 1 | O45: Grade Alignment = 0: The structure and phrasing of translating the contextual relationships into variable equations and solving are more closely aligned with Secondary 1 (Grade 7) algebra expectations in Singapore, as the problem requires forming and solving an equation with three terms and interpreting a variable. Primary 6 algebra exposure is generally more limited in complexity. | P45: 2.1433561
A46: TD | B46: Question 45 | C46: 0 | D46: 1 | E46: 1 | F46: 1 | G46: 1 | H46: 1 | I46: 1 | J46: 1 | K46: 1 | L46: 1 | M46: 1 | N46: 1 | P46: 6.0220621
A47: TD | B47: Question 46 | C47: 0 | D47: 1 | E47: 1 | F47: 1 | G47: 1 | H47: 1 | I47: 1 | J47: 1 | K47: 1 | L47: 1 | M47: 1 | N47: 1 | P47: 2.0281534
A48: TD | B48: Question 47 | C48: 0 | D48: 1 | E48: 1 | F48: 1 | G48: 1 | H48: 1 | I48: 1 | J48: 1 | K48: 1 | L48: 1 | M48: 1 | N48: 1 | P48: 1.6130383
A49: TD | B49: Question 48 | C49: 0 | D49: 1 | E49: 1 | F49: 1 | G49: 1 | H49: 1 | I49: 1 | J49: 1 | K49: 1 | L49: 1 | M49: 1 | N49: 1 | P49: 1.4654658
A50: TD | B50: Question 49 | C50: 0 | D50: 1 | E50: 1 | F50: 1 | G50: 1 | H50: 1 | I50: 1 | J50: 1 | K50: 1 | L50: 1 | M50: 1 | N50: 1 | P50: 1.5772266
A51: Minh | B51: Question 1 | C51: 0 | D51: 1 | E51: 1 | F51: 1 | G51: 1 | H51: 1 | I51: 1 | J51: 1 | K51: 1 | L51: 1 | M51: 1 | N51: 1 | P51: 1.5690329
A52: Minh | B52: Question 2 | C52: 0 | D52: 1 | E52: 0 | F52: 1 | G52: 1 | H52: 'NA | I52: 1 | J52: 'NA | K52: 1 | L52: 1 | M52: 1 | N52: 1 | O52: Primary KC: The question requires students to divide an 847 (3-digit) number by 6, but in Primary 3 Singapore Math, students are typically only expected to divide 3-digit numbers by 1-digit numbers, and 6 is valid as a 1-digit number. However, the presence of a remainder calculation and the context make this borderline but mostly acceptable for division with remainder. Grade: The total number of students is already stated in the problem (847), so the third subquestion (What is the total number of students that will participate in the talent show?) is redundant or confusing. Also, the division of 847 by 6 may be challenging for Primary 3, as they are usually given simpler divisions without large remainders and often with divisors between 2 and 5. The problem as stated may be slightly too complex for the typical Primary 3 student. | P52: 3.3539555
A53: Minh | B53: Question 3 | C53: 0 | D53: 1 | E53: 1 | F53: 1 | G53: 1 | H53: 1 | I53: 1 | J53: 1 | K53: 1 | L53: 1 | M53: 1 | N53: 1 | P53: 2.0129898
A54: Minh | B54: Question 4 | C54: 0 | D54: 1 | E54: 1 | F54: 1 | G54: 1 | H54: 1 | I54: 1 | J54: 0 | K54: 1 | L54: 1 | M54: 1 | N54: 1 | O54: Synergy: The question about the total number of basketballs after the donation does not require the student to actually perform the division of 276 by 4; the division is unnecessary information for calculating the new total. The two operations (division and addition) are not meaningfully connected, so the knowledge components are not used in tandem. | P54: 2.1772764
A55: Minh | B55: Question 5 | C55: 0 | D55: 1 | E55: 0 | F55: 1 | G55: 1 | H55: 'NA | I55: 1 | J55: 'NA | K55: 1 | L55: 1 | M55: 1 | N55: 1 | O55: Primary KC Alignment: The division required is 816 ÷ 6, where 816 (864-48) is a 3-digit number and 6 is a 1-digit number—this matches the intended KC. However, this step is only reached after subtraction is performed first, so the primary knowledge required is actually subtraction before the division, which makes this more of a two-step problem emphasizing subtraction before division, rather than division as the main idea and challenge. Also, the numbers used in the division (816 ÷ 6) do not stem directly from the initial 3-digit number, but from the result of a subtraction, diluting the focus on dividing a 3-digit number directly. Grade Alignment: The two-step structure, where subtraction with 3-digit numbers is followed by division of another 3-digit number by a 1-digit number, might go slightly beyond the typical emphasis for Primary 3, where problems tend to focus more exclusively on one operation at a time or simpler two-step scenarios. | P55: 3.8818908
A56: Minh | B56: Question 6 | C56: 0 | D56: 1 | E56: 1 | F56: 1 | G56: 1 | H56: 1 | I56: 1 | J56: 1 | K56: 1 | L56: 1 | M56: 1 | N56: 1 | P56: 1.7297459
A57: Minh | B57: Question 7 | C57: 0 | D57: 1 | E57: 1 | F57: 1 | G57: 1 | H57: 1 | I57: 1 | J57: 1 | K57: 1 | L57: 1 | M57: 1 | N57: 1 | P57: 1.6570113
A58: Minh | B58: Question 8 | C58: 0 | D58: 1 | E58: 1 | F58: 1 | G58: 1 | H58: 1 | I58: 1 | J58: 1 | K58: 1 | L58: 1 | M58: 1 | N58: 1 | P58: 1.5949736
A59: Minh | B59: Question 9 | C59: 0 | D59: 1 | E59: 1 | F59: 1 | G59: 1 | H59: 1 | I59: 1 | J59: 1 | K59: 1 | L59: 1 | M59: 1 | N59: 1 | P59: 2.1403992
A60: Minh | B60: Question 10 | C60: 0 | D60: 1 | E60: 1 | F60: 1 | G60: 1 | H60: 1 | I60: 0 | J60: 1 | K60: 1 | L60: 1 | M60: 1 | N60: 1 | O60: F: The scenario in which a primary school brings 2,856, 1,944, or 3,528 students EACH to a tournament is highly unrealistic and implausible. Primary schools rarely, if ever, have the capacity to bring thousands of students to a single event. | P60: 2.3892946
A61: Minh | B61: Question 11 | C61: 0 | D61: 1 | E61: 1 | F61: 1 | G61: 1 | H61: 1 | I61: 1 | J61: 1 | K61: 1 | L61: 1 | M61: 1 | N61: 1 | P61: 2.4812338
A62: Minh | B62: Question 12 | C62: 0 | D62: 1 | E62: 1 | F62: 1 | G62: 1 | H62: 1 | I62: 1 | J62: 1 | K62: 1 | L62: 1 | M62: 1 | N62: 1 | P62: 2.6914144
A63: Minh | B63: Question 13 | C63: 0 | D63: 1 | E63: 1 | F63: 1 | G63: 1 | H63: 1 | I63: 1 | J63: 1 | K63: 1 | L63: 1 | M63: 1 | N63: 1 | P63: 4.0878577
A64: Minh | B64: Question 14 | C64: 0 | D64: 1 | E64: 1 | F64: 1 | G64: 1 | H64: 1 | I64: 1 | J64: 1 | K64: 1 | L64: 1 | M64: 1 | N64: 1 | P64: 2.8447757
A65: Minh | B65: Question 15 | C65: 0 | D65: 1 | E65: 0 | F65: 0 | G65: 1 | H65: 'NA | I65: 1 | J65: 'NA | K65: 1 | L65: 1 | M65: 1 | N65: 1 | O65: Primary KC Alignment: The problem requires adding decimals to 3 decimal places (3.126 + 2.75 + 1.48), but Primary KC specifies adding decimals up to 2 decimal places. Therefore, it is misaligned with the intended primary KC. Secondary KC Alignment: The problem asks to round the total to 1 decimal place, but the secondary KC is about rounding decimals up to 3 decimal places to the nearest whole number, 1 decimal place, or 2 decimal places. Since all is asks for is rounding to 1 decimal place, the full scope of the secondary KC is not exercised. Synergy: The addition of decimals and rounding are not strongly interlinked - the rounding is simply a procedural step after the addition, rather than requiring both KCs in combination in a meaningful way. Grade Alignment: 3 decimal places addition (3.126 km) and subsequent rounding may be considered above the Primary 4 standard, which typically handles decimals up to 2 decimal places. | P65: 6.1443603
A66: Minh | B66: Question 16 | C66: 0 | D66: 1 | E66: 1 | F66: 1 | G66: 1 | H66: 1 | I66: 1 | J66: 1 | K66: 1 | L66: 1 | M66: 1 | N66: 1 | P66: 1.874083
A67: Minh | B67: Question 17 | C67: 0 | D67: 1 | E67: 1 | F67: 1 | G67: 1 | H67: 1 | I67: 1 | J67: 1 | K67: 1 | L67: 1 | M67: 1 | N67: 1 | P67: 1.317246
A68: Minh | B68: Question 18 | C68: 0 | D68: 1 | E68: 1 | F68: 1 | G68: 1 | H68: 1 | I68: 1 | J68: 1 | K68: 1 | L68: 1 | M68: 1 | N68: 1 | P68: 1.5298703
A69: Minh | B69: Question 19 | C69: 0 | D69: 1 | E69: 1 | F69: 1 | G69: 1 | H69: 1 | I69: 1 | J69: 1 | K69: 1 | L69: 1 | M69: 1 | N69: 1 | P69: 2.0257983
A70: Minh | B70: Question 20 | C70: 0 | D70: 1 | E70: 1 | F70: 1 | G70: 1 | H70: 1 | I70: 1 | J70: 1 | K70: 1 | L70: 1 | M70: 1 | N70: 1 | P70: 2.0563197
A71: Minh | B71: Question 21 | C71: 0 | D71: 1 | E71: 0 | F71: 1 | G71: 1 | H71: 'NA | I71: 1 | J71: 'NA | K71: 1 | L71: 1 | M71: 1 | N71: 1 | O71: A) The primary knowledge component was stated as 'multiplying a proper/improper fraction and a whole number.' In the problem, the required operation is multiplying a mixed number (2 1/4) by a proper fraction (5/6), not by a whole number. Therefore, the problem does not require multiplying a fraction by a whole number, failing full alignment with this specific knowledge component. | P71: 2.4717779
A72: Minh | B72: Question 22 | C72: 0 | D72: 1 | E72: 1 | F72: 1 | G72: 1 | H72: 1 | I72: 1 | J72: 1 | K72: 1 | L72: 1 | M72: 1 | N72: 1 | P72: 1.6849389
A73: Minh | B73: Question 23 | C73: 0 | D73: 1 | E73: 1 | F73: 1 | G73: 1 | H73: 1 | I73: 1 | J73: 1 | K73: 1 | L73: 1 | M73: 1 | N73: 1 | P73: 1.5406168
A74: Minh | B74: Question 24 | C74: 0 | D74: 1 | E74: 1 | F74: 1 | G74: 1 | H74: 1 | I74: 1 | J74: 1 | K74: 1 | L74: 1 | M74: 1 | N74: 1 | P74: 1.3099706
A75: Minh | B75: Question 25 | C75: 0 | D75: 1 | E75: 1 | F75: 1 | G75: 1 | H75: 1 | I75: 1 | J75: 1 | K75: 1 | L75: 1 | M75: 1 | N75: 1 | P75: 2.5318465
A76: Minh | B76: Question 26 | C76: 0 | D76: 1 | E76: 1 | F76: 1 | G76: 1 | H76: 1 | I76: 1 | J76: 1 | K76: 1 | L76: 1 | M76: 1 | N76: 1 | P76: 1.7359626
A77: Minh | B77: Question 27 | C77: 0 | D77: 1 | E77: 0 | F77: 1 | G77: 1 | H77: 'NA | I77: 1 | J77: 'NA | K77: 1 | L77: 1 | M77: 1 | N77: 1 | O77: Primary KC Alignment: The multiplication in this problem is 23.456 × 30, which is NOT multiplying by 10, 100, 1000 or their multiples, as 30 is not a multiple of 10, 100, or 1000. The intended KC calls for multiplication specifically by 10, 100, 1000 or their explicit multiples (e.g., 20, 300, 5000). Therefore, the problem does not fully match the intended Primary KC. | P77: 3.2829046
A78: Minh | B78: Question 28 | C78: 0 | D78: 1 | E78: 0 | F78: 1 | G78: 1 | H78: 'NA | I78: 1 | J78: 'NA | K78: 1 | L78: 1 | M78: 1 | N78: 1 | O78: Primary KC alignment: The division in the problem is 142.8 ÷ 60. The intended primary KC specifies dividing decimals (up to 3 decimal places) by 10, 100, 1000, and their multiples. 60 is not a multiple of 10, 100, or 1000, so this is a misalignment. Grade alignment: Converting 142.8 seconds to minutes by dividing by 60 and then expressing that (2.38) as an irreducible fraction requires knowledge beyond standard P5 decimal division, especially since 60 is not a base-10 number and converting a non-terminating decimal to a fraction is usually not expected at this stage. | P78: 14.893034
A79: Minh | B79: Question 29 | C79: 0 | D79: 1 | E79: 1 | F79: 1 | G79: 1 | H79: 1 | I79: 1 | J79: 1 | K79: 1 | L79: 1 | M79: 1 | N79: 1 | P79: 1.5351081
A80: Minh | B80: Question 30 | C80: 0 | D80: 1 | E80: 1 | F80: 1 | G80: 1 | H80: 1 | I80: 1 | J80: 1 | K80: 1 | L80: 1 | M80: 1 | N80: 1 | P80: 1.4542892
A81: Minh | B81: Question 31 | C81: 0 | D81: 1 | E81: 1 | F81: 0 | G81: 1 | H81: 1 | I81: 1 | J81: 'NA | K81: 1 | L81: 1 | M81: 1 | N81: 1 | O81: Secondary KC Alignment: The intended secondary knowledge component is converting from a smaller unit to a larger unit (e.g., meters to kilometers), but the word problem actually requires the opposite—converting kilometers (rate and total distance) to meters (final answer). Thus, the alignment to the specified conversion direction is missing.Synergy: The word problem only uses the rate knowledge (rate × time) and a single unit conversion (km to m); the two knowledge components are used sequentially, not in tandem—they are not sufficiently synergistic according to the definition, and the conversion is not interdependent or increasing complexity. | P81: 2.623455
A82: Minh | B82: Question 32 | C82: 0 | D82: 1 | E82: 1 | F82: 0 | G82: 1 | H82: 1 | I82: 1 | J82: 'NA | K82: 1 | L82: 1 | M82: 1 | N82: 1 | O82: Secondary KC is DECIMALS | Conversion to smaller units, but the problem only requires multiplying two decimals (the rate and duration in minutes) to get the number of laps; there is no conversion between units or to a smaller unit. Thus, the secondary knowledge component is not used. Similarly, because there is only one relevant question and solving it does not require synergy (integration) of Primary and Secondary KCs, synergy is also rated 0. | P82: 2.5193851
A83: Minh | B83: Question 33 | C83: 0 | D83: 1 | E83: 1 | F83: 1 | G83: 1 | H83: 1 | I83: 1 | J83: 1 | K83: 1 | L83: 1 | M83: 1 | N83: 1 | P83: 1.5015578
A84: Minh | B84: Question 34 | C84: 0 | D84: 1 | E84: 1 | F84: 1 | G84: 1 | H84: 1 | I84: 1 | J84: 1 | K84: 1 | L84: 1 | M84: 1 | N84: 1 | P84: 1.7035728
A85: Minh | B85: Question 35 | C85: 0 | D85: 1 | E85: 1 | F85: 1 | G85: 1 | H85: 1 | I85: 1 | J85: 1 | K85: 1 | L85: 1 | M85: 1 | N85: 1 | P85: 1.9608774
A86: Minh | B86: Question 36 | C86: 0 | D86: 1 | E86: 1 | F86: 1 | G86: 1 | H86: 1 | I86: 1 | J86: 1 | K86: 1 | L86: 1 | M86: 1 | N86: 1 | P86: 1.7699497
A87: Minh | B87: Question 37 | C87: 0 | D87: 1 | E87: 1 | F87: 1 | G87: 1 | H87: 1 | I87: 1 | J87: 1 | K87: 1 | L87: 1 | M87: 1 | N87: 1 | P87: 1.6256738
A88: Minh | B88: Question 38 | C88: 0 | D88: 1 | E88: 1 | F88: 1 | G88: 1 | H88: 1 | I88: 1 | J88: 1 | K88: 1 | L88: 1 | M88: 1 | N88: 1 | P88: 1.9603646
A89: Minh | B89: Question 39 | C89: 0 | D89: 1 | E89: 1 | F89: 1 | G89: 1 | H89: 1 | I89: 1 | J89: 1 | K89: 1 | L89: 1 | M89: 1 | N89: 1 | P89: 1.7123694
A90: Minh | B90: Question 40 | C90: 0 | D90: 1 | E90: 1 | F90: 1 | G90: 1 | H90: 1 | I90: 1 | J90: 1 | K90: 1 | L90: 1 | M90: 1 | N90: 1 | P90: 1.4527495
A91: Minh | B91: Question 41 | C91: 0 | D91: 1 | E91: 1 | F91: 1 | G91: 1 | H91: 1 | I91: 1 | J91: 1 | K91: 1 | L91: 1 | M91: 1 | N91: 1 | P91: 1.7072001
A92: Minh | B92: Question 42 | C92: 0 | D92: 1 | E92: 1 | F92: 1 | G92: 1 | H92: 1 | I92: 1 | J92: 1 | K92: 1 | L92: 1 | M92: 1 | N92: 1 | P92: 1.676543
A93: Minh | B93: Question 43 | C93: 0 | D93: 1 | E93: 1 | F93: 1 | G93: 1 | H93: 1 | I93: 1 | J93: 1 | K93: 1 | L93: 1 | M93: 1 | N93: 1 | P93: 1.71875
A94: Minh | B94: Question 44 | C94: 0 | D94: 1 | E94: 1 | F94: 1 | G94: 1 | H94: 1 | I94: 1 | J94: 1 | K94: 1 | L94: 1 | M94: 1 | N94: 1 | P94: 6.9164555
... A109: Minh | B109: Question 59 | C109: 0 | D109: 1 | E109: 1 | F109: 1 | G109: 1 | H109: 1 | I109: 1 | J109: 1 | K109: 1 | L109: 1 | M109: 1 | N109: 1 | P109: 1.4151928
A110: Minh | B110: Question 60 | C110: 0 | D110: 0 | E110: 'NA | F110: 'NA | G110: 'NA | H110: 'NA | I110: 'NA | J110: 'NA | K110: 'NA | L110: 'NA | M110: 'NA | N110: 'NA | O110: answerability: Matrix A is a 3x3 matrix while matrix B is a 3x2 matrix. In order to multiply two matrices AB, the number of columns of A must equal the number of rows of B. Here, 3 (A's columns) != 3 (B's rows means B represents something different), but the explicit question asks for a total points calculation for each game in each round, which conceptually would need a correct matrix multiplication setup; however, here, the setup is ambiguous about how the base scores (game x skill) and participants (skill x round) should be paired, leading to ambiguity on the steps and missing information on how to proceed. real_world_feasibility: Tracking base scores PER skill level PER game, then multiplying by raw participant counts (rather than e.g. summing actual individual scores or giving points across games) is a highly abstract scenario not representative of how tournaments are typically scored or tracked, making it unrealistic. clarity: The instructions are ambiguous as it is not clear how to use the matrices together—should we multiply after the scalar or before? How do we reconcile the mismatch in matrix dimensions for multiplication? The mapping between games, skill, and rounds is not clear enough for confident computation. | P110: 4.7407637
A111: Minh | B111: Question 61 | C111: 0 | D111: 0 | E111: 'NA | F111: 'NA | G111: 'NA | H111: 'NA | I111: 'NA | J111: 'NA | K111: 'NA | L111: 'NA | M111: 'NA | N111: 'NA | O111: answerability: The matrices S (3x2) and the trimmed tournament data (registration-withdrawal, which is 3x2) could be subtracted, but their multiplication is not standard under basic matrix multiplication (3x2 x 3x2 is undefined), so the total weighted score (weighted sum product) is not clearly defined. primary_kc_alignment: The intended primary matrix multiplication cannot proceed with the given dimensions; students might attempt an elementwise or dot product, but this is not the standard context for teaching matrix multiplication at this level. grade_alignment: The required calculation (elementwise or non-standard multiplication for weighted scores) is not aligned with typical O-level curriculum expectations for matrix multiplication, which usually covers standard conformable matrix multiplication. synergy: The subtraction (R-W) is used, but it does not work in tandem with proper matrix multiplication due to incompatible sizes for the intended operation. clarity: It is unclear how to compute the total weighted score—the operation between the actual participants matrix (3x2) and S (3x2) should be specified (e.g., Hadamard/elementwise or dot-product with a vector, but this is not standard language for O-level). conciseness_and_relevance: The presence of a third category and scores for game categories not considered introduces unnecessary information, and the weight matrix's construction is not fully relevant for a 3x2 data matrix when only two categories are considered. | P111: 4.9395173
A112: Minh | B112: Question 62 | C112: 0 | D112: 1 | E112: 1 | F112: 1 | G112: 1 | H112: 1 | I112: 1 | J112: 1 | K112: 1 | L112: 1 | M112: 1 | N112: 1 | P112: 1.6337349
A113: Minh | B113: Question 63 | C113: 0 | D113: 1 | E113: 1 | F113: 1 | G113: 1 | H113: 1 | I113: 1 | J113: 1 | K113: 1 | L113: 1 | M113: 1 | N113: 1 | P113: 1.6569009
A114: Sarah | B114: Question 1 | C114: 0 | D114: 1 | E114: 1 | F114: 1 | G114: 1 | H114: 1 | I114: 1 | J114: 1 | K114: 1 | L114: 1 | M114: 1 | N114: 1 | P114: 1.4454632
...

Sheet recreation_claude_v2_3
A1: Evaluator | B1: Question | C1: status | D1: answerability | E1: primary_kc_alignment | F1: secondary_kc_alignment | G1: topic_alignment | H1: grade_alignment | I1: real_world_feasibility | J1: synergy | K1: clarity | L1: conciseness_and_relevance | M1: language_quality | N1: content_appropriateness | O1: explanation | P1: response_time
A2: TD | B2: Question 1 | C2: 0 | D2: 1 | E2: 1 | F2: 1 | G2: 1 | H2: 1 | I2: 1 | J2: 1 | K2: 1 | L2: 1 | M2: 1 | N2: 1 | P2: 1.8203521
A3: TD | B3: Question 2 | C3: 0 | D3: 1 | E3: 1 | F3: 1 | G3: 1 | H3: 1 | I3: 1 | J3: 1 | K3: 1 | L3: 1 | M3: 1 | N3: 1 | P3: 1.4651654
A4: TD | B4: Question 3 | C4: 0 | D4: 1 | E4: 1 | F4: 1 | G4: 1 | H4: 1 | I4: 1 | J4: 1 | K4: 1 | L4: 1 | M4: 1 | N4: 1 | P4: 2.0179801
A5: TD | B5: Question 4 | C5: 0 | D5: 1 | E5: 0 | F5: 1 | G5: 1 | H5: 'NA | I5: 1 | J5: 'NA | K5: 1 | L5: 1 | M5: 1 | N5: 1 | O5: Primary KC Alignment: The problem requires multiplying 3-digit numbers by 1-digit numbers (126x4, 148x3, 235x2). However, according to the Singapore Primary 3 syllabus, students are expected to multiply up to 3-digit numbers by 1-digit numbers, which is correct. BUT Lisa's case (235x2) results in a 3-digit by 1-digit multiplication (acceptable in P3), while the others (126x4, 148x3) are also compliant. Upon review, this should match. However, the concern is that upon finding the maximum, students may need to compare results exceeding 3-digits, which can border on a higher level, but generally comparing whole numbers is allowed. Grade Alignment: The concern is with the potential size of the numbers after computation (e.g., 148x3=444, 126x4=504, 235x2=470). Since the process is multiplication of a 3-digit by 1-digit, this should be capped at P3. Therefore, grade alignment should be marginally satisfied. However, since the skills and topic fully align to P3 expectations, both these should be rated 1. If strict, and considering number magnitude is standard for P3, these should pass. Upon review, they do. There is actually no other KC needed, and number sizes are fine. Therefore, all criteria can be marked as 1. If stricter regarding very high products, note the products are all below 1000. If not, the original 0 explanation would relate to grade appropriateness if multiplications yielded >1000, but here they don't. Thus, no explanation is required; all criteria are met. | P5: 4.6792073
A6: TD | B6: Question 5 | C6: 0 | D6: 1 | E6: 1 | F6: 1 | G6: 1 | H6: 1 | I6: 1 | J6: 1 | K6: 1 | L6: 1 | M6: 1 | N6: 1 | P6: 1.6135609
A7: TD | B7: Question 6 | C7: 0 | D7: 1 | E7: 1 | F7: 1 | G7: 1 | H7: 1 | I7: 1 | J7: 1 | K7: 1 | L7: 1 | M7: 1 | N7: 1 | P7: 2.0261893
A8: TD | B8: Question 7 | C8: 0 | D8: 1 | E8: 1 | F8: 1 | G8: 1 | H8: 1 | I8: 1 | J8: 1 | K8: 1 | L8: 1 | M8: 1 | N8: 1 | P8: 1.7845507
A9: TD | B9: Question 8 | C9: 0 | D9: 1 | E9: 1 | F9: 1 | G9: 1 | H9: 1 | I9: 1 | J9: 1 | K9: 1 | L9: 1 | M9: 1 | N9: 1 | P9: 1.611259
A10: TD | B10: Question 9 | C10: 0 | D10: 1 | E10: 1 | F10: 1 | G10: 1 | H10: 1 | I10: 1 | J10: 1 | K10: 1 | L10: 1 | M10: 1 | N10: 1 | P10: 2.0109441
A11: TD | B11: Question 10 | C11: 0 | D11: 1 | E11: 1 | F11: 1 | G11: 1 | H11: 1 | I11: 1 | J11: 1 | K11: 1 | L11: 1 | M11: 1 | N11: 1 | P11: 1.9248128
A12: TD | B12: Question 11 | C12: 0 | D12: 0 | E12: 'NA | F12: 'NA | G12: 'NA | H12: 'NA | I12: 'NA | J12: 'NA | K12: 'NA | L12: 'NA | M12: 'NA | N12: 'NA | O12: answerability: The problem asks for "the fraction of the painting challenge Sarah completed in total" and similarly for the music challenge, but Sarah completed both $rac{2}{3}$ of painting and $rac{1}{4}$ of music, so adding these is not mathematically meaningful—they are parts of different wholes. There is not enough information to find 'total fraction of challenges,' as fractions relate to separate activities, not summable. primary_kc_alignment: The intended primary KC is adding unlike fractions. The problem does not require adding unlike fractions where denominators differ and refer to the same whole; instead, it incorrectly sets up sums of parts from different wholes (painting and music aren't combinable in this way). So it does not correctly assess this KC. secondary_kc_alignment: The intended secondary KC is comparing and ordering fractions. The only place for comparison is part (c), but due to the summing errors above, a valid comparison is not possible. grade_alignment: Given that the problem asks students to combine fractions from different activities (different wholes), it is not grade appropriate as it propagates a conceptual error about what can and cannot be summed when working with fractions. real_world_feasibility: In reality, people do not sum up fractions of entirely different challenges as a 'total fraction of challenges completed.' The scenario is not plausible as posed. synergy: The use of primary and secondary KCs are not in synergy—since the summing operation across activities does not make sense, further comparison is not meaningful. conciseness_and_relevance: Questions (a) and (b) do not make sense, so the information about both painting and music for both players is not all relevant; the numbers provided cannot be used in a meaningful calculation as intended. | P12: 5.7739522
A13: TD | B13: Question 12 | C13: 0 | D13: 1 | E13: 1 | F13: 1 | G13: 1 | H13: 1 | I13: 1 | J13: 1 | K13: 1 | L13: 1 | M13: 1 | N13: 1 | P13: 1.2935126
A14: TD | B14: Question 13 | C14: 0 | D14: 1 | E14: 0 | F14: 1 | G14: 1 | H14: 'NA | I14: 1 | J14: 'NA | K14: 1 | L14: 1 | M14: 1 | N14: 1 | O14: Primary KC Alignment: The problem requires adding 1.25, 1.17, and 1.142, which means dealing with adding decimals up to 3 decimal places; this goes beyond the stated scope ('up to 2 decimal places') of the intended Primary Knowledge Component.Grade Alignment: Adding decimals up to 3 decimal places and accurately interpreting 1.142 (which may be unfamiliar at Primary 4 level under Singapore math, where typically only up to 2 decimal places are introduced) exceeds the intended grade. | P14: 2.5246282
A15: TD | B15: Question 14 | C15: 0 | D15: 1 | E15: 1 | F15: 1 | G15: 1 | H15: 1 | I15: 1 | J15: 0 | K15: 1 | L15: 1 | M15: 1 | N15: 1 | O15: Synergy is rated 0 because the problem requires: (1) finding Wednesday's practice time (which is Monday's time minus 0.25 hours); and then (2) finding the difference between Wednesday and Monday—which would just repeat the same value, since Wednesday was already defined as being 0.25 hours less than Monday. Therefore, students only need to subtract 0.25 from Monday's time twice (directly or indirectly) and do not need to combine both the primary and secondary knowledge components in a way that builds upon or connects multiple steps, reducing the intended synergy. The 'express as a fraction' instruction is given, but is not required as an intermediate step in a multi-question word problem, so the problem parts are not sufficiently interlinked. | P15: 3.7796273
A16: TD | B16: Question 15 | C16: 0 | D16: 1 | E16: 0 | F16: 1 | G16: 1 | H16: 'NA | I16: 1 | J16: 'NA | K16: 1 | L16: 1 | M16: 1 | N16: 1 | O16: Primary KC alignment: The subtraction involves 2.486, which has 3 decimal places, whereas the intended primary KC specifies subtracting decimals up to 2 decimal places only. Grade alignment: Since Primary 4 Singapore Math syllabus expects subtraction with decimals up to 2 decimal places, the presence of 3 decimal places in the numbers makes this unsuitable for the given grade. | P16: 2.3414323
A17: TD | B17: Question 16 | C17: 0 | D17: 1 | E17: 1 | F17: 1 | G17: 1 | H17: 1 | I17: 1 | J17: 1 | K17: 1 | L17: 1 | M17: 1 | N17: 1 | P17: 1.5877147
A18: TD | B18: Question 17 | C18: 0 | D18: 1 | E18: 1 | F18: 1 | G18: 1 | H18: 1 | I18: 1 | J18: 1 | K18: 1 | L18: 1 | M18: 1 | N18: 1 | P18: 2.2646348
A19: TD | B19: Question 18 | C19: 0 | D19: 1 | E19: 1 | F19: 1 | G19: 1 | H19: 1 | I19: 1 | J19: 1 | K19: 1 | L19: 1 | M19: 1 | N19: 1 | P19: 1.4983604
A20: TD | B20: Question 19 | C20: 0 | D20: 1 | E20: 1 | F20: 1 | G20: 1 | H20: 1 | I20: 1 | J20: 1 | K20: 1 | L20: 1 | M20: 1 | N20: 1 | P20: 2.8538101
A21: TD | B21: Question 20 | C21: 0 | D21: 1 | E21: 1 | F21: 1 | G21: 1 | H21: 1 | I21: 1 | J21: 1 | K21: 1 | L21: 1 | M21: 1 | N21: 1 | P21: 1.7320678
A22: TD | B22: Question 21 | C22: 0 | D22: 1 | E22: 1 | F22: 1 | G22: 1 | H22: 1 | I22: 1 | J22: 1 | K22: 1 | L22: 1 | M22: 1 | N22: 1 | P22: 1.7492068
A23: TD | B23: Question 22 | C23: 0 | D23: 1 | E23: 1 | F23: 0 | G23: 1 | H23: 1 | I23: 1 | J23: 'NA | K23: 1 | L23: 1 | M23: 1 | N23: 1 | O23: secondary_kc_alignment: The problem does not require students to compare or order fractions; the comparison is of total distances (decimals or mixed numbers), not directly comparing or ordering fractions themselves as mathematical entities, but rather comparing the results. synergy: The distance calculation (requiring multiplication) is separated from the final comparison (a simple difference). The intended Primary and Secondary KCs are not used in tandem; the comparison step is not about fractions but about total distances, which are mixed numbers/decimals. | P23: 2.7131736
A24: TD | B24: Question 23 | C24: 0 | D24: 1 | E24: 1 | F24: 1 | G24: 1 | H24: 1 | I24: 1 | J24: 1 | K24: 1 | L24: 1 | M24: 1 | N24: 1 | P24: 1.377703
A25: TD | B25: Question 24 | C25: 0 | D25: 1 | E25: 1 | F25: 1 | G25: 1 | H25: 1 | I25: 1 | J25: 1 | K25: 1 | L25: 1 | M25: 1 | N25: 1 | P25: 1.8167746
A26: TD | B26: Question 25 | C26: 0 | D26: 1 | E26: 1 | F26: 1 | G26: 1 | H26: 1 | I26: 1 | J26: 1 | K26: 1 | L26: 1 | M26: 1 | N26: 1 | P26: 1.3845317
A27: TD | B27: Question 26 | C27: 0 | D27: 1 | E27: 0 | F27: 1 | G27: 1 | H27: 'NA | I27: 1 | J27: 'NA | K27: 1 | L27: 1 | M27: 1 | N27: 1 | O27: Primary KC alignment: The problem only requires addition of improper fractions (not multiplication) to find the total paint, so 'multiplying two improper fractions' is not needed and is not aligned as the primary knowledge component. Synergy: The word problem only requires fraction addition to solve all parts, and the secondary KC (addition) does not substantively work together with multiplication—the intended synergy between these components does not occur. | P27: 2.2950492
A28: TD | B28: Question 27 | C28: 0 | D28: 1 | E28: 0 | F28: 1 | G28: 1 | H28: 'NA | I28: 1 | J28: 'NA | K28: 1 | L28: 1 | M28: 1 | N28: 1 | O28: Primary KC Alignment (0): The main step required to find the answer involves dividing by a fraction (her practice time is 2/3 of the planned, so planned = actual / (2/3)), not multiplying two improper fractions, which was the intended KC. Synergy (0): The subtraction of fractions (actual dancing time minus breaks) is used, but multiplying two improper fractions is not necessary; instead, division by a fraction is used. Thus, the two intended KCs are not required in tandem as specified. | P28: 2.5486491
A29: TD | B29: Question 28 | C29: 0 | D29: 1 | E29: 1 | F29: 1 | G29: 1 | H29: 1 | I29: 1 | J29: 1 | K29: 1 | L29: 1 | M29: 1 | N29: 1 | P29: 1.5832484
A30: TD | B30: Question 29 | C30: 0 | D30: 1 | E30: 1 | F30: 1 | G30: 1 | H30: 1 | I30: 1 | J30: 1 | K30: 1 | L30: 1 | M30: 1 | N30: 1 | P30: 1.7773058
A31: TD | B31: Question 30 | C31: 0 | D31: 1 | E31: 0 | F31: 1 | G31: 1 | H31: 'NA | I31: 1 | J31: 'NA | K31: 1 | L31: 1 | M31: 1 | N31: 1 | O31: Primary KC alignment: The intended primary knowledge component is multiplying decimals (up to 3 decimal places) by 10, 100, 1000, and their multiples. However, this problem asks to multiply 0.875 (a decimal with 3 decimal places) by 300, which is not a multiple of 10, 100, or 1000. Instead, the multiplication required is by 300, which is not covered by the specific learning objective. | P31: 2.4157517
A32: TD | B32: Question 31 | C32: 0 | D32: 1 | E32: 0 | F32: 1 | G32: 1 | H32: 'NA | I32: 1 | J32: 'NA | K32: 1 | L32: 1 | M32: 1 | N32: 1 | O32: Primary KC Alignment (0): The problem requires multiplying 0.125 (a decimal with 3 decimal places) by 400 to find the total distance, but 400 is not a multiple of 10, 100, or 1000 as the primary KC specifies. The calculation falls under multiplying decimals by whole numbers, not specifically by 10, 100, 1000, or their multiples (as per the intended knowledge component). | P32: 3.1362953
A33: TD | B33: Question 32 | C33: 0 | D33: 1 | E33: 0 | F33: 1 | G33: 1 | H33: 'NA | I33: 1 | J33: 'NA | K33: 1 | L33: 1 | M33: 1 | N33: 1 | O33: Primary KC alignment: The problem asks to divide 127.850 by 7. According to the intended Primary Knowledge Component, students should divide decimals by 10, 100, 1000 and their multiples, but 7 is not a multiple of 10, 100, or 1000. Thus, the calculation needed is beyond the specified scope of the Primary KC. | P33: 3.2795112
A34: TD | B34: Question 33 | C34: 0 | D34: 0 | E34: 'NA | F34: 'NA | G34: 'NA | H34: 'NA | I34: 'NA | J34: 'NA | K34: 'NA | L34: 'NA | M34: 'NA | N34: 'NA | O34: A. Answerability: The total distance stated (40,000 meters) is inconsistent with four laps; unless each lap is 10,000 meters, which is highly unrealistic for a swimming practice, especially for a primary school student. The problem does not specify the length of each lap, and the division by 400 appears arbitrary. This missing and illogical information makes the problem unanswerable with standard logic.B. Primary KC Alignment: The division required is with a potentially large, non-multiple-of-10/100/1000 number (the result of the total time divided by 400), not simply dividing decimals by 10, 100, 1000, or their multiples. This exceeds the stated primary KC intent.E. Grade Alignment: The numbers used (lap times like 2.456 min) and the requirement to process a context where four laps equal 40,000 meters is not appropriate for Primary 5 students, both in content realism and mathematical demand.F. Real-world Plausibility: Primary students do not swim 40,000 meters in four laps. The context is unrealistic for the intended grade and age.G. Synergy: Although addition and division are needed, the division part does not align with the intended skill (dividing by 10/100/1000 and their multiples), and the computations do not appropriately build the division step upon the addition in a grade-appropriate or logical way.I. Conciseness and Relevance: The problem contains unnecessary confusion regarding the total distance swum and lap details, leading to extraneous or misleading context. | P34: 7.189841
A35: TD | B35: Question 34 | C35: 0 | D35: 1 | E35: 1 | F35: 0 | G35: 1 | H35: 1 | I35: 1 | J35: 'NA | K35: 1 | L35: 1 | M35: 1 | N35: 1 | O35: 3. The problem does not require the student to multiply whole numbers to solve it, only to divide 90 by 120 and multiply by 100 (which involves multiplying by 100, but Primary 5 multiplication as a secondary KC should be more meaningfully integrated). 4. There is no real synergy, as the multiplication by 100 is a standard step in converting a fraction to a percentage, not combining distinct skills in a significant way. | P35: 4.2445357
A36: TD | B36: Question 35 | C36: 0 | D36: 1 | E36: 1 | F36: 1 | G36: 1 | H36: 1 | I36: 1 | J36: 1 | K36: 1 | L36: 1 | M36: 1 | N36: 1 | P36: 1.8419299
A37: TD | B37: Question 36 | C37: 0 | D37: 1 | E37: 1 | F37: 1 | G37: 1 | H37: 1 | I37: 1 | J37: 1 | K37: 1 | L37: 1 | M37: 1 | N37: 1 | P37: 1.7716444
A38: TD | B38: Question 37 | C38: 0 | D38: 1 | E38: 1 | F38: 1 | G38: 1 | H38: 1 | I38: 1 | J38: 1 | K38: 1 | L38: 1 | M38: 1 | N38: 1 | P38: 1.3642943
A39: TD | B39: Question 38 | C39: 0 | D39: 1 | E39: 1 | F39: 1 | G39: 1 | H39: 1 | I39: 1 | J39: 1 | K39: 1 | L39: 1 | M39: 1 | N39: 1 | P39: 2.2429848
A40: TD | B40: Question 39 | C40: 0 | D40: 1 | E40: 1 | F40: 1 | G40: 1 | H40: 1 | I40: 1 | J40: 1 | K40: 1 | L40: 1 | M40: 1 | N40: 1 | P40: 1.5843093
A41: TD | B41: Question 40 | C41: 0 | D41: 0 | E41: 'NA | F41: 'NA | G41: 'NA | H41: 'NA | I41: 'NA | J41: 'NA | K41: 'NA | L41: 'NA | M41: 'NA | N41: 'NA | O41: answerability: The total practice time for today is not given, so the student cannot determine the actual time to divide by $[FORMULA]$ of an hour. The wording implies a whole but this is not explicitly stated, making the question unsolvable as written. primary_kc_alignment: The division required here is $[FORMULA] [FORMULA] [FORMULA]$, but we do not know if $[FORMULA]$ represents a fraction of a certain amount, nor do we know the total, so the core skill cannot be practiced as intended. secondary_kc_alignment: The answer asks to be expressed as a decimal, but without a solvable calculation, conversion to decimal is moot. synergy: The two skills are not used in tandem, since the division can't be performed due to missing data. grade_alignment: The problem cannot be solved at any grade due to missing data. real_world_feasibility: In practice, students know their total scheduled practice time, but here it is missing, making the scenario unrealistic. | P41: 5.221688
A42: TD | B42: Question 41 | C42: 0 | D42: 1 | E42: 1 | F42: 1 | G42: 1 | H42: 1 | I42: 1 | J42: 1 | K42: 1 | L42: 1 | M42: 1 | N42: 1 | P42: 1.4699528
A43: TD | B43: Question 42 | C43: 0 | D43: 1 | E43: 1 | F43: 1 | G43: 1 | H43: 1 | I43: 1 | J43: 1 | K43: 1 | L43: 1 | M43: 1 | N43: 1 | P43: 2.2355795
A44: TD | B44: Question 43 | C44: 0 | D44: 1 | E44: 1 | F44: 0 | G44: 1 | H44: 1 | I44: 1 | J44: 'NA | K44: 1 | L44: 1 | M44: 1 | N44: 1 | O44: 3. The secondary knowledge component was Addition of whole numbers, but this problem does not require any addition; the points are given for each team directly and no combining or summing is needed. 4. The intended synergy (using both ratio and addition in tandem) is not met, as only finding the simplest ratio among three numbers is required, not addition. | P44: 2.2629237
A45: TD | B45: Question 44 | C45: 0 | D45: 1 | E45: 1 | F45: 1 | G45: 1 | H45: 1 | I45: 1 | J45: 1 | K45: 1 | L45: 1 | M45: 1 | N45: 1 | P45: 1.743396
A46: TD | B46: Question 45 | C46: 0 | D46: 1 | E46: 1 | F46: 1 | G46: 1 | H46: 1 | I46: 1 | J46: 1 | K46: 1 | L46: 1 | M46: 1 | N46: 1 | P46: 1.8197293
A47: TD | B47: Question 46 | C47: 0 | D47: 1 | E47: 1 | F47: 1 | G47: 1 | H47: 1 | I47: 1 | J47: 1 | K47: 1 | L47: 1 | M47: 1 | N47: 1 | P47: 1.4834895
A48: TD | B48: Question 47 | C48: 0 | D48: 1 | E48: 1 | F48: 1 | G48: 1 | H48: 1 | I48: 1 | J48: 1 | K48: 1 | L48: 1 | M48: 1 | N48: 1 | P48: 1.4531729
A49: TD | B49: Question 48 | C49: 0 | D49: 1 | E49: 1 | F49: 1 | G49: 1 | H49: 1 | I49: 1 | J49: 1 | K49: 1 | L49: 1 | M49: 1 | N49: 1 | P49: 3.7279847
A50: TD | B50: Question 49 | C50: 0 | D50: 1 | E50: 1 | F50: 1 | G50: 1 | H50: 1 | I50: 1 | J50: 1 | K50: 1 | L50: 1 | M50: 1 | N50: 1 | P50: 1.7036955
A51: Minh | B51: Question 1 | C51: 0 | D51: 1 | E51: 1 | F51: 1 | G51: 1 | H51: 1 | I51: 1 | J51: 1 | K51: 1 | L51: 1 | M51: 1 | N51: 1 | P51: 2.9654891
A52: Minh | B52: Question 2 | C52: 0 | D52: 0 | E52: 'NA | F52: 'NA | G52: 'NA | H52: 'NA | I52: 'NA | J52: 'NA | K52: 'NA | L52: 'NA | M52: 'NA | N52: 'NA | O52: answerability: The number 847 is a 3-digit number, but dividing by 6 (which is a 1-digit number) is not suitable for Primary 3 in Singapore math, whose syllabus usually expects dividends up to 3-digits by 1-digit but with smaller dividends, typically capped at 500 or less at this grade level. Furthermore, the third question ('What is the total number of students that will participate in the talent show?') is ambiguous because it could mean all 847 or, if read strictly, all complete groups plus the remainder, which is still all 847. primary_kc_alignment: The size of the dividend (847) is beyond typical expectation for Primary 3, although technically within 'up to 3 digits,' it is excessively large for realistic classroom problems at this level. In addition, the exact division scenario does not fit naturally with remainders for realistic groupings or understanding at this stage. secondary_kc_alignment: Addition is not required to solve the problem, as both the number in complete groups and the leftover simply partition the original number (847 = 6 × groups + leftover); there’s no need to add groups together or any other quantities. grade_alignment: Division of an 847 dividend and consideration of 'groups with remainders' is more challenging than suited for Primary 3. synergy: The secondary KC (addition) does not interact with the primary KC (division) in this problem, as addition is not required to find or verify the answer. conciseness_and_relevance: The last sub-question is redundant, as all students interested are participating, so it does not add useful complexity or require computation and is not needed for the problem. | P52: 7.3882375
A53: Minh | B53: Question 3 | C53: 0 | D53: 1 | E53: 1 | F53: 1 | G53: 1 | H53: 1 | I53: 1 | J53: 1 | K53: 1 | L53: 1 | M53: 1 | N53: 1 | P53: 1.4154141
A54: Minh | B54: Question 4 | C54: 0 | D54: 1 | E54: 1 | F54: 1 | G54: 1 | H54: 1 | I54: 1 | J54: 0 | K54: 1 | L54: 1 | M54: 1 | N54: 1 | O54: Synergy: The division operation (dividing basketballs equally among 4 teams) is not used in answering the final question about the total basketballs Sarah has after the donation. The result of the division has no relevance to the addition step or the answer required. Thus, the primary and secondary knowledge components are not used in tandem to solve the problem. | P54: 3.8987265
A55: Minh | B55: Question 5 | C55: 0 | D55: 1 | E55: 0 | F55: 1 | G55: 1 | H55: 'NA | I55: 1 | J55: 'NA | K55: 1 | L55: 1 | M55: 1 | N55: 1 | O55: Primary KC Alignment: The division required is 816 ÷ 6. Here, 816 is a 3-digit number, but the divisor 6 is not a 1-digit divisor of a 3-digit dividend (before subtraction it was 864, but after subtracting 48, 816 ÷ 6 is correct), HOWEVER the intended Primary KC is 'dividing whole numbers up to 3 digits by 1 digit.' The actual requirement matches the intended. On re-evaluation, this deserves a 1.Grade alignment: For Primary 3 (P3) in Singapore Math, division of 3-digit numbers by 1-digit numbers is introduced, but only after strong foundation in 2-digit division and there may still be students at this stage who find 3-digit division advanced. However, with calculator or simple long division, this is within P3. On careful reconsideration, this is still within grade. This should be a 1 as well.UPDATE: Both primary KC alignment and grade alignment are correct and should be marked as 1. No further explanation needed. | P55: 3.7815363
A56: Minh | B56: Question 6 | C56: 0 | D56: 1 | E56: 0 | F56: 1 | G56: 1 | H56: 'NA | I56: 1 | J56: 'NA | K56: 1 | L56: 1 | M56: 1 | N56: 1 | O56: Primary KC alignment: The problem requires dividing 432 by 6, which is 3 digits by 1 digit and thus aligns at first, but 432/6 = 72 and then asks how many practice sessions (division of 72 by 4) which is division again. However, nowhere does the secondary KC of multiplication become NECESSARY to solve the problem. Secondary KC should be necessary, such as requiring to multiply to verify or extend. Grade alignment: While Primary 3 covers division up to 3-digit by 1-digit, the second step (72/4) repeats division, not multiplication. If the intent was to require multiplication, the problem as written does not require it from the student, just division twice. | P56: 3.2338486
A57: Minh | B57: Question 7 | C57: 0 | D57: 1 | E57: 1 | F57: 1 | G57: 1 | H57: 1 | I57: 1 | J57: 1 | K57: 1 | L57: 1 | M57: 1 | N57: 1 | P57: 1.9547861
A58: Minh | B58: Question 8 | C58: 0 | D58: 1 | E58: 1 | F58: 1 | G58: 1 | H58: 1 | I58: 1 | J58: 1 | K58: 1 | L58: 1 | M58: 1 | N58: 1 | P58: 1.5757608
A59: Minh | B59: Question 9 | C59: 0 | D59: 1 | E59: 1 | F59: 1 | G59: 1 | H59: 1 | I59: 1 | J59: 1 | K59: 1 | L59: 1 | M59: 1 | N59: 1 | P59: 1.6003301
A60: Minh | B60: Question 10 | C60: 0 | D60: 1 | E60: 1 | F60: 1 | G60: 1 | H60: 1 | I60: 0 | J60: 1 | K60: 1 | L60: 1 | M60: 1 | N60: 1 | O60: Real-world Feasibility: The numbers of students provided for each school (e.g., 2,856 students from one primary school for a tournament) are unrealistically large for a primary school event, which makes the scenario implausible. | P60: 2.4787474
A61: Minh | B61: Question 11 | C61: 0 | D61: 1 | E61: 1 | F61: 1 | G61: 1 | H61: 1 | I61: 1 | J61: 1 | K61: 1 | L61: 1 | M61: 1 | N61: 1 | P61: 1.8905444
A62: Minh | B62: Question 12 | C62: 0 | D62: 1 | E62: 1 | F62: 1 | G62: 1 | H62: 1 | I62: 1 | J62: 1 | K62: 1 | L62: 1 | M62: 1 | N62: 1 | P62: 1.4493911
A63: Minh | B63: Question 13 | C63: 0 | D63: 1 | E63: 1 | F63: 1 | G63: 1 | H63: 1 | I63: 1 | J63: 1 | K63: 1 | L63: 1 | M63: 1 | N63: 1 | P63: 1.5582418
A64: Minh | B64: Question 14 | C64: 0 | D64: 1 | E64: 1 | F64: 1 | G64: 1 | H64: 1 | I64: 1 | J64: 1 | K64: 1 | L64: 1 | M64: 1 | N64: 1 | P64: 1.5059588
A65: Minh | B65: Question 15 | C65: 0 | D65: 1 | E65: 0 | F65: 1 | G65: 1 | H65: 'NA | I65: 1 | J65: 'NA | K65: 1 | L65: 1 | M65: 1 | N65: 1 | O65: Primary KC Alignment (0): The problem requires adding 3.126 (3 decimal places), whereas the intended primary KC is adding decimals up to 2 decimal places only. Grade Alignment (0): At Primary 4, students are typically not required to add decimals to 3 decimal places; this exceeds the intended grade-level expectation. | P65: 2.2474468
A66: Minh | B66: Question 16 | C66: 0 | D66: 1 | E66: 1 | F66: 1 | G66: 1 | H66: 1 | I66: 1 | J66: 1 | K66: 1 | L66: 1 | M66: 1 | N66: 1 | P66: 1.7626233
A67: Minh | B67: Question 17 | C67: 0 | D67: 1 | E67: 1 | F67: 1 | G67: 1 | H67: 1 | I67: 1 | J67: 1 | K67: 1 | L67: 1 | M67: 1 | N67: 1 | P67: 1.5095708
A68: Minh | B68: Question 18 | C68: 0 | D68: 1 | E68: 1 | F68: 1 | G68: 1 | H68: 1 | I68: 1 | J68: 1 | K68: 1 | L68: 1 | M68: 1 | N68: 1 | P68: 1.6655719
A69: Minh | B69: Question 19 | C69: 0 | D69: 1 | E69: 1 | F69: 1 | G69: 1 | H69: 1 | I69: 1 | J69: 1 | K69: 1 | L69: 1 | M69: 1 | N69: 1 | P69: 1.3916974
A70: Minh | B70: Question 20 | C70: 0 | D70: 1 | E70: 1 | F70: 1 | G70: 1 | H70: 1 | I70: 1 | J70: 1 | K70: 1 | L70: 1 | M70: 1 | N70: 1 | P70: 2.7801611
A71: Minh | B71: Question 21 | C71: 0 | D71: 1 | E71: 0 | F71: 1 | G71: 1 | H71: 'NA | I71: 1 | J71: 'NA | K71: 1 | L71: 1 | M71: 1 | N71: 1 | O71: Primary KC Alignment: The step needed to find Sarah's practice time on Tuesday is multiplying a mixed number ($2[FORMULA]$ hours) by a fraction ($[FORMULA]$), that is, multiplying a mixed number with a fraction—not a whole number as stated in the Intended Primary Knowledge Component. The intended KC is multiplying a proper/improper fraction and a whole number, but the mixed number here must first be converted to an improper fraction, and then is multiplied by another fraction (not a whole number). | P71: 2.7254446
A72: Minh | B72: Question 22 | C72: 0 | D72: 1 | E72: 1 | F72: 1 | G72: 1 | H72: 1 | I72: 1 | J72: 1 | K72: 1 | L72: 1 | M72: 1 | N72: 1 | P72: 1.9034345
A73: Minh | B73: Question 23 | C73: 0 | D73: 1 | E73: 1 | F73: 1 | G73: 1 | H73: 1 | I73: 1 | J73: 1 | K73: 1 | L73: 1 | M73: 1 | N73: 1 | P73: 1.469892
A74: Minh | B74: Question 24 | C74: 0 | D74: 1 | E74: 1 | F74: 1 | G74: 1 | H74: 1 | I74: 1 | J74: 1 | K74: 1 | L74: 1 | M74: 1 | N74: 1 | P74: 1.5829587
A75: Minh | B75: Question 25 | C75: 0 | D75: 1 | E75: 1 | F75: 1 | G75: 1 | H75: 1 | I75: 1 | J75: 1 | K75: 1 | L75: 1 | M75: 1 | N75: 1 | P75: 1.6647646
A76: Minh | B76: Question 26 | C76: 0 | D76: 1 | E76: 1 | F76: 1 | G76: 1 | H76: 1 | I76: 1 | J76: 1 | K76: 1 | L76: 1 | M76: 1 | N76: 1 | P76: 1.4373574
A77: Minh | B77: Question 27 | C77: 0 | D77: 1 | E77: 0 | F77: 1 | G77: 1 | H77: 'NA | I77: 1 | J77: 'NA | K77: 1 | L77: 1 | M77: 1 | N77: 1 | O77: Primary Knowledge Component alignment = 0: The problem requires multiplying 23.456 by 30, which is not strictly multiplying by 10, 100, 1000, or their multiples as stated in the intended primary KC. Multiplying by 30 (which is 3 × 10) is not a standard operation for the intended KC, which focuses on multiplying decimals by powers of 10 or simple multiples like 10, 100, 1000. The students might have to break it down or use distributive property, which exceeds the direct scope of multiplying by 10/100/1000 and their multiples expected by the Singapore Primary 5 syllabus. | P77: 2.9909019
A78: Minh | B78: Question 28 | C78: 0 | D78: 1 | E78: 0 | F78: 1 | G78: 1 | H78: 'NA | I78: 1 | J78: 'NA | K78: 1 | L78: 1 | M78: 1 | N78: 1 | O78: Primary KC Alignment: The division required here is 142.8 ÷ 60, but dividing by 60 (which is not a power of 10, 100, or 1000) does not align with the stated intended KC ('dividing decimals by 10, 100, 1000 and their multiples'). Dividing by 60 is outside the scope of normal multiples of 10, 100, or 1000 expected at this level. Grade Alignment: The operation of dividing decimals by numbers like 60 is typically a Primary 6 skill in Singapore math curriculum; Primary 5 focuses more on dividing by 10/100/1000 and standard multiples of these, but 60 is not such a standard multiple. | P78: 3.7030876
A79: Minh | B79: Question 29 | C79: 0 | D79: 1 | E79: 1 | F79: 1 | G79: 1 | H79: 1 | I79: 1 | J79: 1 | K79: 1 | L79: 1 | M79: 1 | N79: 1 | P79: 2.653017
A80: Minh | B80: Question 30 | C80: 0 | D80: 1 | E80: 1 | F80: 1 | G80: 1 | H80: 1 | I80: 1 | J80: 1 | K80: 1 | L80: 1 | M80: 1 | N80: 1 | P80: 1.3726866
A81: Minh | B81: Question 31 | C81: 0 | D81: 1 | E81: 1 | F81: 0 | G81: 1 | H81: 1 | I81: 1 | J81: 'NA | K81: 1 | L81: 1 | M81: 1 | N81: 1 | O81: Secondary KC alignment: The problem requires converting kilometers to meters, which is conversion to a smaller unit (not to a larger unit), and not necessarily involving decimals explicitly in conversion between different units—it's multiplying a decimal by an integer. Thus, it does not fully target "conversion to larger units in decimal form" as described. Synergy: The problem only requires rate x time = distance calculation and then multiplying by 1000 to convert km to m; the secondary KC (as described) is not used in tandem with the primary KC in a meaningful or dependent way. | P81: 3.8947883
A82: Minh | B82: Question 32 | C82: 0 | D82: 1 | E82: 1 | F82: 0 | G82: 1 | H82: 1 | I82: 1 | J82: 'NA | K82: 1 | L82: 1 | M82: 1 | N82: 1 | O82: Secondary Knowledge Component (DECIMALS | Conversion to smaller units): The problem only requires the multiplication of a decimal (rate) by a decimal (time in minutes) to find the number of laps. There is no need to convert between measurement units or perform any decimal place conversions—for example, minutes to seconds, or laps to partial laps. Therefore, the decimal conversion skill is not assessed or required. Synergy: Only the primary knowledge component (rate calculation) is needed. There is no interplay or requirement to use both the rate calculation and decimal unit conversion in tandem to solve the problem. | P82: 13.689049
A83: Minh | B83: Question 33 | C83: 0 | D83: 1 | E83: 1 | F83: 1 | G83: 1 | H83: 1 | I83: 1 | J83: 1 | K83: 1 | L83: 1 | M83: 1 | N83: 1 | P83: 1.9987273
A84: Minh | B84: Question 34 | C84: 0 | D84: 1 | E84: 1 | F84: 1 | G84: 1 | H84: 1 | I84: 1 | J84: 1 | K84: 1 | L84: 1 | M84: 1 | N84: 1 | P84: 1.5682626
A85: Minh | B85: Question 35 | C85: 0 | D85: 1 | E85: 1 | F85: 1 | G85: 1 | H85: 1 | I85: 1 | J85: 1 | K85: 1 | L85: 1 | M85: 1 | N85: 1 | P85: 2.1054244
A86: Minh | B86: Question 36 | C86: 0 | D86: 1 | E86: 1 | F86: 1 | G86: 1 | H86: 1 | I86: 1 | J86: 1 | K86: 1 | L86: 1 | M86: 1 | N86: 1 | P86: 1.7056174
A87: Minh | B87: Question 37 | C87: 0 | D87: 1 | E87: 1 | F87: 1 | G87: 1 | H87: 1 | I87: 1 | J87: 1 | K87: 1 | L87: 1 | M87: 1 | N87: 1 | P87: 16.205166
A88: Minh | B88: Question 38 | C88: 0 | D88: 1 | E88: 1 | F88: 1 | G88: 1 | H88: 1 | I88: 1 | J88: 1 | K88: 1 | L88: 1 | M88: 1 | N88: 1 | P88: 1.3637915
A89: Minh | B89: Question 39 | C89: 0 | D89: 1 | E89: 1 | F89: 1 | G89: 1 | H89: 1 | I89: 1 | J89: 1 | K89: 1 | L89: 1 | M89: 1 | N89: 1 | P89: 10.696583
A90: Minh | B90: Question 40 | C90: 0 | D90: 1 | E90: 1 | F90: 1 | G90: 1 | H90: 1 | I90: 1 | J90: 1 | K90: 1 | L90: 1 | M90: 1 | N90: 1 | P90: 1.5051098
A91: Minh | B91: Question 41 | C91: 0 | D91: 1 | E91: 1 | F91: 1 | G91: 1 | H91: 1 | I91: 1 | J91: 1 | K91: 1 | L91: 1 | M91: 1 | N91: 1 | P91: 11.991154
A92: Minh | B92: Question 42 | C92: 0 | D92: 1 | E92: 0 | F92: 1 | G92: 1 | H92: 'NA | I92: 1 | J92: 'NA | K92: 1 | L92: 1 | M92: 1 | N92: 1 | O92: Primary KC Alignment (0): The intended KC is 'finding the missing term in a pair of equivalent ratios.' However, the problem does not require setting up or solving a proportion with a missing value. Instead, it simply gives the number of wins and the ratio, calculates losses, adds wins, and sums games, rather than truly finding a missing ratio term. Synergy (0): Addition is used (adding 4 wins) but does not require working in tandem with solving for a missing term in an equivalent ratio; the steps are mostly sequential and do not intertwine both KCs in a way that they rely on each other for solution. | P92: 2.924371
A93: Minh | B93: Question 43 | C93: 0 | D93: 1 | E93: 1 | F93: 1 | G93: 1 | H93: 1 | I93: 1 | J93: 1 | K93: 1 | L93: 1 | M93: 1 | N93: 1 | P93: 1.8950446
A94: Minh | B94: Question 44 | C94: 0 | D94: 1 | E94: 1 | F94: 1 | G94: 1 | H94: 1 | I94: 1 | J94: 1 | K94: 1 | L94: 1 | M94: 1 | N94: 1 | P94: 3.2539735
A95: Minh | B95: Question 45 | C95: 0 | D95: 1 | E95: 1 | F95: 1 | G95: 1 | H95: 1 | I95: 1 | J95: 1 | K95: 1 | L95: 1 | M95: 1 | N95: 1 | P95: 1.6235075
A96: Minh | B96: Question 46 | C96: 0 | D96: 1 | E96: 1 | F96: 1 | G96: 1 | H96: 1 | I96: 1 | J96: 1 | K96: 1 | L96: 1 | M96: 1 | N96: 1 | P96: 2.6174798
A97: Minh | B97: Question 47 | C97: 0 | D97: 1 | E97: 1 | F97: 1 | G97: 1 | H97: 1 | I97: 1 | J97: 1 | K97: 1 | L97: 1 | M97: 1 | N97: 1 | P97: 1.3707576
A98: Minh | B98: Question 48 | C98: 0 | D98: 1 | E98: 1 | F98: 1 | G98: 1 | H98: 1 | I98: 1 | J98: 1 | K98: 1 | L98: 1 | M98: 1 | N98: 1 | P98: 1.565547
A99: Minh | B99: Question 49 | C99: 0 | D99: 1 | E99: 1 | F99: 1 | G99: 1 | H99: 1 | I99: 1 | J99: 1 | K99: 1 | L99: 1 | M99: 1 | N99: 1 | P99: 2.4096041
A100: Minh | B100: Question 50 | C100: 0 | D100: 1 | E100: 1 | F100: 1 | G100: 1 | H100: 1 | I100: 1 | J100: 1 | K100: 1 | L100: 1 | M100: 1 | N100: 1 | P100: 1.7484632
...

Sheet recreation_claude_v2_4
A1: Evaluator | B1: Question | C1: status | D1: answerability | E1: primary_kc_alignment | F1: secondary_kc_alignment | G1: topic_alignment | H1: grade_alignment | I1: real_world_feasibility | J1: synergy | K1: clarity | L1: conciseness_and_relevance | M1: language_quality | N1: content_appropriateness | O1: explanation | P1: response_time
A2: TD | B2: Question 1 | C2: 0 | D2: 1 | E2: 1 | F2: 1 | G2: 1 | H2: 1 | I2: 1 | J2: 1 | K2: 1 | L2: 1 | M2: 1 | N2: 1 | P2: 3.9570203
A3: TD | B3: Question 2 | C3: 0 | D3: 1 | E3: 1 | F3: 1 | G3: 1 | H3: 1 | I3: 1 | J3: 1 | K3: 1 | L3: 1 | M3: 1 | N3: 1 | P3: 1.820147
A4: TD | B4: Question 3 | C4: 0 | D4: 1 | E4: 1 | F4: 1 | G4: 1 | H4: 1 | I4: 1 | J4: 1 | K4: 1 | L4: 1 | M4: 1 | N4: 1 | P4: 1.6092041
A5: TD | B5: Question 4 | C5: 0 | D5: 1 | E5: 1 | F5: 1 | G5: 1 | H5: 1 | I5: 1 | J5: 1 | K5: 1 | L5: 1 | M5: 1 | N5: 1 | P5: 2.3048706
A6: TD | B6: Question 5 | C6: 0 | D6: 1 | E6: 1 | F6: 1 | G6: 1 | H6: 1 | I6: 1 | J6: 1 | K6: 1 | L6: 1 | M6: 1 | N6: 1 | P6: 1.8908303
A7: TD | B7: Question 6 | C7: 0 | D7: 1 | E7: 1 | F7: 1 | G7: 1 | H7: 1 | I7: 1 | J7: 1 | K7: 1 | L7: 1 | M7: 1 | N7: 1 | P7: 1.9192734
A8: TD | B8: Question 7 | C8: 0 | D8: 1 | E8: 1 | F8: 1 | G8: 1 | H8: 1 | I8: 1 | J8: 1 | K8: 1 | L8: 1 | M8: 1 | N8: 1 | P8: 2.3255298
A9: TD | B9: Question 8 | C9: 0 | D9: 1 | E9: 1 | F9: 1 | G9: 1 | H9: 1 | I9: 1 | J9: 1 | K9: 1 | L9: 1 | M9: 1 | N9: 1 | P9: 1.457016
A10: TD | B10: Question 9 | C10: 0 | D10: 1 | E10: 1 | F10: 1 | G10: 1 | H10: 1 | I10: 1 | J10: 1 | K10: 1 | L10: 1 | M10: 1 | N10: 1 | P10: 2.4868257
A11: TD | B11: Question 10 | C11: 0 | D11: 1 | E11: 1 | F11: 1 | G11: 1 | H11: 1 | I11: 1 | J11: 1 | K11: 1 | L11: 1 | M11: 1 | N11: 1 | P11: 9.872421
A12: TD | B12: Question 11 | C12: 0 | D12: 0 | E12: 'NA | F12: 'NA | G12: 'NA | H12: 'NA | I12: 'NA | J12: 'NA | K12: 'NA | L12: 'NA | M12: 'NA | N12: 'NA | O12: answerability: (a) and (b) ask 'What fraction of the painting/music challenge did Sarah complete in total?'. But Sarah only did one part of each challenge; there is nothing to add for her, hence 'total' is just the single given value, suggesting confusion in the problem design. Also, (c) requests total fraction of all challenges completed per person, but since each completed only one part per challenge, the sum is just a + b for each, which has little real-world meaning as the parts are not of the same whole. primary_kc_alignment: The problem does not require students to add unlike fractions for Sarah in (a) or (b) (each is a single value), nor does it require this for Emma; only part (c) requires students to sum, but it asks to add fractions from different challenges, which are not parts of the same whole. This is conceptually incorrect for fraction addition.secondary_kc_alignment: Comparing the sums for Sarah and Emma is required, but since the sums are not conceptually meaningful (they mix different wholes), the fraction comparison does not align with a mathematically sound context.grade_alignment: Given the conceptual flaw of adding fractions from different wholes, which is not appropriate for Primary 4, the question does not fit curriculum expectations.synergy: The solution path for (b) and (a) is not needed for (c) as (c) simply asks for the sum of two unrelated fractions for each person, rather than building on earlier results in a mathematically valid way. | P12: 7.7523458
A13: TD | B13: Question 12 | C13: 0 | D13: 1 | E13: 1 | F13: 1 | G13: 1 | H13: 1 | I13: 1 | J13: 1 | K13: 1 | L13: 1 | M13: 1 | N13: 1 | P13: 1.5808969
A14: TD | B14: Question 13 | C14: 0 | D14: 1 | E14: 0 | F14: 1 | G14: 1 | H14: 'NA | I14: 1 | J14: 'NA | K14: 1 | L14: 1 | M14: 1 | N14: 1 | O14: Primary KC alignment: The intended Primary KC is 'adding decimals (up to 2 decimal places)'. However, the problem requires adding decimals with 3 decimal places (e.g., 1.142), which is beyond the scope of Primary 4 (where students are typically expected to handle up to 2 decimal places). Grade alignment: The use of 3 decimal place addition (1.17 + 1.142) is not within the Primary 4 syllabus. | P14: 2.7006001
A15: TD | B15: Question 14 | C15: 0 | D15: 1 | E15: 1 | F15: 1 | G15: 1 | H15: 1 | I15: 1 | J15: 1 | K15: 1 | L15: 1 | M15: 1 | N15: 1 | P15: 1.366214
A16: TD | B16: Question 15 | C16: 0 | D16: 1 | E16: 0 | F16: 1 | G16: 1 | H16: 'NA | I16: 1 | J16: 'NA | K16: 1 | L16: 1 | M16: 1 | N16: 1 | O16: Primary KC alignment (0): The problem requires subtracting 2.486 from 3.75. The number 2.486 has three decimal places, but the intended Primary KC specifies subtracting decimals up to 2 decimal places only. This problem exceeds that boundary since the calculation requires handling up to 3 decimal places.Grade alignment (0): At Primary 4 in Singapore Math, students are typically expected to work with decimals up to 2 decimal places. The inclusion of 2.486 (with 3 decimal places) makes the problem more advanced than appropriate for this grade. | P16: 11.95025
A17: TD | B17: Question 16 | C17: 0 | D17: 1 | E17: 1 | F17: 1 | G17: 1 | H17: 1 | I17: 1 | J17: 1 | K17: 1 | L17: 1 | M17: 1 | N17: 1 | P17: 1.5806279
A18: TD | B18: Question 17 | C18: 0 | D18: 1 | E18: 1 | F18: 1 | G18: 1 | H18: 1 | I18: 1 | J18: 1 | K18: 1 | L18: 1 | M18: 1 | N18: 1 | P18: 1.5576065
A19: TD | B19: Question 18 | C19: 0 | D19: 1 | E19: 1 | F19: 1 | G19: 1 | H19: 1 | I19: 1 | J19: 1 | K19: 1 | L19: 1 | M19: 1 | N19: 1 | P19: 1.4587567
A20: TD | B20: Question 19 | C20: 0 | D20: 1 | E20: 1 | F20: 1 | G20: 1 | H20: 1 | I20: 1 | J20: 1 | K20: 1 | L20: 1 | M20: 1 | N20: 1 | P20: 1.4519346
A21: TD | B21: Question 20 | C21: 0 | D21: 1 | E21: 1 | F21: 1 | G21: 1 | H21: 1 | I21: 1 | J21: 1 | K21: 1 | L21: 1 | M21: 1 | N21: 1 | P21: 1.3729801
A22: TD | B22: Question 21 | C22: 0 | D22: 1 | E22: 1 | F22: 1 | G22: 1 | H22: 1 | I22: 1 | J22: 1 | K22: 1 | L22: 1 | M22: 1 | N22: 1 | P22: 2.2919772
A23: TD | B23: Question 22 | C23: 0 | D23: 1 | E23: 1 | F23: 0 | G23: 1 | H23: 1 | I23: 1 | J23: 'NA | K23: 1 | L23: 1 | M23: 1 | N23: 1 | O23: Secondary KC alignment: The intended secondary knowledge component is 'comparing and ordering fractions,' but the final comparison is between two distances (likely mixed or improper fractions after calculation), not a direct ordering or comparing of fractions without converting to decimal or whole numbers. Synergy: Both knowledge components are not required in tandem—multiplying a mixed number by a whole for distance (fraction multiplication) is needed, but the comparison step does not specifically require 'comparing and ordering fractions' skill as typically tested (such as ordering several fractions, or comparing fractions without converting to decimal/whole form). | P23: 4.0044119
A24: TD | B24: Question 23 | C24: 0 | D24: 1 | E24: 1 | F24: 1 | G24: 1 | H24: 1 | I24: 1 | J24: 1 | K24: 1 | L24: 1 | M24: 1 | N24: 1 | P24: 1.7737792
A25: TD | B25: Question 24 | C25: 0 | D25: 1 | E25: 1 | F25: 1 | G25: 1 | H25: 1 | I25: 1 | J25: 1 | K25: 1 | L25: 1 | M25: 1 | N25: 1 | P25: 1.5841651
A26: TD | B26: Question 25 | C26: 0 | D26: 1 | E26: 1 | F26: 1 | G26: 1 | H26: 1 | I26: 1 | J26: 1 | K26: 1 | L26: 1 | M26: 1 | N26: 1 | P26: 1.4347222
A27: TD | B27: Question 26 | C27: 0 | D27: 1 | E27: 0 | F27: 1 | G27: 1 | H27: 'NA | I27: 1 | J27: 'NA | K27: 1 | L27: 1 | M27: 1 | N27: 1 | O27: Primary KC Alignment: The problem only requires adding fractions (to find the total blue/yellow paint and the grand total), not multiplying two improper fractions, so it does not align with the intended primary knowledge component. Synergy: Only addition of fractions is needed for every part; there is no interaction between multiplication and addition of fractions as required by the listed primary and secondary KCs. | P27: 2.7586467
A28: TD | B28: Question 27 | C28: 0 | D28: 1 | E28: 0 | F28: 1 | G28: 1 | H28: 'NA | I28: 1 | J28: 'NA | K28: 1 | L28: 1 | M28: 1 | N28: 1 | O28: Primary KC Alignment: The solution for planned practice time involves dividing Sarah's total practice time by a fraction (i.e., dividing by 2/3), which is fraction division, not multiplying two improper fractions as intended. Synergy: The subtraction of fractions (to find total practice time excluding breaks) and the need to find the planned time are not synergistic with multiplying two improper fractions. The intended KC of multiplying two improper fractions is not required to solve the main question; fraction subtraction and division are needed instead. | P28: 2.8124089
A29: TD | B29: Question 28 | C29: 0 | D29: 1 | E29: 1 | F29: 1 | G29: 1 | H29: 1 | I29: 1 | J29: 1 | K29: 1 | L29: 1 | M29: 1 | N29: 1 | P29: 11.797859
A30: TD | B30: Question 29 | C30: 0 | D30: 1 | E30: 1 | F30: 1 | G30: 1 | H30: 1 | I30: 1 | J30: 1 | K30: 1 | L30: 1 | M30: 1 | N30: 1 | P30: 1.8616946
A31: TD | B31: Question 30 | C31: 0 | D31: 1 | E31: 0 | F31: 1 | G31: 1 | H31: 'NA | I31: 1 | J31: 'NA | K31: 1 | L31: 1 | M31: 1 | N31: 1 | O31: Primary KC alignment: The problem requires multiplying 0.875 by 300, which is not strictly multiplying a decimal by 10, 100, 1000, or their multiples; 300 is not listed as a suitable multiplier per the described KC, so it extends beyond the intended primary skill.Synergy: The secondary KC (expressing decimals as fractions) is only indirectly involved via the instruction to express the answer as a mixed number, not as an explicit calculation step requiring conversion and multiplication in tandem. | P31: 3.126178
A32: TD | B32: Question 31 | C32: 0 | D32: 1 | E32: 0 | F32: 1 | G32: 1 | H32: 'NA | I32: 1 | J32: 'NA | K32: 1 | L32: 1 | M32: 1 | N32: 1 | O32: Primary KC Alignment: The multiplication involved is 0.125 × 400. This does not require multiplying a decimal by 10, 100, 1000, or their multiples as stated by the intended Primary Knowledge Component. Instead, it is multiplying a decimal by a whole number, which does not fully align with the specific KC intended. | P32: 2.1059043
A33: TD | B33: Question 32 | C33: 0 | D33: 1 | E33: 0 | F33: 1 | G33: 1 | H33: 'NA | I33: 1 | J33: 'NA | K33: 1 | L33: 1 | M33: 1 | N33: 1 | O33: Primary KC Alignment: The problem requires dividing 127.850 by 7, which is not dividing by 10, 100, 1000 or their multiples—it is dividing by a single digit number (7). The intended Primary Knowledge Component is DIVIDING DECIMALS (up to 3 decimal places) BY 10, 100, 1000 AND THEIR MULTIPLES, but dividing by 7 does not fit this specification. | P33: 2.320847
A34: TD | B34: Question 33 | C34: 0 | D34: 0 | E34: 'NA | F34: 'NA | G34: 'NA | H34: 'NA | I34: 'NA | J34: 'NA | K34: 'NA | L34: 'NA | M34: 'NA | N34: 'NA | O34: answerability: The problem states Sarah swims 4 laps with the given times, but her coach divides the TOTAL time of those laps by 400 to find the average per 100 meters, claiming she swam 40,000 meters. However, there is no information about the length of each lap, and the sum of the laps (4 laps) is not consistent with 40,000 meters as the distance. Therefore, with missing necessary details (length per lap or laps totaling 40,000 meters), the problem cannot be answered.primary_kc_alignment: The division required is not dividing decimals by 10, 100, 1000, or their multiples, but by 400. 400 is not a multiple of 10, 100, or 1000 in the context of the Singapore primary curriculum division strand (which focuses on dividing by 10/100/1000 and sometimes simple multiples such as 20, 50, etc.) in this grade. grade_alignment: Primary 5 level may not include division of decimals by numbers like 400, especially when the dividend is not a simple round number. Division of decimals by 10, 100, 1000 is required, but dividing by 400 (with non-terminating decimals) is likely above this grade level.real_world_feasibility: It's unrealistic that only 4 laps could total 40,000 meters (each would be 10,000 m, which is not a plausible swimming lap length).conciseness_and_relevance: There is an unnecessary mention of 40,000 meters and division by 400, which does not logically connect with the other data provided (4 laps of given times). | P34: 5.387213
A35: TD | B35: Question 34 | C35: 0 | D35: 1 | E35: 1 | F35: 1 | G35: 1 | H35: 1 | I35: 1 | J35: 1 | K35: 1 | L35: 1 | M35: 1 | N35: 1 | P35: 2.3252676
A36: TD | B36: Question 35 | C36: 0 | D36: 1 | E36: 1 | F36: 1 | G36: 1 | H36: 1 | I36: 1 | J36: 1 | K36: 1 | L36: 1 | M36: 1 | N36: 1 | P36: 2.1226935
A37: TD | B37: Question 36 | C37: 0 | D37: 1 | E37: 1 | F37: 1 | G37: 1 | H37: 1 | I37: 1 | J37: 1 | K37: 1 | L37: 1 | M37: 1 | N37: 1 | P37: 1.8131423
A38: TD | B38: Question 37 | C38: 0 | D38: 1 | E38: 1 | F38: 1 | G38: 1 | H38: 1 | I38: 1 | J38: 1 | K38: 1 | L38: 1 | M38: 1 | N38: 1 | P38: 1.6075754
A39: TD | B39: Question 38 | C39: 0 | D39: 1 | E39: 1 | F39: 1 | G39: 1 | H39: 1 | I39: 1 | J39: 1 | K39: 1 | L39: 1 | M39: 1 | N39: 1 | P39: 7.936949
A40: TD | B40: Question 39 | C40: 0 | D40: 1 | E40: 0 | F40: 1 | G40: 1 | H40: 'NA | I40: 1 | J40: 'NA | K40: 1 | L40: 1 | M40: 1 | N40: 1 | O40: Primary KC Alignment (0): The division required is dividing a fraction (remaining hours) by the fraction of the week (2/3), but the actual question asks for 'hours per day.' The correct calculation conceptually would be to first determine the remaining hours (subtraction—secondary KC), then distribute these hours over the remaining days (which would require knowledge of how many days '2/3 of the week' is). The division performed is 'remaining hours divided by the number of days', which is a whole/fraction ÷ whole number (number of days), not dividing by a fraction as intended by the primary KC.Synergy (0): The subtraction and division required here are not used in a manner where the division is of a fraction by a fraction as intended. Instead, the subtraction is performed to get remaining hours, but the final division is by a whole number (number of days in 2/3 of a week), not directly by a fraction. This breaks the intended blend of the two KCs for solving the final answer. | P40: 5.7031102
A41: TD | B41: Question 40 | C41: 0 | D41: 0 | E41: 'NA | F41: 'NA | G41: 'NA | H41: 'NA | I41: 'NA | J41: 'NA | K41: 'NA | L41: 'NA | M41: 'NA | N41: 'NA | O41: A) Answerability: The problem does not specify Sarah's total practice time for today (the 'whole'), so we can't determine the value of 3/4 of the whole, making the number of sessions unanswerable. B) Primary KC Alignment: The intent is 'dividing a whole number/proper fraction by a proper fraction,' but we only have 3/4 and 2/5 with no reference to the total, so division can't be executed. C) Secondary KC Alignment: The answer asks for a decimal, but without a proper result from the primary operation, conversion to decimal is moot. F) Real-world feasibility: It's implausible for someone to know the fraction of total practice time completed without knowing the total amount; sessions are typically counted by length or quantity, not a fraction of an unknown total. G) Synergy: Since you can't complete the division or convert the result to decimal due to missing total information, the two KCs do not operate in tandem. | P41: 4.4767725
A42: TD | B42: Question 41 | C42: 0 | D42: 1 | E42: 1 | F42: 1 | G42: 1 | H42: 1 | I42: 1 | J42: 1 | K42: 1 | L42: 1 | M42: 1 | N42: 1 | P42: 1.4399073
A43: TD | B43: Question 42 | C43: 0 | D43: 1 | E43: 1 | F43: 1 | G43: 1 | H43: 1 | I43: 1 | J43: 1 | K43: 1 | L43: 1 | M43: 1 | N43: 1 | P43: 2.0040264
A44: TD | B44: Question 43 | C44: 0 | D44: 1 | E44: 1 | F44: 0 | G44: 1 | H44: 1 | I44: 1 | J44: 'NA | K44: 1 | L44: 1 | M44: 1 | N44: 1 | O44: Secondary Knowledge Component is 'Addition of whole numbers', but the word problem does not require the addition of the points; it only requires comparing the numbers as ratios. Synergy is rated 0 because only the primary knowledge component (finding ratios) is needed to solve the problem, and addition is not required in any step, thus the two KCs are not used together. | P44: 2.0992401
A45: TD | B45: Question 44 | C45: 0 | D45: 1 | E45: 1 | F45: 1 | G45: 1 | H45: 1 | I45: 1 | J45: 1 | K45: 1 | L45: 1 | M45: 1 | N45: 1 | P45: 1.841959
A46: TD | B46: Question 45 | C46: 0 | D46: 1 | E46: 1 | F46: 1 | G46: 1 | H46: 1 | I46: 1 | J46: 1 | K46: 1 | L46: 1 | M46: 1 | N46: 1 | P46: 2.6948423
A47: TD | B47: Question 46 | C47: 0 | D47: 1 | E47: 1 | F47: 1 | G47: 1 | H47: 1 | I47: 1 | J47: 1 | K47: 1 | L47: 1 | M47: 1 | N47: 1 | P47: 1.4774952
A48: TD | B48: Question 47 | C48: 0 | D48: 1 | E48: 1 | F48: 1 | G48: 1 | H48: 1 | I48: 1 | J48: 1 | K48: 1 | L48: 1 | M48: 1 | N48: 1 | P48: 1.503912
A49: TD | B49: Question 48 | C49: 0 | D49: 1 | E49: 1 | F49: 1 | G49: 1 | H49: 1 | I49: 1 | J49: 1 | K49: 1 | L49: 1 | M49: 1 | N49: 1 | P49: 1.7194209
A50: TD | B50: Question 49 | C50: 0 | D50: 1 | E50: 1 | F50: 1 | G50: 1 | H50: 1 | I50: 1 | J50: 1 | K50: 1 | L50: 1 | M50: 1 | N50: 1 | P50: 1.9727268
A51: Minh | B51: Question 1 | C51: 0 | D51: 1 | E51: 1 | F51: 1 | G51: 1 | H51: 1 | I51: 1 | J51: 1 | K51: 1 | L51: 1 | M51: 1 | N51: 1 | P51: 1.5219591
A52: Minh | B52: Question 2 | C52: 0 | D52: 0 | E52: 'NA | F52: 'NA | G52: 'NA | H52: 'NA | I52: 'NA | J52: 'NA | K52: 'NA | L52: 'NA | M52: 'NA | N52: 'NA | O52: answerability: The problem asks for the total number of students participating, but since it says '847 students want to participate' and then asks how many are left without a complete group, logically, ALL 847 students are participating unless some are left out purposely. However, forming groups of at most 6 and then asking about complete groups and left out students is ambiguous as it is unclear whether the leftover students participate or not, which affects part (c).primary_kc_alignment: Division is the main component, but dividing an 847 (3 digits) by 6 (1 digit) fits. However, the last part ('total number of students that will participate') does not require division; it is ambiguous if only complete groups participate or all do.secondary_kc_alignment: No explicit use of addition is required, unless the intention is to add complete group students and leftover students, but that is not clearly prompted or necessary. So it does not target addition as a secondary KC.grade_alignment: Dividing a 3-digit number by a 1-digit number with remainder fits, but the number 847 is too large and unfamiliar for Primary 3, challenging their computation and possibly exceeding curricular guidelines.synergy: There is no required use of both division and addition together to solve any part of the problem; addition is not truly necessary as phrased.conciseness_and_relevance: The third question is redundant or ambiguous, since the total number of students who want to participate is 847, unless students unable to form a complete group are not counted, which contradicts real practice or is unclear. | P52: 5.8120403
A53: Minh | B53: Question 3 | C53: 0 | D53: 1 | E53: 1 | F53: 1 | G53: 1 | H53: 1 | I53: 1 | J53: 1 | K53: 1 | L53: 1 | M53: 1 | N53: 1 | P53: 2.7922838
A54: Minh | B54: Question 4 | C54: 0 | D54: 1 | E54: 1 | F54: 1 | G54: 1 | H54: 1 | I54: 1 | J54: 0 | K54: 1 | L54: 1 | M54: 1 | N54: 1 | O54: The use of both division and addition is present, but the two are not synergistic: the division step (dividing 276 by 4) has no bearing on the final answer, which only requires adding 276 + 48. Therefore, the problem does not require results from division to determine the total after the donation, breaking synergy. | P54: 2.7671287
A55: Minh | B55: Question 5 | C55: 0 | D55: 1 | E55: 0 | F55: 1 | G55: 1 | H55: 'NA | I55: 1 | J55: 'NA | K55: 1 | L55: 1 | M55: 1 | N55: 1 | O55: Primary KC Alignment: The division required is 816 ÷ 6, where 816 is a 3-digit number but, originally, students are presented with 864 (a 3-digit number), but must first subtract 48, resulting in 816 to divide by 6. This fits within Primary 3 curriculum in Singapore, which covers division of up to 3-digit numbers by 1 digit, but the initial division implied by the primary KC is for 3-digit numbers (not 4 digits as could be inferred if the subtraction is overlooked). However, the operations needed to solve the problem (subtract 48 from 864, then divide the result by 6) are appropriate. Thus, the rating is set to 0 for being borderline but technically fitting. Grade Alignment: While Primary 3 covers up to 3-digit numbers for subtraction and division, the two-step operation may be challenging for some lower- to mid-Primary 3 students, but it is still within the syllabus. If strictest interpretation is used (immediate division only, no adjustment), it could be considered slightly advanced. | P55: 4.3824995
A56: Minh | B56: Question 6 | C56: 0 | D56: 1 | E56: 0 | F56: 0 | G56: 1 | H56: 'NA | I56: 1 | J56: 'NA | K56: 1 | L56: 1 | M56: 1 | N56: 1 | O56: Primary KC Alignment: The division required is 432 ÷ 6, which is dividing a 3-digit number by a 1-digit number. This matches the primary knowledge component. However, the phrase 'up to 3 digits' could fit, but as the intended grade is Primary 3, curriculum pacing may not expect such large dividends (often capped at 2-digit by 1-digit at this grade in Singapore syllabus). Secondary KC Alignment: The second part ('How many practice sessions can each team have with their basketballs?') requires dividing (72 ÷ 4 ⇒ 18), not multiplying. Intended secondary KC is multiplication; no explicit multiplication operation is needed to answer questions here. Grade Alignment: The numbers involved and multi-step reasoning may exceed typical Primary 3 division/multiplication expectations, especially with 3-digit dividends and multi-step logic required. | P56: 4.1482744
A57: Minh | B57: Question 7 | C57: 0 | D57: 1 | E57: 1 | F57: 1 | G57: 1 | H57: 1 | I57: 1 | J57: 1 | K57: 1 | L57: 1 | M57: 1 | N57: 1 | P57: 23.715263
A58: Minh | B58: Question 8 | C58: 0 | D58: 1 | E58: 0 | F58: 1 | G58: 1 | H58: 'NA | I58: 1 | J58: 'NA | K58: 1 | L58: 1 | M58: 1 | N58: 1 | O58: Primary KC Alignment = 0: The intended primary knowledge component is subtraction of two related fractions within one whole. However, the problem requires subtracting the sum of two fractions (Monday+Tuesday) from another fraction (Wednesday): (Wednesday) - (Monday+Tuesday), where the minuend ($[FORMULA]$) is less than the sum ($[FORMULA]+[FORMULA] = [FORMULA]$), which results in a negative value (-$[FORMULA]$). At Primary 3, subtraction resulting in negative fractions is not typical or appropriate for the syllabus — usually, subtraction would be between two related fractions where the answer remains non-negative within one whole. Thus, the subtraction is not within one whole and does not fit the intended KC's constraints. | P58: 3.1755047
A59: Minh | B59: Question 9 | C59: 0 | D59: 1 | E59: 1 | F59: 1 | G59: 1 | H59: 1 | I59: 1 | J59: 1 | K59: 1 | L59: 1 | M59: 1 | N59: 1 | P59: 1.5934651
A60: Minh | B60: Question 10 | C60: 0 | D60: 1 | E60: 1 | F60: 1 | G60: 1 | H60: 1 | I60: 1 | J60: 1 | K60: 1 | L60: 1 | M60: 1 | N60: 1 | P60: 1.6086953
A61: Minh | B61: Question 11 | C61: 0 | D61: 1 | E61: 1 | F61: 1 | G61: 1 | H61: 1 | I61: 1 | J61: 1 | K61: 1 | L61: 1 | M61: 1 | N61: 1 | P61: 3.4663355
A62: Minh | B62: Question 12 | C62: 0 | D62: 1 | E62: 1 | F62: 1 | G62: 1 | H62: 1 | I62: 1 | J62: 1 | K62: 1 | L62: 1 | M62: 1 | N62: 1 | P62: 1.529429
A63: Minh | B63: Question 13 | C63: 0 | D63: 1 | E63: 1 | F63: 1 | G63: 1 | H63: 1 | I63: 1 | J63: 1 | K63: 1 | L63: 1 | M63: 1 | N63: 1 | P63: 8.179785
A64: Minh | B64: Question 14 | C64: 0 | D64: 1 | E64: 1 | F64: 1 | G64: 1 | H64: 1 | I64: 1 | J64: 1 | K64: 1 | L64: 1 | M64: 1 | N64: 1 | P64: 1.4158287
A65: Minh | B65: Question 15 | C65: 0 | D65: 1 | E65: 0 | F65: 1 | G65: 1 | H65: 'NA | I65: 1 | J65: 'NA | K65: 1 | L65: 1 | M65: 1 | N65: 1 | O65: Primary KC Alignment: The problem requires adding numbers with up to three decimal places (e.g., 3.126 km), while the intended KC is addition of decimals up to 2 decimal places only. Grade Alignment: Addition of decimals with three decimal places (3.126) is not appropriate for Primary 4, which typically only requires working with up to two decimal places. | P65: 2.6047921
A66: Minh | B66: Question 16 | C66: 0 | D66: 1 | E66: 1 | F66: 1 | G66: 1 | H66: 1 | I66: 1 | J66: 1 | K66: 1 | L66: 1 | M66: 1 | N66: 1 | P66: 1.2894688
A67: Minh | B67: Question 17 | C67: 0 | D67: 1 | E67: 1 | F67: 1 | G67: 1 | H67: 1 | I67: 1 | J67: 1 | K67: 1 | L67: 1 | M67: 1 | N67: 1 | P67: 2.014627
A68: Minh | B68: Question 18 | C68: 0 | D68: 1 | E68: 1 | F68: 1 | G68: 1 | H68: 1 | I68: 1 | J68: 1 | K68: 1 | L68: 1 | M68: 1 | N68: 1 | P68: 1.7600353
A69: Minh | B69: Question 19 | C69: 0 | D69: 1 | E69: 1 | F69: 1 | G69: 1 | H69: 1 | I69: 1 | J69: 1 | K69: 1 | L69: 1 | M69: 1 | N69: 1 | P69: 1.6043494
A70: Minh | B70: Question 20 | C70: 0 | D70: 1 | E70: 1 | F70: 1 | G70: 1 | H70: 1 | I70: 1 | J70: 1 | K70: 1 | L70: 1 | M70: 1 | N70: 1 | P70: 1.7237613
A71: Minh | B71: Question 21 | C71: 0 | D71: 1 | E71: 0 | F71: 1 | G71: 1 | H71: 'NA | I71: 1 | J71: 'NA | K71: 1 | L71: 1 | M71: 1 | N71: 1 | O71: Primary KC alignment: The intended primary KC is multiplying a proper/improper fraction and a whole number. In the problem, you multiply the planned daily practice time, which is a mixed number ($2[FORMULA]$ hours), by the fraction $[FORMULA]$ to find Tuesday's practice duration. However, multiplying a mixed number by a proper fraction doesn't directly test multiplying a proper/improper fraction by a whole number, as required. Instead, it is multiplying a mixed number by a fraction, which is slightly more complex than the intended primary KC. | P71: 2.9677641
A72: Minh | B72: Question 22 | C72: 0 | D72: 1 | E72: 1 | F72: 1 | G72: 1 | H72: 1 | I72: 1 | J72: 1 | K72: 1 | L72: 1 | M72: 1 | N72: 1 | P72: 2.9729378
A73: Minh | B73: Question 23 | C73: 0 | D73: 1 | E73: 1 | F73: 1 | G73: 1 | H73: 1 | I73: 1 | J73: 1 | K73: 1 | L73: 1 | M73: 1 | N73: 1 | P73: 1.7509344
A74: Minh | B74: Question 24 | C74: 0 | D74: 1 | E74: 1 | F74: 1 | G74: 1 | H74: 1 | I74: 1 | J74: 1 | K74: 1 | L74: 1 | M74: 1 | N74: 1 | P74: 1.5975263
A75: Minh | B75: Question 25 | C75: 0 | D75: 1 | E75: 1 | F75: 1 | G75: 1 | H75: 1 | I75: 1 | J75: 1 | K75: 1 | L75: 1 | M75: 1 | N75: 1 | P75: 1.6361668
A76: Minh | B76: Question 26 | C76: 0 | D76: 1 | E76: 1 | F76: 1 | G76: 1 | H76: 1 | I76: 1 | J76: 1 | K76: 1 | L76: 1 | M76: 1 | N76: 1 | P76: 1.7505314
A77: Minh | B77: Question 27 | C77: 0 | D77: 1 | E77: 0 | F77: 1 | G77: 1 | H77: 'NA | I77: 1 | J77: 'NA | K77: 1 | L77: 1 | M77: 1 | N77: 1 | O77: Primary KC alignment = 0: The problem requires multiplying 23.456 by 30. According to Singapore Primary 5 syllabus, the primary KC 'multiplying decimals (up to 3 decimal places) by 10, 100, 1000 and their multiples' means multiplying by powers of 10 (10, 100, 1000, etc.), not by arbitrary numbers like 30. The number 30 is not a simple multiple of 10, so this goes beyond the intended scope of the KC. | P77: 2.6500413
A78: Minh | B78: Question 28 | C78: 0 | D78: 1 | E78: 0 | F78: 1 | G78: 1 | H78: 'NA | I78: 1 | J78: 'NA | K78: 1 | L78: 1 | M78: 1 | N78: 1 | O78: Primary KC Alignment (0): The division here is 142.8 divided by 60, but the intended Primary KC specifies dividing by 10, 100, 1000 and their multiples (i.e., 10, 20, 100, 200, etc.), and 60 is not a multiple of 10, 100, or 1000. The knowledge involved is general decimal division by a 2-digit number, which is not directly aligned with the intended KC focus of division by powers of ten and their clear multiples.Grade Alignment (0): Dividing decimals by 60 and expressing the answer as a simple fraction exceeds most Primary 5 SG syllabus requirements, which focus on dividing by 10/100/1000 or basic conversions. Expressing non-terminating decimals like 2.38... as simplest fractions is usually more secondary-level. | P78: 4.5456603
A79: Minh | B79: Question 29 | C79: 0 | D79: 1 | E79: 1 | F79: 1 | G79: 1 | H79: 1 | I79: 1 | J79: 1 | K79: 1 | L79: 1 | M79: 1 | N79: 1 | P79: 2.2525785
A80: Minh | B80: Question 30 | C80: 0 | D80: 1 | E80: 1 | F80: 1 | G80: 1 | H80: 1 | I80: 1 | J80: 1 | K80: 1 | L80: 1 | M80: 1 | N80: 1 | P80: 1.8118773
A81: Minh | B81: Question 31 | C81: 0 | D81: 1 | E81: 1 | F81: 0 | G81: 1 | H81: 1 | I81: 1 | J81: 'NA | K81: 1 | L81: 1 | M81: 1 | N81: 1 | O81: Secondary KC: The problem requires conversion from kilometers to meters (smaller to larger unit), rather than from a smaller unit to a larger unit as specified (should be meters to kilometers for the intended KC). Synergy: While both rate and unit conversion are involved, the conversion is not from a smaller unit to a larger one in decimal form as the secondary KC intends; thus, synergy between the intended KCs is not met per the specification. | P81: 3.195977
A82: Minh | B82: Question 32 | C82: 0 | D82: 1 | E82: 1 | F82: 0 | G82: 1 | H82: 1 | I82: 1 | J82: 'NA | K82: 1 | L82: 1 | M82: 1 | N82: 1 | O82: Secondary KC Alignment: The problem does not require converting a measurement from a larger unit in decimal form to a smaller unit (such as converting minutes to seconds or laps to another sub-unit); all numbers are already in decimal form and no conversion is required. Synergy: Only the primary knowledge component is used to solve the problem. The secondary component (unit conversion) is not needed, therefore there is no synergy between the two knowledge components. | P82: 3.5824072
A83: Minh | B83: Question 33 | C83: 0 | D83: 1 | E83: 1 | F83: 1 | G83: 1 | H83: 1 | I83: 1 | J83: 1 | K83: 1 | L83: 1 | M83: 1 | N83: 1 | P83: 1.575959
A84: Minh | B84: Question 34 | C84: 0 | D84: 1 | E84: 1 | F84: 1 | G84: 1 | H84: 1 | I84: 1 | J84: 1 | K84: 1 | L84: 1 | M84: 1 | N84: 1 | P84: 2.3953261
A85: Minh | B85: Question 35 | C85: 0 | D85: 1 | E85: 1 | F85: 1 | G85: 1 | H85: 1 | I85: 1 | J85: 1 | K85: 1 | L85: 1 | M85: 1 | N85: 1 | P85: 1.3753257
A86: Minh | B86: Question 36 | C86: 0 | D86: 1 | E86: 1 | F86: 1 | G86: 1 | H86: 1 | I86: 1 | J86: 1 | K86: 1 | L86: 1 | M86: 1 | N86: 1 | P86: 1.9802613
A87: Minh | B87: Question 37 | C87: 0 | D87: 1 | E87: 1 | F87: 1 | G87: 1 | H87: 1 | I87: 1 | J87: 1 | K87: 1 | L87: 1 | M87: 1 | N87: 1 | P87: 1.41747
A88: Minh | B88: Question 38 | C88: 0 | D88: 1 | E88: 1 | F88: 1 | G88: 1 | H88: 1 | I88: 1 | J88: 1 | K88: 1 | L88: 1 | M88: 1 | N88: 1 | P88: 1.7992556
A89: Minh | B89: Question 39 | C89: 0 | D89: 1 | E89: 1 | F89: 1 | G89: 1 | H89: 1 | I89: 1 | J89: 1 | K89: 1 | L89: 1 | M89: 1 | N89: 1 | P89: 1.6499984
A90: Minh | B90: Question 40 | C90: 0 | D90: 1 | E90: 1 | F90: 1 | G90: 1 | H90: 1 | I90: 1 | J90: 1 | K90: 1 | L90: 1 | M90: 1 | N90: 1 | P90: 2.087441
A91: Minh | B91: Question 41 | C91: 0 | D91: 1 | E91: 1 | F91: 1 | G91: 1 | H91: 1 | I91: 1 | J91: 1 | K91: 1 | L91: 1 | M91: 1 | N91: 1 | P91: 2.0332682
A92: Minh | B92: Question 42 | C92: 0 | D92: 1 | E92: 0 | F92: 1 | G92: 1 | H92: 'NA | I92: 1 | J92: 'NA | K92: 1 | L92: 1 | M92: 1 | N92: 1 | O92: Primary KC Alignment: The problem only requires proportional reasoning to find the number of losses (if the total were to be found before the extra games), but as written, with the number of wins given directly and just a simple addition to account for extra wins, the main focus is on simple arithmetic, not finding a missing term in equivalent ratios. The ratio aspect is not essential for the solution, because the number of losses is not actually needed to answer the question. | Synergy: The solution does not require the two KCs to be used in tandem—the ratio aspect does not connect to the addition step, as the answer is found by simply adding the extra wins to the total wins and summing to get total games played, without needing to use the equivalent ratio concept. | P92: 3.2609265
A93: Minh | B93: Question 43 | C93: 0 | D93: 1 | E93: 1 | F93: 1 | G93: 1 | H93: 1 | I93: 1 | J93: 1 | K93: 1 | L93: 1 | M93: 1 | N93: 1 | P93: 1.5222397
A94: Minh | B94: Question 44 | C94: 0 | D94: 1 | E94: 1 | F94: 1 | G94: 1 | H94: 1 | I94: 1 | J94: 1 | K94: 1 | L94: 1 | M94: 1 | N94: 1 | P94: 2.3407922
A95: Minh | B95: Question 45 | C95: 0 | D95: 1 | E95: 1 | F95: 1 | G95: 1 | H95: 1 | I95: 1 | J95: 1 | K95: 1 | L95: 1 | M95: 1 | N95: 1 | P95: 1.7164772
A96: Minh | B96: Question 46 | C96: 0 | D96: 1 | E96: 1 | F96: 1 | G96: 1 | H96: 1 | I96: 1 | J96: 1 | K96: 1 | L96: 1 | M96: 1 | N96: 1 | P96: 2.7106252
A97: Minh | B97: Question 47 | C97: 0 | D97: 1 | E97: 1 | F97: 1 | G97: 1 | H97: 1 | I97: 1 | J97: 1 | K97: 1 | L97: 1 | M97: 1 | N97: 1 | P97: 1.6545267
A98: Minh | B98: Question 48 | C98: 0 | D98: 1 | E98: 1 | F98: 1 | G98: 1 | H98: 1 | I98: 1 | J98: 1 | K98: 1 | L98: 1 | M98: 1 | N98: 1 | P98: 1.8865864
A99: Minh | B99: Question 49 | C99: 0 | D99: 1 | E99: 1 | F99: 1 | G99: 1 | H99: 1 | I99: 1 | J99: 1 | K99: 1 | L99: 1 | M99: 1 | N99: 1 | P99: 2.6611571
A100: Minh | B100: Question 50 | C100: 0 | D100: 1 | E100: 1 | F100: 1 | G100: 1 | H100: 1 | I100: 1 | J100: 1 | K100: 1 | L100: 1 | M100: 1 | N100: 1 | P100: 2.1423655
...

Sheet recreation_claude_v2_5
A1: Evaluator | B1: Question | C1: status | D1: answerability | E1: primary_kc_alignment | F1: secondary_kc_alignment | G1: topic_alignment | H1: grade_alignment | I1: real_world_feasibility | J1: synergy | K1: clarity | L1: conciseness_and_relevance | M1: language_quality | N1: content_appropriateness | O1: explanation | P1: response_time
A2: TD | B2: Question 1 | C2: 0 | D2: 1 | E2: 1 | F2: 1 | G2: 1 | H2: 1 | I2: 1 | J2: 1 | K2: 1 | L2: 1 | M2: 1 | N2: 1 | P2: 1.5327268
A3: TD | B3: Question 2 | C3: 0 | D3: 1 | E3: 1 | F3: 1 | G3: 1 | H3: 1 | I3: 1 | J3: 1 | K3: 1 | L3: 1 | M3: 1 | N3: 1 | P3: 1.409132
A4: TD | B4: Question 3 | C4: 0 | D4: 1 | E4: 1 | F4: 1 | G4: 1 | H4: 1 | I4: 1 | J4: 1 | K4: 1 | L4: 1 | M4: 1 | N4: 1 | P4: 1.3951514
A5: TD | B5: Question 4 | C5: 0 | D5: 1 | E5: 1 | F5: 1 | G5: 1 | H5: 1 | I5: 1 | J5: 1 | K5: 1 | L5: 1 | M5: 1 | N5: 1 | P5: 1.5059516
A6: TD | B6: Question 5 | C6: 0 | D6: 1 | E6: 1 | F6: 1 | G6: 1 | H6: 1 | I6: 1 | J6: 1 | K6: 1 | L6: 1 | M6: 1 | N6: 1 | P6: 1.376302
A7: TD | B7: Question 6 | C7: 0 | D7: 1 | E7: 1 | F7: 1 | G7: 1 | H7: 1 | I7: 1 | J7: 1 | K7: 1 | L7: 1 | M7: 1 | N7: 1 | P7: 1.6317761
A8: TD | B8: Question 7 | C8: 0 | D8: 1 | E8: 1 | F8: 1 | G8: 1 | H8: 1 | I8: 1 | J8: 1 | K8: 1 | L8: 1 | M8: 1 | N8: 1 | P8: 1.4838734
A9: TD | B9: Question 8 | C9: 0 | D9: 1 | E9: 1 | F9: 1 | G9: 1 | H9: 1 | I9: 1 | J9: 1 | K9: 1 | L9: 1 | M9: 1 | N9: 1 | P9: 1.9097512
A10: TD | B10: Question 9 | C10: 0 | D10: 1 | E10: 1 | F10: 1 | G10: 1 | H10: 1 | I10: 1 | J10: 1 | K10: 1 | L10: 1 | M10: 1 | N10: 1 | P10: 3.0059342
A11: TD | B11: Question 10 | C11: 0 | D11: 1 | E11: 1 | F11: 1 | G11: 1 | H11: 1 | I11: 1 | J11: 1 | K11: 1 | L11: 1 | M11: 1 | N11: 1 | P11: 2.8931038
A12: TD | B12: Question 11 | C12: 0 | D12: 1 | E12: 0 | F12: 0 | G12: 1 | H12: 'NA | I12: 1 | J12: 'NA | K12: 1 | L12: 1 | M12: 1 | N12: 1 | O12: Primary KC alignment (0): The problem does not require adding unlike fractions with two different denominators. Each subquestion only requires understanding one fraction at a time; the fractions given (e.g., Sarah's painting: 2/3, music: 1/4) are not meant to be added together, so the intended KC is not actually tested. Secondary KC alignment (0): There is no comparison or ordering of fractions in the way intended; (c) asks for who completed a greater total fraction of challenges but doesn't clarify whether this means summing the painting and music challenges (which doesn't make sense contextually for different activities), or simply comparing the individual challenge completions. Synergy (0): The questions do not require use of both intended KCs in tandem. Each sub-question is isolated, not requiring the learner to combine addition and comparison of unlike fractions as part of a solution pathway. | P12: 3.1602724
A13: TD | B13: Question 12 | C13: 0 | D13: 1 | E13: 1 | F13: 1 | G13: 1 | H13: 1 | I13: 1 | J13: 1 | K13: 1 | L13: 1 | M13: 1 | N13: 1 | P13: 2.0225906
A14: TD | B14: Question 13 | C14: 0 | D14: 1 | E14: 0 | F14: 1 | G14: 1 | H14: 'NA | I14: 1 | J14: 'NA | K14: 1 | L14: 1 | M14: 1 | N14: 1 | O14: Primary Knowledge Component: The problem involves adding 1.25 + 1.17 + 1.142 to get the total time, but 1.142 has 3 decimal places, which is beyond the specified 'up to 2 decimal places.' This also affects Grade Alignment, as Primary 4 students (according to the Singapore syllabus) are expected to work with decimals up to 2 decimal places only. Therefore, using 1.142 minutes (3 d.p.) is above the intended grade and not aligned with the intended Primary Knowledge Component. | P14: 3.032537
A15: TD | B15: Question 14 | C15: 0 | D15: 1 | E15: 1 | F15: 1 | G15: 1 | H15: 1 | I15: 1 | J15: 1 | K15: 1 | L15: 1 | M15: 1 | N15: 1 | P15: 1.5598068
A16: TD | B16: Question 15 | C16: 0 | D16: 1 | E16: 0 | F16: 1 | G16: 1 | H16: 'NA | I16: 1 | J16: 'NA | K16: 1 | L16: 1 | M16: 1 | N16: 1 | O16: Primary KC alignment: The problem requires subtracting decimals to 3 decimal places (3.750-2.486), but the intended focus is 'up to 2 decimal places'. Thus, it exceeds the intended skill. Grade alignment: Typical Primary 4 curriculum expects subtraction of decimals up to 2 decimal places, not 3. | P16: 2.9002542
A17: TD | B17: Question 16 | C17: 0 | D17: 1 | E17: 1 | F17: 1 | G17: 1 | H17: 1 | I17: 1 | J17: 1 | K17: 1 | L17: 1 | M17: 1 | N17: 1 | P17: 1.8207693
A18: TD | B18: Question 17 | C18: 0 | D18: 1 | E18: 1 | F18: 1 | G18: 1 | H18: 1 | I18: 1 | J18: 1 | K18: 1 | L18: 1 | M18: 1 | N18: 1 | P18: 1.690115
A19: TD | B19: Question 18 | C19: 0 | D19: 1 | E19: 1 | F19: 1 | G19: 1 | H19: 1 | I19: 1 | J19: 1 | K19: 1 | L19: 1 | M19: 1 | N19: 1 | P19: 1.4082787
A20: TD | B20: Question 19 | C20: 0 | D20: 1 | E20: 1 | F20: 1 | G20: 1 | H20: 1 | I20: 1 | J20: 1 | K20: 1 | L20: 1 | M20: 1 | N20: 1 | P20: 1.5024083
A21: TD | B21: Question 20 | C21: 0 | D21: 1 | E21: 1 | F21: 1 | G21: 1 | H21: 1 | I21: 1 | J21: 1 | K21: 1 | L21: 1 | M21: 1 | N21: 1 | P21: 1.7656233
A22: TD | B22: Question 21 | C22: 0 | D22: 1 | E22: 1 | F22: 1 | G22: 1 | H22: 1 | I22: 1 | J22: 1 | K22: 1 | L22: 1 | M22: 1 | N22: 1 | P22: 1.8726325
A23: TD | B23: Question 22 | C23: 0 | D23: 1 | E23: 1 | F23: 0 | G23: 1 | H23: 1 | I23: 1 | J23: 'NA | K23: 1 | L23: 1 | M23: 1 | N23: 1 | O23: Secondary KC Alignment (0): The problem does not require comparing or ordering fractions in the solution process; it involves subtracting two decimal/fractional results, but not comparing/ordering fractions directly as a mathematical skill focus. Synergy (0): The use of the primary and secondary KCs are not synergistic—in this question, solving for the distances is independent from determining who covered more distance, and the 'who ran more and by how much' part requires simple subtraction, not explicit comparison/ordering of fractions. | P23: 2.4920738
A24: TD | B24: Question 23 | C24: 0 | D24: 1 | E24: 1 | F24: 1 | G24: 1 | H24: 1 | I24: 1 | J24: 1 | K24: 1 | L24: 1 | M24: 1 | N24: 1 | P24: 3.2480814
A25: TD | B25: Question 24 | C25: 0 | D25: 1 | E25: 1 | F25: 1 | G25: 1 | H25: 1 | I25: 1 | J25: 1 | K25: 1 | L25: 1 | M25: 1 | N25: 1 | P25: 1.4430528
A26: TD | B26: Question 25 | C26: 0 | D26: 1 | E26: 1 | F26: 1 | G26: 1 | H26: 1 | I26: 1 | J26: 1 | K26: 1 | L26: 1 | M26: 1 | N26: 1 | P26: 1.8304818
A27: TD | B27: Question 26 | C27: 0 | D27: 1 | E27: 0 | F27: 1 | G27: 1 | H27: 'NA | I27: 1 | J27: 'NA | K27: 1 | L27: 1 | M27: 1 | N27: 1 | O27: Primary KC Alignment: The word problem only involves addition of fractions, not multiplication of two improper fractions as intended. While all numbers are improper fractions, students are asked to add them, not multiply. Synergy: Multiplication of improper fractions (primary KC) is never required to answer the questions, so the synergy between primary and secondary KC is not present. | P27: 2.2676432
A28: TD | B28: Question 27 | C28: 0 | D28: 1 | E28: 0 | F28: 1 | G28: 1 | H28: 'NA | I28: 1 | J28: 'NA | K28: 1 | L28: 1 | M28: 1 | N28: 1 | O28: Primary KC Alignment: The most complex calculation required is dividing by a fraction (to find planned practice time), not multiplying two improper fractions as specified. The division step is required to solve for planned practice time (since total practice = (2/3) x planned practice time ⇒ planned practice time = (total practice) ÷ (2/3)), which is outside the intended Primary KC. Synergy: The subtraction of fractions (to find total practice time) and the fraction division step occur in sequence, but multiplying two improper fractions is not used together with subtraction to solve the problem; thus, the expected synergy for the intended knowledge components is not present. | P28: 8.0838897
A29: TD | B29: Question 28 | C29: 0 | D29: 1 | E29: 0 | F29: 1 | G29: 1 | H29: 'NA | I29: 1 | J29: 'NA | K29: 1 | L29: 1 | M29: 1 | N29: 1 | O29: Primary KC Alignment (0): The problem requires multiplying a proper fraction ($[FORMULA]$) by an improper fraction ($[FORMULA]$), not two improper fractions as specified in the intended Primary Knowledge Component. Synergy (0): Only multiplication and simplification are involved here, but the problem does not require the separate use of two intertwined concepts; simplification naturally occurs after multiplication rather than requiring a deliberate application of two concepts in tandem. | P29: 2.4816458
A30: TD | B30: Question 29 | C30: 0 | D30: 1 | E30: 1 | F30: 1 | G30: 1 | H30: 1 | I30: 1 | J30: 1 | K30: 1 | L30: 1 | M30: 1 | N30: 1 | P30: 1.5346324
A31: TD | B31: Question 30 | C31: 0 | D31: 1 | E31: 0 | F31: 1 | G31: 1 | H31: 'NA | I31: 1 | J31: 'NA | K31: 1 | L31: 1 | M31: 1 | N31: 1 | O31: Primary KC alignment (0): The intended primary KC specifically targets multiplying decimals by 10, 100, 1000 and their multiples, but this problem requires multiplying a decimal (0.875) by 300. While 300 is a multiple of 10 and 100, the multiplication here is not structured in a way that emphasizes using solely 10, 100, or 1000 and their multiples as calculation aids, instead it presents an arbitrary factor (300) and expects direct multiplication. This is more aligned with general multiplication of decimals than the specific intended skill focus. Synergy (0): While the answer needs to be expressed as a mixed number and thus requires converting the final decimal product to a fraction, these two skills are not closely intertwined within the problem—the conversion only comes after the computation is done, instead of requiring ongoing or integrated reasoning between the decimal multiplication and conversion steps. | P31: 3.8286753
A32: TD | B32: Question 31 | C32: 0 | D32: 1 | E32: 0 | F32: 1 | G32: 1 | H32: 'NA | I32: 1 | J32: 'NA | K32: 1 | L32: 1 | M32: 1 | N32: 1 | O32: Primary Knowledge Component Alignment: The calculation required for the first part is 0.125 x 400, which involves multiplying a decimal by a whole number (not by 10, 100, 1000 or their multiples). The intended component specifically asks for multiplying decimals by 10, 100, 1000 or their multiples, and this question does not require that. Multiplying by 400 does not fit this narrowly-defined requirement. | P32: 12.901936
A33: TD | B33: Question 32 | C33: 0 | D33: 1 | E33: 0 | F33: 1 | G33: 1 | H33: 'NA | I33: 1 | J33: 'NA | K33: 1 | L33: 1 | M33: 1 | N33: 1 | O33: Primary KC Alignment: The problem asks to divide 127.850 by 7. Dividing by 7 is not division by 10, 100, 1000, or their multiples (such as 20, 30, 200, 3000, etc.), as required by the intended KC. This is general decimal division, not the specific type targeted. | P33: 2.4364192
A34: TD | B34: Question 33 | C34: 0 | D34: 0 | E34: 'NA | F34: 'NA | G34: 'NA | H34: 'NA | I34: 'NA | J34: 'NA | K34: 'NA | L34: 'NA | M34: 'NA | N34: 'NA | O34: A) Answerability: The problem is NOT answerable as stated. The total distance Sarah swam is 40,000 meters, but the lap times provided (totaling about 10 minutes) are not reasonable for such a distance. Four laps for 40,000 meters would mean each lap is 10,000 meters, which is unrealistic in swimming, especially in under 4 minutes per lap. So, there is conflicting information making the problem unsolvable as written. E) Grade alignment: While adding and dividing decimals are Primary 5 skills, the magnitude of the numbers (dividing by 400 and referencing 40,000 meters) may exceed realistic Primary 5 expectations due to context confusion; this could lead to misinterpretation at this cognitive level. F) Real-world feasibility: A swimming session of 40,000 meters (~40 km) is not plausible for Sarah (at any level, and especially for typical Primary 5 context). Also, the division calculation of total time by 400 to get per 100 meters is odd, since 40,000/100 = 400, but the numbers don't match real swimming distances. I) Conciseness/relevance: There is irrelevant/confusing information regarding distance versus lap times. The problem gives a total (40,000 m) that does not fit the lap data (4 laps in under 11 minutes), which is distracting and unnecessary for the computation. | P34: 6.0536392
A35: TD | B35: Question 34 | C35: 0 | D35: 1 | E35: 1 | F35: 0 | G35: 1 | H35: 1 | I35: 1 | J35: 'NA | K35: 1 | L35: 1 | M35: 1 | N35: 1 | O35: Secondary KC Alignment: The problem does not require explicit multiplication of whole numbers, only division and percentage calculation. Synergy: The solution only requires percentage calculation (part/whole x 100) and does not require multiplication and percentage concepts to work in tandem to complete the solution. | P35: 2.0178208
A36: TD | B36: Question 35 | C36: 0 | D36: 1 | E36: 1 | F36: 1 | G36: 1 | H36: 1 | I36: 1 | J36: 1 | K36: 1 | L36: 1 | M36: 1 | N36: 1 | P36: 2.9505315
A37: TD | B37: Question 36 | C37: 0 | D37: 1 | E37: 1 | F37: 1 | G37: 1 | H37: 1 | I37: 1 | J37: 1 | K37: 1 | L37: 1 | M37: 1 | N37: 1 | P37: 2.6276178
A38: TD | B38: Question 37 | C38: 0 | D38: 1 | E38: 1 | F38: 1 | G38: 1 | H38: 1 | I38: 1 | J38: 1 | K38: 1 | L38: 1 | M38: 1 | N38: 1 | P38: 1.7555673
A39: TD | B39: Question 38 | C39: 0 | D39: 1 | E39: 1 | F39: 1 | G39: 1 | H39: 1 | I39: 1 | J39: 1 | K39: 1 | L39: 1 | M39: 1 | N39: 1 | P39: 2.0269828
A40: TD | B40: Question 39 | C40: 0 | D40: 1 | E40: 1 | F40: 1 | G40: 1 | H40: 1 | I40: 0 | J40: 1 | K40: 1 | L40: 1 | M40: 1 | N40: 1 | O40: G: The phrase 'divide the remaining practice time equally among the next 2/3 of the week' is not a realistic division of days in a week for scheduling, as people do not typically split their planning into non-whole day segments, especially 2/3 of the week (approximately 4.67 days). In a real scenario, Sarah would plan by number of whole days remaining. | P40: 3.2056785
A41: TD | B41: Question 40 | C41: 0 | D41: 0 | E41: 'NA | F41: 'NA | G41: 'NA | H41: 'NA | I41: 'NA | J41: 'NA | K41: 'NA | L41: 'NA | M41: 'NA | N41: 'NA | O41: answerability: The total practice time for today is not given (no whole number or value for the full amount of practice time), so it is not possible to determine the number of sessions completed—insufficient information supplied. primary_kc_alignment: The problem expects dividing '3/4 of her total practice time' by '2/5 hour' but since the total time is unknown and no concrete quantity is divided, the intended division is not properly testable. secondary_kc_alignment: There is no fraction in this particular context whose decimal value needs to be explicitly calculated; the answer is requested as a decimal, but this does not fulfill the KC of conversion, as the process is essentially optional. synergy: With no effective division step completed and no decimal conversion, the two KCs cannot work in tandem. grade_alignment: The incompleteness of the information makes the item inapplicable for any grade as an answer can't be found. | P41: 3.5132256
A42: TD | B42: Question 41 | C42: 0 | D42: 1 | E42: 1 | F42: 1 | G42: 1 | H42: 1 | I42: 1 | J42: 1 | K42: 1 | L42: 1 | M42: 1 | N42: 1 | P42: 1.8133872
A43: TD | B43: Question 42 | C43: 0 | D43: 1 | E43: 1 | F43: 1 | G43: 1 | H43: 1 | I43: 1 | J43: 1 | K43: 1 | L43: 1 | M43: 1 | N43: 1 | P43: 1.4360416
A44: TD | B44: Question 43 | C44: 0 | D44: 1 | E44: 1 | F44: 0 | G44: 1 | H44: 1 | I44: 1 | J44: 'NA | K44: 1 | L44: 1 | M44: 1 | N44: 1 | O44: Secondary KC Alignment: The problem does not require addition of whole numbers; it only requires finding the ratio of the already given values. Synergy: The ratio can be determined directly from the three numbers provided; addition is not needed at any step, so the two KCs are not used in tandem. | P44: 3.4327347
A45: TD | B45: Question 44 | C45: 0 | D45: 1 | E45: 1 | F45: 1 | G45: 1 | H45: 1 | I45: 1 | J45: 1 | K45: 1 | L45: 1 | M45: 1 | N45: 1 | P45: 1.7378187
A46: TD | B46: Question 45 | C46: 0 | D46: 1 | E46: 1 | F46: 1 | G46: 1 | H46: 1 | I46: 1 | J46: 1 | K46: 1 | L46: 1 | M46: 1 | N46: 1 | P46: 2.2602818
A47: TD | B47: Question 46 | C47: 0 | D47: 1 | E47: 1 | F47: 1 | G47: 1 | H47: 1 | I47: 1 | J47: 1 | K47: 1 | L47: 1 | M47: 1 | N47: 1 | P47: 1.5702603
A48: TD | B48: Question 47 | C48: 0 | D48: 1 | E48: 1 | F48: 1 | G48: 1 | H48: 1 | I48: 1 | J48: 1 | K48: 1 | L48: 1 | M48: 1 | N48: 1 | P48: 1.5371192
A49: TD | B49: Question 48 | C49: 0 | D49: 1 | E49: 1 | F49: 1 | G49: 1 | H49: 1 | I49: 1 | J49: 1 | K49: 1 | L49: 1 | M49: 1 | N49: 1 | P49: 2.020129
A50: TD | B50: Question 49 | C50: 0 | D50: 1 | E50: 1 | F50: 1 | G50: 1 | H50: 1 | I50: 1 | J50: 1 | K50: 1 | L50: 1 | M50: 1 | N50: 1 | P50: 1.9379654
A51: Minh | B51: Question 1 | C51: 0 | D51: 1 | E51: 1 | F51: 1 | G51: 1 | H51: 1 | I51: 1 | J51: 1 | K51: 1 | L51: 1 | M51: 1 | N51: 1 | P51: 1.4546449
A52: Minh | B52: Question 2 | C52: 0 | D52: 1 | E52: 0 | F52: 1 | G52: 1 | H52: 'NA | I52: 1 | J52: 'NA | K52: 1 | L52: 1 | M52: 1 | N52: 1 | O52: Primary KC alignment: The problem requires dividing an 847 (a 3-digit number) by 6 (a 1-digit number), which is appropriate, but the Primary 3 band in Singapore Math typically handles numbers up to 3 digits divided by 1 digit, usually not as high as 847, and the context makes the division result a 100s-range quotient, a calculation not typical for this grade. Also, it asks for 'how many complete groups' (847/6=141 groups) and explicitly addresses remainders, but the magnitude makes it inappropriate for Primary 3. Grade alignment: The numbers used (847 and resulting group calculation) are beyond common Primary 3 level tasks, which usually involve smaller numbers for division with remainder. | P52: 9.9163783
A53: Minh | B53: Question 3 | C53: 0 | D53: 1 | E53: 1 | F53: 1 | G53: 1 | H53: 1 | I53: 1 | J53: 1 | K53: 1 | L53: 1 | M53: 1 | N53: 1 | P53: 1.740484
A54: Minh | B54: Question 4 | C54: 0 | D54: 1 | E54: 0 | F54: 0 | G54: 1 | H54: 'NA | I54: 0 | J54: 'NA | K54: 1 | L54: 1 | M54: 1 | N54: 1 | O54: Primary KC Alignment (0): The solution does not actually require the student to perform division, since dividing the basketballs is an unnecessary step to answer the question. The question only asks for the total after a donation, which involves addition only. Secondary KC Alignment (0): Only addition is necessary to solve the problem; division is irrelevant, so the secondary KC (addition) should not be secondary. Synergy (0): There is no synergy between division and addition; dividing the basketballs by 4 is unnecessary for answering the final question. Real World Feasibility (0): In reality, if Sarah collects and distributes basketballs equally, the context of total balls after donation would not require re-grouping all balls, but simply adding. There is a mild disconnect in the scenario design. | P54: 3.5001957
A55: Minh | B55: Question 5 | C55: 0 | D55: 1 | E55: 0 | F55: 1 | G55: 1 | H55: 'NA | I55: 1 | J55: 'NA | K55: 1 | L55: 1 | M55: 1 | N55: 1 | O55: Primary KC Alignment (0): The division to be performed is (864-48)/6 = 816/6, which is dividing an up-to-3-digit number (816) by a 1-digit number (6). However, the original number before subtraction (864) is a 3-digit number, so it fits the Primary KC—but the crucial operation is on 816 (after subtraction). Nevertheless, the alignment is borderline: since students first must subtract to get 816, then divide, arguably this does fit, so this could be open to interpretation, but since both 816 and 6 conform to the requirement, this is very close to the line. Grade Alignment (0): Singapore Primary 3 typically covers division of up to 3-digit numbers by 1-digit numbers, but requires students to first subtract to 816, then divide by 6; this two-step operation might be slightly above the intended complexity for Primary 3, depending on syllabus progression. However, as these individual operations fit the grade, this is also borderline but still acceptable for challenging problems at this level. | P55: 5.598208
A56: Minh | B56: Question 6 | C56: 0 | D56: 1 | E56: 0 | F56: 1 | G56: 1 | H56: 'NA | I56: 1 | J56: 'NA | K56: 1 | L56: 1 | M56: 1 | N56: 1 | O56: Primary KC alignment: The division 432 ÷ 6 involves dividing a 3-digit number by a 1-digit number, which fits Primary 3. However, to answer the second question ('How many practice sessions can each team have...'), each team gets 72 balls, and 72 ÷ 4 = 18 sessions. The division is 2-digit by 1-digit, which is acceptable. But the main division is 432 ÷ 6, a 3-digit divided by 1-digit, meeting the listed KC—but the presence of 432 (a 3-digit) might be considered a border case for Primary 3, depending on the syllabus. Grade alignment: The number 432 divided by 6 is at the upper-end difficulty for Primary 3; some syllabi restrict 3-digit division to numbers ≤ 360 for P3. Also, handling multi-step logic (division then another division for sessions, or understanding context to perform both operations) could exceed P3 cognitive load. Hence, this is at risk of slightly exceeding: so rated 0 to be strict. | P56: 5.1461265
A57: Minh | B57: Question 7 | C57: 0 | D57: 1 | E57: 1 | F57: 1 | G57: 1 | H57: 1 | I57: 1 | J57: 1 | K57: 1 | L57: 1 | M57: 1 | N57: 1 | P57: 1.6088545
A58: Minh | B58: Question 8 | C58: 0 | D58: 1 | E58: 0 | F58: 1 | G58: 1 | H58: 'NA | I58: 1 | J58: 'NA | K58: 1 | L58: 1 | M58: 1 | N58: 1 | O58: Primary KC alignment: The subtraction required is not between two related fractions within one whole; instead, students must add Monday and Tuesday's times (addition of fractions), then subtract this sum from Wednesday's time ($[FORMULA] - ([FORMULA] + [FORMULA])$). This means the subtraction is not directly between two given related fractions as described by the intended primary KC, but rather between a single fraction and a sum, which involves handling unlike denominators and mixed operations. | P58: 2.5645912
A59: Minh | B59: Question 9 | C59: 0 | D59: 1 | E59: 1 | F59: 1 | G59: 1 | H59: 1 | I59: 1 | J59: 1 | K59: 1 | L59: 1 | M59: 1 | N59: 1 | P59: 1.8054299
A60: Minh | B60: Question 10 | C60: 0 | D60: 1 | E60: 1 | F60: 1 | G60: 1 | H60: 1 | I60: 1 | J60: 1 | K60: 1 | L60: 1 | M60: 1 | N60: 1 | P60: 1.5329263
A61: Minh | B61: Question 11 | C61: 0 | D61: 1 | E61: 1 | F61: 1 | G61: 1 | H61: 1 | I61: 1 | J61: 1 | K61: 1 | L61: 1 | M61: 1 | N61: 1 | P61: 4.5312502
A62: Minh | B62: Question 12 | C62: 0 | D62: 1 | E62: 1 | F62: 1 | G62: 1 | H62: 1 | I62: 1 | J62: 1 | K62: 1 | L62: 1 | M62: 1 | N62: 1 | P62: 1.3801377
A63: Minh | B63: Question 13 | C63: 0 | D63: 1 | E63: 1 | F63: 1 | G63: 1 | H63: 1 | I63: 1 | J63: 1 | K63: 1 | L63: 1 | M63: 1 | N63: 1 | P63: 1.7302296
A64: Minh | B64: Question 14 | C64: 0 | D64: 1 | E64: 1 | F64: 1 | G64: 1 | H64: 1 | I64: 1 | J64: 1 | K64: 1 | L64: 1 | M64: 1 | N64: 1 | P64: 1.7123864
A65: Minh | B65: Question 15 | C65: 0 | D65: 1 | E65: 0 | F65: 1 | G65: 1 | H65: 'NA | I65: 1 | J65: 'NA | K65: 1 | L65: 1 | M65: 1 | N65: 1 | O65: primary_kc_alignment: The problem requires addition of decimals to 3 decimal places (3.126) while the intent restricts addition to up to 2 decimal places. grade_alignment: In Primary 4 Singapore syllabus, addition of decimals is usually limited to 2 decimal places, so the use of 3.126 km exceeds this level. | P65: 2.2937431
A66: Minh | B66: Question 16 | C66: 0 | D66: 1 | E66: 1 | F66: 1 | G66: 1 | H66: 1 | I66: 1 | J66: 1 | K66: 1 | L66: 1 | M66: 1 | N66: 1 | P66: 1.7703228
A67: Minh | B67: Question 17 | C67: 0 | D67: 1 | E67: 1 | F67: 1 | G67: 1 | H67: 1 | I67: 1 | J67: 1 | K67: 1 | L67: 1 | M67: 1 | N67: 1 | P67: 1.9109225
A68: Minh | B68: Question 18 | C68: 0 | D68: 1 | E68: 1 | F68: 1 | G68: 1 | H68: 1 | I68: 1 | J68: 1 | K68: 1 | L68: 1 | M68: 1 | N68: 1 | P68: 4.6764858
A69: Minh | B69: Question 19 | C69: 0 | D69: 1 | E69: 1 | F69: 1 | G69: 1 | H69: 1 | I69: 1 | J69: 1 | K69: 1 | L69: 1 | M69: 1 | N69: 1 | P69: 6.0419879
A70: Minh | B70: Question 20 | C70: 0 | D70: 1 | E70: 1 | F70: 1 | G70: 1 | H70: 1 | I70: 1 | J70: 1 | K70: 1 | L70: 1 | M70: 1 | N70: 1 | P70: 1.424082
A71: Minh | B71: Question 21 | C71: 0 | D71: 1 | E71: 0 | F71: 1 | G71: 1 | H71: 'NA | I71: 1 | J71: 'NA | K71: 1 | L71: 1 | M71: 1 | N71: 1 | O71: Primary KC Alignment: The problem requires multiplying a mixed number (2 1/4) by a proper fraction (5/6) to get the practice time on Tuesday. However, the primary KC specified is multiplying a proper/improper fraction and a whole number, but 2 1/4 is a mixed number, not a whole number, so it doesn't fit the intended main skill strictly. | P71: 2.4435108
A72: Minh | B72: Question 22 | C72: 0 | D72: 1 | E72: 1 | F72: 1 | G72: 1 | H72: 1 | I72: 1 | J72: 1 | K72: 1 | L72: 1 | M72: 1 | N72: 1 | P72: 1.8219655
A73: Minh | B73: Question 23 | C73: 0 | D73: 1 | E73: 1 | F73: 1 | G73: 1 | H73: 1 | I73: 1 | J73: 1 | K73: 1 | L73: 1 | M73: 1 | N73: 1 | P73: 1.7357934
A74: Minh | B74: Question 24 | C74: 0 | D74: 1 | E74: 1 | F74: 1 | G74: 1 | H74: 1 | I74: 1 | J74: 1 | K74: 1 | L74: 1 | M74: 1 | N74: 1 | P74: 1.5098848
A75: Minh | B75: Question 25 | C75: 0 | D75: 1 | E75: 1 | F75: 1 | G75: 1 | H75: 1 | I75: 1 | J75: 1 | K75: 1 | L75: 1 | M75: 1 | N75: 1 | P75: 2.1741703
A76: Minh | B76: Question 26 | C76: 0 | D76: 1 | E76: 1 | F76: 1 | G76: 1 | H76: 1 | I76: 1 | J76: 1 | K76: 1 | L76: 1 | M76: 1 | N76: 1 | P76: 1.848927
A77: Minh | B77: Question 27 | C77: 0 | D77: 1 | E77: 0 | F77: 1 | G77: 1 | H77: 'NA | I77: 1 | J77: 'NA | K77: 1 | L77: 1 | M77: 1 | N77: 1 | O77: Primary KC alignment: The question requires multiplying a decimal by 30, which does not directly target 'multiplying decimals by 10, 100, 1000 and their multiples.' The factor 30 is not a power of 10 or a simple multiple of 10, 100, 1000, and is beyond the specified intended KC. Grade alignment: Primary 5 Singapore math syllabus expects students to multiply decimals by 10, 100, or 1000, not general two-digit numbers like 30, making this question above the grade expectation. | P77: 2.8121831
A78: Minh | B78: Question 28 | C78: 0 | D78: 1 | E78: 0 | F78: 1 | G78: 1 | H78: 'NA | I78: 1 | J78: 'NA | K78: 1 | L78: 1 | M78: 1 | N78: 1 | O78: Primary KC Alignment: The Primary Knowledge Component specifies dividing decimals (up to 3 decimal places) by 10, 100, 1000 and their multiples. In this word problem, the division required is 142.8 ÷ 60, and 60 is not a multiple of 10, 100, or 1000, but rather a two-digit number unrelated to powers of ten. This exceeds the intended complexity and does not align strictly with the stated Primary KC. Grade Alignment: Primary 5 Singapore Math syllabus expects dividing decimals by 10, 100, 1000 and their multiples, but does NOT include dividing decimals by a two-digit non-multiple of 10 as in this problem. The calculation required here is more advanced than the grade standard. | P78: 4.0050132
A79: Minh | B79: Question 29 | C79: 0 | D79: 1 | E79: 1 | F79: 1 | G79: 1 | H79: 1 | I79: 1 | J79: 1 | K79: 1 | L79: 1 | M79: 1 | N79: 1 | P79: 1.9825354
A80: Minh | B80: Question 30 | C80: 0 | D80: 1 | E80: 1 | F80: 1 | G80: 1 | H80: 1 | I80: 1 | J80: 1 | K80: 1 | L80: 1 | M80: 1 | N80: 1 | P80: 1.8179016
A81: Minh | B81: Question 31 | C81: 0 | D81: 1 | E81: 1 | F81: 0 | G81: 1 | H81: 1 | I81: 1 | J81: 'NA | K81: 1 | L81: 1 | M81: 1 | N81: 1 | O81: Secondary KC: The intended secondary KC is converting from a smaller unit to a larger unit in decimal form (typically from meters to kilometers). However, the problem actually requires converting from kilometers to meters, which is converting from a larger unit to a smaller unit, and does not involve representing the answer in decimal kilometers. Synergy: The solution only requires straightforward multiplication (rate x time) and a single unit conversion in the 'wrong' direction; the primary and secondary KCs do not operate together as intended. | P81: 2.4598749
A82: Minh | B82: Question 32 | C82: 0 | D82: 1 | E82: 1 | F82: 0 | G82: 1 | H82: 1 | I82: 1 | J82: 'NA | K82: 1 | L82: 1 | M82: 1 | N82: 1 | O82: 3. The problem does not require converting a measurement from a larger unit in decimal form to a smaller unit (such as minutes to seconds or laps to meters). The only decimal operation is simple multiplication. 4. Only the primary knowledge component (rate calculation) is needed to solve the problem; secondary KC is not integrated with it (there is no step involving conversion to a smaller unit in context). | P82: 2.3328621
A83: Minh | B83: Question 33 | C83: 0 | D83: 1 | E83: 1 | F83: 1 | G83: 1 | H83: 1 | I83: 1 | J83: 1 | K83: 1 | L83: 1 | M83: 1 | N83: 1 | P83: 1.6812928
A84: Minh | B84: Question 34 | C84: 0 | D84: 1 | E84: 1 | F84: 1 | G84: 1 | H84: 1 | I84: 1 | J84: 1 | K84: 1 | L84: 1 | M84: 1 | N84: 1 | P84: 1.3697014
A85: Minh | B85: Question 35 | C85: 0 | D85: 1 | E85: 1 | F85: 1 | G85: 1 | H85: 1 | I85: 1 | J85: 1 | K85: 1 | L85: 1 | M85: 1 | N85: 1 | P85: 1.6761539
A86: Minh | B86: Question 36 | C86: 0 | D86: 1 | E86: 1 | F86: 1 | G86: 1 | H86: 1 | I86: 1 | J86: 1 | K86: 1 | L86: 1 | M86: 1 | N86: 1 | P86: 1.3565521
A87: Minh | B87: Question 37 | C87: 0 | D87: 1 | E87: 1 | F87: 1 | G87: 1 | H87: 1 | I87: 1 | J87: 1 | K87: 1 | L87: 1 | M87: 1 | N87: 1 | P87: 1.2703969
A88: Minh | B88: Question 38 | C88: 0 | D88: 1 | E88: 1 | F88: 1 | G88: 1 | H88: 1 | I88: 1 | J88: 1 | K88: 1 | L88: 1 | M88: 1 | N88: 1 | P88: 1.3186402
A89: Minh | B89: Question 39 | C89: 0 | D89: 1 | E89: 1 | F89: 1 | G89: 1 | H89: 1 | I89: 1 | J89: 1 | K89: 1 | L89: 1 | M89: 1 | N89: 1 | P89: 2.6342778
A90: Minh | B90: Question 40 | C90: 0 | D90: 1 | E90: 1 | F90: 1 | G90: 1 | H90: 1 | I90: 1 | J90: 1 | K90: 1 | L90: 1 | M90: 1 | N90: 1 | P90: 1.4083927
A91: Minh | B91: Question 41 | C91: 0 | D91: 1 | E91: 1 | F91: 1 | G91: 1 | H91: 1 | I91: 1 | J91: 1 | K91: 1 | L91: 1 | M91: 1 | N91: 1 | P91: 1.7403033
A92: Minh | B92: Question 42 | C92: 0 | D92: 1 | E92: 1 | F92: 1 | G92: 1 | H92: 1 | I92: 1 | J92: 1 | K92: 1 | L92: 1 | M92: 1 | N92: 1 | P92: 2.1041522
A93: Minh | B93: Question 43 | C93: 0 | D93: 1 | E93: 1 | F93: 1 | G93: 1 | H93: 1 | I93: 1 | J93: 1 | K93: 1 | L93: 1 | M93: 1 | N93: 1 | P93: 1.5436661
A94: Minh | B94: Question 44 | C94: 0 | D94: 1 | E94: 1 | F94: 1 | G94: 1 | H94: 1 | I94: 1 | J94: 1 | K94: 1 | L94: 1 | M94: 1 | N94: 1 | P94: 4.3577042
... A109: Minh | B109: Question 59 | C109: 0 | D109: 1 | E109: 1 | F109: 1 | G109: 1 | H109: 1 | I109: 1 | J109: 1 | K109: 1 | L109: 1 | M109: 1 | N109: 1 | P109: 2.1417234
A110: Minh | B110: Question 60 | C110: 0 | D110: 0 | E110: 'NA | F110: 'NA | G110: 'NA | H110: 'NA | I110: 'NA | J110: 'NA | K110: 'NA | L110: 'NA | M110: 'NA | N110: 'NA | O110: A: The problem is not fully answerable because the dimensions of matrices $A$ and $B$ are not compatible for multiplication. $A$ is 3 x 3 (games x skill level), $B$ is 3 x 2 (skill level x round), but the skill level is represented by COLUMNS in A and by ROWS in B, so without additional information on how to align them, the multiplication is ambiguous. G: In real-world scoring or record-keeping, organizing such matrices with misaligned dimensions and ambiguous correspondence would not mirror actual procedures and would cause confusion. In addition, it is unclear how to sum across games-types and rounds from the provided information. | P110: 6.0499148
A111: Minh | B111: Question 61 | C111: 0 | D111: 0 | E111: 'NA | F111: 'NA | G111: 'NA | H111: 'NA | I111: 'NA | J111: 'NA | K111: 'NA | L111: 'NA | M111: 'NA | N111: 'NA | O111: A. The problem is not fully answerable because the scoring weight matrix S is of size 3x2, while the data for actual participants (after computing R-W) is 3x2. Matrix multiplication is not possible in the available format (3x2 times 3x2 is undefined). B. The intended primary KC is matrix multiplication, but the problem cannot be solved by direct multiplication as described, so it does not align. E. Synergy between subtraction and multiplication is not realized, because even after subtraction, matrix multiplication cannot be applied as matrices are dimensionally incompatible. G. Clarity: The relationship between the matrices and the scoring process is unclear and mathematically ambiguous given the matrix sizes. H. Conciseness/Relevance: The inclusion of the third game category and the incompatible size of S add unnecessary and confusing information. | P111: 4.8618417
A112: Minh | B112: Question 62 | C112: 0 | D112: 1 | E112: 1 | F112: 1 | G112: 1 | H112: 1 | I112: 1 | J112: 1 | K112: 1 | L112: 1 | M112: 1 | N112: 1 | P112: 1.8455961
A113: Minh | B113: Question 63 | C113: 0 | D113: 1 | E113: 1 | F113: 1 | G113: 1 | H113: 1 | I113: 1 | J113: 1 | K113: 1 | L113: 1 | M113: 1 | N113: 1 | P113: 1.5075569
A114: Sarah | B114: Question 1 | C114: 0 | D114: 1 | E114: 1 | F114: 1 | G114: 1 | H114: 1 | I114: 1 | J114: 1 | K114: 1 | L114: 1 | M114: 1 | N114: 1 | P114: 2.2025454
...

Sheet Compiled Votes
A1: Evaluator | B1: Question | C1: status | D1: answerability | E1: primary_kc_alignment | F1: secondary_kc_alignment | G1: topic_alignment | H1: grade_alignment | I1: real_world_feasibility | J1: synergy | K1: clarity | L1: conciseness_and_relevance | M1: language_quality | N1: content_appropriateness | O1: response_time
A2: TD | B2: Question 1 | C2: 0 | D2: =ROUND(SUM(recreation_claude_v2_5!D2,recreation_claude_v2_4!D2,recreation_claude_v2_3!D2,recreation_claude_v2_2!D2,recreation_claude_v2_1!D2)/COUNT(recreation_claude_v2_5!D2,recreation_claude_v2_4!D2,recreation_claude_v2_3!D2,recreation_claude_v2_2!D2,recreation_claude_v2_1!D2),0) -> 1 | E2: =IF($D2 = 1, ROUND(SUM(recreation_claude_v2_5!E2,recreation_claude_v2_4!E2,recreation_claude_v2_3!E2,recreation_claude_v2_2!E2,recreation_claude_v2_1!E2)/COUNT(recreation_claude_v2_5!E2,recreation_claude_v2_4!E2,recreation_claude_v2_3!E2,recreation_claude_v2_2!E2,recreation_claude_v2_1!E2),0), "NA") -> 1 | F2: =IF($D2 = 1, ROUND(SUM(recreation_claude_v2_5!F2,recreation_claude_v2_4!F2,recreation_claude_v2_3!F2,recreation_claude_v2_2!F2,recreation_claude_v2_1!F2)/COUNT(recreation_claude_v2_5!F2,recreation_claude_v2_4!F2,recreation_claude_v2_3!F2,recreation_claude_v2_2!F2,recreation_claude_v2_1!F2),0), "NA") -> 1 | G2: =IF($D2 = 1, ROUND(SUM(recreation_claude_v2_5!G2,recreation_claude_v2_4!G2,recreation_claude_v2_3!G2,recreation_claude_v2_2!G2,recreation_claude_v2_1!G2)/COUNT(recreation_claude_v2_5!G2,recreation_claude_v2_4!G2,recreation_claude_v2_3!G2,recreation_claude_v2_2!G2,recreation_claude_v2_1!G2),0), "NA") -> 1 | H2: =IF($E2 = 1, ROUND(SUM(recreation_claude_v2_5!H2,recreation_claude_v2_4!H2,recreation_claude_v2_3!H2,recreation_claude_v2_2!H2,recreation_claude_v2_1!H2)/COUNT(recreation_claude_v2_5!H2,recreation_claude_v2_4!H2,recreation_claude_v2_3!H2,recreation_claude_v2_2!H2,recreation_claude_v2_1!H2),0), "NA") -> 1 | I2: =IF($D2 = 1, ROUND(SUM(recreation_claude_v2_5!I2,recreation_claude_v2_4!I2,recreation_claude_v2_3!I2,recreation_claude_v2_2!I2,recreation_claude_v2_1!I2)/COUNT(recreation_claude_v2_5!I2,recreation_claude_v2_4!I2,recreation_claude_v2_3!I2,recreation_claude_v2_2!I2,recreation_claude_v2_1!I2),0), "NA") -> 1 | J2: =IF(AND($E2 = 1, $F2 = 1), ROUND(SUM(recreation_claude_v2_5!J2,recreation_claude_v2_4!J2,recreation_claude_v2_3!J2,recreation_claude_v2_2!J2,recreation_claude_v2_1!J2)/COUNT(recreation_claude_v2_5!J2,recreation_claude_v2_4!J2,recreation_claude_v2_3!J2,recreation_claude_v2_2!J2,recreation_claude_v2_1!J2),0), "NA") -> 1 | K2: =IF($D2 = 1, ROUND(SUM(recreation_claude_v2_5!K2,recreation_claude_v2_4!K2,recreation_claude_v2_3!K2,recreation_claude_v2_2!K2,recreation_claude_v2_1!K2)/COUNT(recreation_claude_v2_5!K2,recreation_claude_v2_4!K2,recreation_claude_v2_3!K2,recreation_claude_v2_2!K2,recreation_claude_v2_1!K2),0), "NA") -> 1 | L2: =IF($D2 = 1, ROUND(SUM(recreation_claude_v2_5!L2,recreation_claude_v2_4!L2,recreation_claude_v2_3!L2,recreation_claude_v2_2!L2,recreation_claude_v2_1!L2)/COUNT(recreation_claude_v2_5!L2,recreation_claude_v2_4!L2,recreation_claude_v2_3!L2,recreation_claude_v2_2!L2,recreation_claude_v2_1!L2),0), "NA") -> 1 | M2: =IF($D2 = 1, ROUND(SUM(recreation_claude_v2_5!M2,recreation_claude_v2_4!M2,recreation_claude_v2_3!M2,recreation_claude_v2_2!M2,recreation_claude_v2_1!M2)/COUNT(recreation_claude_v2_5!M2,recreation_claude_v2_4!M2,recreation_claude_v2_3!M2,recreation_claude_v2_2!M2,recreation_claude_v2_1!M2),0), "NA") -> 1 | N2: =IF($D2 = 1, ROUND(SUM(recreation_claude_v2_5!N2,recreation_claude_v2_4!N2,recreation_claude_v2_3!N2,recreation_claude_v2_2!N2,recreation_claude_v2_1!N2)/COUNT(recreation_claude_v2_5!N2,recreation_claude_v2_4!N2,recreation_claude_v2_3!N2,recreation_claude_v2_2!N2,recreation_claude_v2_1!N2),0), "NA") -> 1 | O2: 1.5327268
A3: TD | B3: Question 2 | C3: 0 | D3: =ROUND(SUM(recreation_claude_v2_5!D3,recreation_claude_v2_4!D3,recreation_claude_v2_3!D3,recreation_claude_v2_2!D3,recreation_claude_v2_1!D3)/COUNT(recreation_claude_v2_5!D3,recreation_claude_v2_4!D3,recreation_claude_v2_3!D3,recreation_claude_v2_2!D3,recreation_claude_v2_1!D3),0) -> 1 | E3: =IF($D3 = 1, ROUND(SUM(recreation_claude_v2_5!E3,recreation_claude_v2_4!E3,recreation_claude_v2_3!E3,recreation_claude_v2_2!E3,recreation_claude_v2_1!E3)/COUNT(recreation_claude_v2_5!E3,recreation_claude_v2_4!E3,recreation_claude_v2_3!E3,recreation_claude_v2_2!E3,recreation_claude_v2_1!E3),0), "NA") -> 1 | F3: =IF($D3 = 1, ROUND(SUM(recreation_claude_v2_5!F3,recreation_claude_v2_4!F3,recreation_claude_v2_3!F3,recreation_claude_v2_2!F3,recreation_claude_v2_1!F3)/COUNT(recreation_claude_v2_5!F3,recreation_claude_v2_4!F3,recreation_claude_v2_3!F3,recreation_claude_v2_2!F3,recreation_claude_v2_1!F3),0), "NA") -> 1 | G3: =IF($D3 = 1, ROUND(SUM(recreation_claude_v2_5!G3,recreation_claude_v2_4!G3,recreation_claude_v2_3!G3,recreation_claude_v2_2!G3,recreation_claude_v2_1!G3)/COUNT(recreation_claude_v2_5!G3,recreation_claude_v2_4!G3,recreation_claude_v2_3!G3,recreation_claude_v2_2!G3,recreation_claude_v2_1!G3),0), "NA") -> 1 | H3: =IF($E3 = 1, ROUND(SUM(recreation_claude_v2_5!H3,recreation_claude_v2_4!H3,recreation_claude_v2_3!H3,recreation_claude_v2_2!H3,recreation_claude_v2_1!H3)/COUNT(recreation_claude_v2_5!H3,recreation_claude_v2_4!H3,recreation_claude_v2_3!H3,recreation_claude_v2_2!H3,recreation_claude_v2_1!H3),0), "NA") -> 1 | I3: =IF($D3 = 1, ROUND(SUM(recreation_claude_v2_5!I3,recreation_claude_v2_4!I3,recreation_claude_v2_3!I3,recreation_claude_v2_2!I3,recreation_claude_v2_1!I3)/COUNT(recreation_claude_v2_5!I3,recreation_claude_v2_4!I3,recreation_claude_v2_3!I3,recreation_claude_v2_2!I3,recreation_claude_v2_1!I3),0), "NA") -> 1 | J3: =IF(AND($E3 = 1, $F3 = 1), ROUND(SUM(recreation_claude_v2_5!J3,recreation_claude_v2_4!J3,recreation_claude_v2_3!J3,recreation_claude_v2_2!J3,recreation_claude_v2_1!J3)/COUNT(recreation_claude_v2_5!J3,recreation_claude_v2_4!J3,recreation_claude_v2_3!J3,recreation_claude_v2_2!J3,recreation_claude_v2_1!J3),0), "NA") -> 1 | K3: =IF($D3 = 1, ROUND(SUM(recreation_claude_v2_5!K3,recreation_claude_v2_4!K3,recreation_claude_v2_3!K3,recreation_claude_v2_2!K3,recreation_claude_v2_1!K3)/COUNT(recreation_claude_v2_5!K3,recreation_claude_v2_4!K3,recreation_claude_v2_3!K3,recreation_claude_v2_2!K3,recreation_claude_v2_1!K3),0), "NA") -> 1 | L3: =IF($D3 = 1, ROUND(SUM(recreation_claude_v2_5!L3,recreation_claude_v2_4!L3,recreation_claude_v2_3!L3,recreation_claude_v2_2!L3,recreation_claude_v2_1!L3)/COUNT(recreation_claude_v2_5!L3,recreation_claude_v2_4!L3,recreation_claude_v2_3!L3,recreation_claude_v2_2!L3,recreation_claude_v2_1!L3),0), "NA") -> 1 | M3: =IF($D3 = 1, ROUND(SUM(recreation_claude_v2_5!M3,recreation_claude_v2_4!M3,recreation_claude_v2_3!M3,recreation_claude_v2_2!M3,recreation_claude_v2_1!M3)/COUNT(recreation_claude_v2_5!M3,recreation_claude_v2_4!M3,recreation_claude_v2_3!M3,recreation_claude_v2_2!M3,recreation_claude_v2_1!M3),0), "NA") -> 1 | N3: =IF($D3 = 1, ROUND(SUM(recreation_claude_v2_5!N3,recreation_claude_v2_4!N3,recreation_claude_v2_3!N3,recreation_claude_v2_2!N3,recreation_claude_v2_1!N3)/COUNT(recreation_claude_v2_5!N3,recreation_claude_v2_4!N3,recreation_claude_v2_3!N3,recreation_claude_v2_2!N3,recreation_claude_v2_1!N3),0), "NA") -> 1 | O3: 1.409132
A4: TD | B4: Question 3 | C4: 0 | D4: =ROUND(SUM(recreation_claude_v2_5!D4,recreation_claude_v2_4!D4,recreation_claude_v2_3!D4,recreation_claude_v2_2!D4,recreation_claude_v2_1!D4)/COUNT(recreation_claude_v2_5!D4,recreation_claude_v2_4!D4,recreation_claude_v2_3!D4,recreation_claude_v2_2!D4,recreation_claude_v2_1!D4),0) -> 1 | E4: =IF($D4 = 1, ROUND(SUM(recreation_claude_v2_5!E4,recreation_claude_v2_4!E4,recreation_claude_v2_3!E4,recreation_claude_v2_2!E4,recreation_claude_v2_1!E4)/COUNT(recreation_claude_v2_5!E4,recreation_claude_v2_4!E4,recreation_claude_v2_3!E4,recreation_claude_v2_2!E4,recreation_claude_v2_1!E4),0), "NA") -> 1 | F4: =IF($D4 = 1, ROUND(SUM(recreation_claude_v2_5!F4,recreation_claude_v2_4!F4,recreation_claude_v2_3!F4,recreation_claude_v2_2!F4,recreation_claude_v2_1!F4)/COUNT(recreation_claude_v2_5!F4,recreation_claude_v2_4!F4,recreation_claude_v2_3!F4,recreation_claude_v2_2!F4,recreation_claude_v2_1!F4),0), "NA") -> 1 | G4: =IF($D4 = 1, ROUND(SUM(recreation_claude_v2_5!G4,recreation_claude_v2_4!G4,recreation_claude_v2_3!G4,recreation_claude_v2_2!G4,recreation_claude_v2_1!G4)/COUNT(recreation_claude_v2_5!G4,recreation_claude_v2_4!G4,recreation_claude_v2_3!G4,recreation_claude_v2_2!G4,recreation_claude_v2_1!G4),0), "NA") -> 1 | H4: =IF($E4 = 1, ROUND(SUM(recreation_claude_v2_5!H4,recreation_claude_v2_4!H4,recreation_claude_v2_3!H4,recreation_claude_v2_2!H4,recreation_claude_v2_1!H4)/COUNT(recreation_claude_v2_5!H4,recreation_claude_v2_4!H4,recreation_claude_v2_3!H4,recreation_claude_v2_2!H4,recreation_claude_v2_1!H4),0), "NA") -> 1 | I4: =IF($D4 = 1, ROUND(SUM(recreation_claude_v2_5!I4,recreation_claude_v2_4!I4,recreation_claude_v2_3!I4,recreation_claude_v2_2!I4,recreation_claude_v2_1!I4)/COUNT(recreation_claude_v2_5!I4,recreation_claude_v2_4!I4,recreation_claude_v2_3!I4,recreation_claude_v2_2!I4,recreation_claude_v2_1!I4),0), "NA") -> 1 | J4: =IF(AND($E4 = 1, $F4 = 1), ROUND(SUM(recreation_claude_v2_5!J4,recreation_claude_v2_4!J4,recreation_claude_v2_3!J4,recreation_claude_v2_2!J4,recreation_claude_v2_1!J4)/COUNT(recreation_claude_v2_5!J4,recreation_claude_v2_4!J4,recreation_claude_v2_3!J4,recreation_claude_v2_2!J4,recreation_claude_v2_1!J4),0), "NA") -> 1 | K4: =IF($D4 = 1, ROUND(SUM(recreation_claude_v2_5!K4,recreation_claude_v2_4!K4,recreation_claude_v2_3!K4,recreation_claude_v2_2!K4,recreation_claude_v2_1!K4)/COUNT(recreation_claude_v2_5!K4,recreation_claude_v2_4!K4,recreation_claude_v2_3!K4,recreation_claude_v2_2!K4,recreation_claude_v2_1!K4),0), "NA") -> 1 | L4: =IF($D4 = 1, ROUND(SUM(recreation_claude_v2_5!L4,recreation_claude_v2_4!L4,recreation_claude_v2_3!L4,recreation_claude_v2_2!L4,recreation_claude_v2_1!L4)/COUNT(recreation_claude_v2_5!L4,recreation_claude_v2_4!L4,recreation_claude_v2_3!L4,recreation_claude_v2_2!L4,recreation_claude_v2_1!L4),0), "NA") -> 1 | M4: =IF($D4 = 1, ROUND(SUM(recreation_claude_v2_5!M4,recreation_claude_v2_4!M4,recreation_claude_v2_3!M4,recreation_claude_v2_2!M4,recreation_claude_v2_1!M4)/COUNT(recreation_claude_v2_5!M4,recreation_claude_v2_4!M4,recreation_claude_v2_3!M4,recreation_claude_v2_2!M4,recreation_claude_v2_1!M4),0), "NA") -> 1 | N4: =IF($D4 = 1, ROUND(SUM(recreation_claude_v2_5!N4,recreation_claude_v2_4!N4,recreation_claude_v2_3!N4,recreation_claude_v2_2!N4,recreation_claude_v2_1!N4)/COUNT(recreation_claude_v2_5!N4,recreation_claude_v2_4!N4,recreation_claude_v2_3!N4,recreation_claude_v2_2!N4,recreation_claude_v2_1!N4),0), "NA") -> 1 | O4: 1.3951514
A5: TD | B5: Question 4 | C5: 0 | D5: =ROUND(SUM(recreation_claude_v2_5!D5,recreation_claude_v2_4!D5,recreation_claude_v2_3!D5,recreation_claude_v2_2!D5,recreation_claude_v2_1!D5)/COUNT(recreation_claude_v2_5!D5,recreation_claude_v2_4!D5,recreation_claude_v2_3!D5,recreation_claude_v2_2!D5,recreation_claude_v2_1!D5),0) -> 1 | E5: =IF($D5 = 1, ROUND(SUM(recreation_claude_v2_5!E5,recreation_claude_v2_4!E5,recreation_claude_v2_3!E5,recreation_claude_v2_2!E5,recreation_claude_v2_1!E5)/COUNT(recreation_claude_v2_5!E5,recreation_claude_v2_4!E5,recreation_claude_v2_3!E5,recreation_claude_v2_2!E5,recreation_claude_v2_1!E5),0), "NA") -> 1 | F5: =IF($D5 = 1, ROUND(SUM(recreation_claude_v2_5!F5,recreation_claude_v2_4!F5,recreation_claude_v2_3!F5,recreation_claude_v2_2!F5,recreation_claude_v2_1!F5)/COUNT(recreation_claude_v2_5!F5,recreation_claude_v2_4!F5,recreation_claude_v2_3!F5,recreation_claude_v2_2!F5,recreation_claude_v2_1!F5),0), "NA") -> 1 | G5: =IF($D5 = 1, ROUND(SUM(recreation_claude_v2_5!G5,recreation_claude_v2_4!G5,recreation_claude_v2_3!G5,recreation_claude_v2_2!G5,recreation_claude_v2_1!G5)/COUNT(recreation_claude_v2_5!G5,recreation_claude_v2_4!G5,recreation_claude_v2_3!G5,recreation_claude_v2_2!G5,recreation_claude_v2_1!G5),0), "NA") -> 1 | H5: =IF($E5 = 1, ROUND(SUM(recreation_claude_v2_5!H5,recreation_claude_v2_4!H5,recreation_claude_v2_3!H5,recreation_claude_v2_2!H5,recreation_claude_v2_1!H5)/COUNT(recreation_claude_v2_5!H5,recreation_claude_v2_4!H5,recreation_claude_v2_3!H5,recreation_claude_v2_2!H5,recreation_claude_v2_1!H5),0), "NA") -> 1 | I5: =IF($D5 = 1, ROUND(SUM(recreation_claude_v2_5!I5,recreation_claude_v2_4!I5,recreation_claude_v2_3!I5,recreation_claude_v2_2!I5,recreation_claude_v2_1!I5)/COUNT(recreation_claude_v2_5!I5,recreation_claude_v2_4!I5,recreation_claude_v2_3!I5,recreation_claude_v2_2!I5,recreation_claude_v2_1!I5),0), "NA") -> 1 | J5: =IF(AND($E5 = 1, $F5 = 1), ROUND(SUM(recreation_claude_v2_5!J5,recreation_claude_v2_4!J5,recreation_claude_v2_3!J5,recreation_claude_v2_2!J5,recreation_claude_v2_1!J5)/COUNT(recreation_claude_v2_5!J5,recreation_claude_v2_4!J5,recreation_claude_v2_3!J5,recreation_claude_v2_2!J5,recreation_claude_v2_1!J5),0), "NA") -> 1 | K5: =IF($D5 = 1, ROUND(SUM(recreation_claude_v2_5!K5,recreation_claude_v2_4!K5,recreation_claude_v2_3!K5,recreation_claude_v2_2!K5,recreation_claude_v2_1!K5)/COUNT(recreation_claude_v2_5!K5,recreation_claude_v2_4!K5,recreation_claude_v2_3!K5,recreation_claude_v2_2!K5,recreation_claude_v2_1!K5),0), "NA") -> 1 | L5: =IF($D5 = 1, ROUND(SUM(recreation_claude_v2_5!L5,recreation_claude_v2_4!L5,recreation_claude_v2_3!L5,recreation_claude_v2_2!L5,recreation_claude_v2_1!L5)/COUNT(recreation_claude_v2_5!L5,recreation_claude_v2_4!L5,recreation_claude_v2_3!L5,recreation_claude_v2_2!L5,recreation_claude_v2_1!L5),0), "NA") -> 1 | M5: =IF($D5 = 1, ROUND(SUM(recreation_claude_v2_5!M5,recreation_claude_v2_4!M5,recreation_claude_v2_3!M5,recreation_claude_v2_2!M5,recreation_claude_v2_1!M5)/COUNT(recreation_claude_v2_5!M5,recreation_claude_v2_4!M5,recreation_claude_v2_3!M5,recreation_claude_v2_2!M5,recreation_claude_v2_1!M5),0), "NA") -> 1 | N5: =IF($D5 = 1, ROUND(SUM(recreation_claude_v2_5!N5,recreation_claude_v2_4!N5,recreation_claude_v2_3!N5,recreation_claude_v2_2!N5,recreation_claude_v2_1!N5)/COUNT(recreation_claude_v2_5!N5,recreation_claude_v2_4!N5,recreation_claude_v2_3!N5,recreation_claude_v2_2!N5,recreation_claude_v2_1!N5),0), "NA") -> 1 | O5: 1.5059516
A6: TD | B6: Question 5 | C6: 0 | D6: =ROUND(SUM(recreation_claude_v2_5!D6,recreation_claude_v2_4!D6,recreation_claude_v2_3!D6,recreation_claude_v2_2!D6,recreation_claude_v2_1!D6)/COUNT(recreation_claude_v2_5!D6,recreation_claude_v2_4!D6,recreation_claude_v2_3!D6,recreation_claude_v2_2!D6,recreation_claude_v2_1!D6),0) -> 1 | E6: =IF($D6 = 1, ROUND(SUM(recreation_claude_v2_5!E6,recreation_claude_v2_4!E6,recreation_claude_v2_3!E6,recreation_claude_v2_2!E6,recreation_claude_v2_1!E6)/COUNT(recreation_claude_v2_5!E6,recreation_claude_v2_4!E6,recreation_claude_v2_3!E6,recreation_claude_v2_2!E6,recreation_claude_v2_1!E6),0), "NA") -> 1 | F6: =IF($D6 = 1, ROUND(SUM(recreation_claude_v2_5!F6,recreation_claude_v2_4!F6,recreation_claude_v2_3!F6,recreation_claude_v2_2!F6,recreation_claude_v2_1!F6)/COUNT(recreation_claude_v2_5!F6,recreation_claude_v2_4!F6,recreation_claude_v2_3!F6,recreation_claude_v2_2!F6,recreation_claude_v2_1!F6),0), "NA") -> 1 | G6: =IF($D6 = 1, ROUND(SUM(recreation_claude_v2_5!G6,recreation_claude_v2_4!G6,recreation_claude_v2_3!G6,recreation_claude_v2_2!G6,recreation_claude_v2_1!G6)/COUNT(recreation_claude_v2_5!G6,recreation_claude_v2_4!G6,recreation_claude_v2_3!G6,recreation_claude_v2_2!G6,recreation_claude_v2_1!G6),0), "NA") -> 1 | H6: =IF($E6 = 1, ROUND(SUM(recreation_claude_v2_5!H6,recreation_claude_v2_4!H6,recreation_claude_v2_3!H6,recreation_claude_v2_2!H6,recreation_claude_v2_1!H6)/COUNT(recreation_claude_v2_5!H6,recreation_claude_v2_4!H6,recreation_claude_v2_3!H6,recreation_claude_v2_2!H6,recreation_claude_v2_1!H6),0), "NA") -> 1 | I6: =IF($D6 = 1, ROUND(SUM(recreation_claude_v2_5!I6,recreation_claude_v2_4!I6,recreation_claude_v2_3!I6,recreation_claude_v2_2!I6,recreation_claude_v2_1!I6)/COUNT(recreation_claude_v2_5!I6,recreation_claude_v2_4!I6,recreation_claude_v2_3!I6,recreation_claude_v2_2!I6,recreation_claude_v2_1!I6),0), "NA") -> 1 | J6: =IF(AND($E6 = 1, $F6 = 1), ROUND(SUM(recreation_claude_v2_5!J6,recreation_claude_v2_4!J6,recreation_claude_v2_3!J6,recreation_claude_v2_2!J6,recreation_claude_v2_1!J6)/COUNT(recreation_claude_v2_5!J6,recreation_claude_v2_4!J6,recreation_claude_v2_3!J6,recreation_claude_v2_2!J6,recreation_claude_v2_1!J6),0), "NA") -> 1 | K6: =IF($D6 = 1, ROUND(SUM(recreation_claude_v2_5!K6,recreation_claude_v2_4!K6,recreation_claude_v2_3!K6,recreation_claude_v2_2!K6,recreation_claude_v2_1!K6)/COUNT(recreation_claude_v2_5!K6,recreation_claude_v2_4!K6,recreation_claude_v2_3!K6,recreation_claude_v2_2!K6,recreation_claude_v2_1!K6),0), "NA") -> 1 | L6: =IF($D6 = 1, ROUND(SUM(recreation_claude_v2_5!L6,recreation_claude_v2_4!L6,recreation_claude_v2_3!L6,recreation_claude_v2_2!L6,recreation_claude_v2_1!L6)/COUNT(recreation_claude_v2_5!L6,recreation_claude_v2_4!L6,recreation_claude_v2_3!L6,recreation_claude_v2_2!L6,recreation_claude_v2_1!L6),0), "NA") -> 1 | M6: =IF($D6 = 1, ROUND(SUM(recreation_claude_v2_5!M6,recreation_claude_v2_4!M6,recreation_claude_v2_3!M6,recreation_claude_v2_2!M6,recreation_claude_v2_1!M6)/COUNT(recreation_claude_v2_5!M6,recreation_claude_v2_4!M6,recreation_claude_v2_3!M6,recreation_claude_v2_2!M6,recreation_claude_v2_1!M6),0), "NA") -> 1 | N6: =IF($D6 = 1, ROUND(SUM(recreation_claude_v2_5!N6,recreation_claude_v2_4!N6,recreation_claude_v2_3!N6,recreation_claude_v2_2!N6,recreation_claude_v2_1!N6)/COUNT(recreation_claude_v2_5!N6,recreation_claude_v2_4!N6,recreation_claude_v2_3!N6,recreation_claude_v2_2!N6,recreation_claude_v2_1!N6),0), "NA") -> 1 | O6: 1.376302
A7: TD | B7: Question 6 | C7: 0 | D7: =ROUND(SUM(recreation_claude_v2_5!D7,recreation_claude_v2_4!D7,recreation_claude_v2_3!D7,recreation_claude_v2_2!D7,recreation_claude_v2_1!D7)/COUNT(recreation_claude_v2_5!D7,recreation_claude_v2_4!D7,recreation_claude_v2_3!D7,recreation_claude_v2_2!D7,recreation_claude_v2_1!D7),0) -> 1 | E7: =IF($D7 = 1, ROUND(SUM(recreation_claude_v2_5!E7,recreation_claude_v2_4!E7,recreation_claude_v2_3!E7,recreation_claude_v2_2!E7,recreation_claude_v2_1!E7)/COUNT(recreation_claude_v2_5!E7,recreation_claude_v2_4!E7,recreation_claude_v2_3!E7,recreation_claude_v2_2!E7,recreation_claude_v2_1!E7),0), "NA") -> 1 | F7: =IF($D7 = 1, ROUND(SUM(recreation_claude_v2_5!F7,recreation_claude_v2_4!F7,recreation_claude_v2_3!F7,recreation_claude_v2_2!F7,recreation_claude_v2_1!F7)/COUNT(recreation_claude_v2_5!F7,recreation_claude_v2_4!F7,recreation_claude_v2_3!F7,recreation_claude_v2_2!F7,recreation_claude_v2_1!F7),0), "NA") -> 1 | G7: =IF($D7 = 1, ROUND(SUM(recreation_claude_v2_5!G7,recreation_claude_v2_4!G7,recreation_claude_v2_3!G7,recreation_claude_v2_2!G7,recreation_claude_v2_1!G7)/COUNT(recreation_claude_v2_5!G7,recreation_claude_v2_4!G7,recreation_claude_v2_3!G7,recreation_claude_v2_2!G7,recreation_claude_v2_1!G7),0), "NA") -> 1 | H7: =IF($E7 = 1, ROUND(SUM(recreation_claude_v2_5!H7,recreation_claude_v2_4!H7,recreation_claude_v2_3!H7,recreation_claude_v2_2!H7,recreation_claude_v2_1!H7)/COUNT(recreation_claude_v2_5!H7,recreation_claude_v2_4!H7,recreation_claude_v2_3!H7,recreation_claude_v2_2!H7,recreation_claude_v2_1!H7),0), "NA") -> 1 | I7: =IF($D7 = 1, ROUND(SUM(recreation_claude_v2_5!I7,recreation_claude_v2_4!I7,recreation_claude_v2_3!I7,recreation_claude_v2_2!I7,recreation_claude_v2_1!I7)/COUNT(recreation_claude_v2_5!I7,recreation_claude_v2_4!I7,recreation_claude_v2_3!I7,recreation_claude_v2_2!I7,recreation_claude_v2_1!I7),0), "NA") -> 1 | J7: =IF(AND($E7 = 1, $F7 = 1), ROUND(SUM(recreation_claude_v2_5!J7,recreation_claude_v2_4!J7,recreation_claude_v2_3!J7,recreation_claude_v2_2!J7,recreation_claude_v2_1!J7)/COUNT(recreation_claude_v2_5!J7,recreation_claude_v2_4!J7,recreation_claude_v2_3!J7,recreation_claude_v2_2!J7,recreation_claude_v2_1!J7),0), "NA") -> 1 | K7: =IF($D7 = 1, ROUND(SUM(recreation_claude_v2_5!K7,recreation_claude_v2_4!K7,recreation_claude_v2_3!K7,recreation_claude_v2_2!K7,recreation_claude_v2_1!K7)/COUNT(recreation_claude_v2_5!K7,recreation_claude_v2_4!K7,recreation_claude_v2_3!K7,recreation_claude_v2_2!K7,recreation_claude_v2_1!K7),0), "NA") -> 1 | L7: =IF($D7 = 1, ROUND(SUM(recreation_claude_v2_5!L7,recreation_claude_v2_4!L7,recreation_claude_v2_3!L7,recreation_claude_v2_2!L7,recreation_claude_v2_1!L7)/COUNT(recreation_claude_v2_5!L7,recreation_claude_v2_4!L7,recreation_claude_v2_3!L7,recreation_claude_v2_2!L7,recreation_claude_v2_1!L7),0), "NA") -> 1 | M7: =IF($D7 = 1, ROUND(SUM(recreation_claude_v2_5!M7,recreation_claude_v2_4!M7,recreation_claude_v2_3!M7,recreation_claude_v2_2!M7,recreation_claude_v2_1!M7)/COUNT(recreation_claude_v2_5!M7,recreation_claude_v2_4!M7,recreation_claude_v2_3!M7,recreation_claude_v2_2!M7,recreation_claude_v2_1!M7),0), "NA") -> 1 | N7: =IF($D7 = 1, ROUND(SUM(recreation_claude_v2_5!N7,recreation_claude_v2_4!N7,recreation_claude_v2_3!N7,recreation_claude_v2_2!N7,recreation_claude_v2_1!N7)/COUNT(recreation_claude_v2_5!N7,recreation_claude_v2_4!N7,recreation_claude_v2_3!N7,recreation_claude_v2_2!N7,recreation_claude_v2_1!N7),0), "NA") -> 1 | O7: 1.6317761
A8: TD | B8: Question 7 | C8: 0 | D8: =ROUND(SUM(recreation_claude_v2_5!D8,recreation_claude_v2_4!D8,recreation_claude_v2_3!D8,recreation_claude_v2_2!D8,recreation_claude_v2_1!D8)/COUNT(recreation_claude_v2_5!D8,recreation_claude_v2_4!D8,recreation_claude_v2_3!D8,recreation_claude_v2_2!D8,recreation_claude_v2_1!D8),0) -> 1 | E8: =IF($D8 = 1, ROUND(SUM(recreation_claude_v2_5!E8,recreation_claude_v2_4!E8,recreation_claude_v2_3!E8,recreation_claude_v2_2!E8,recreation_claude_v2_1!E8)/COUNT(recreation_claude_v2_5!E8,recreation_claude_v2_4!E8,recreation_claude_v2_3!E8,recreation_claude_v2_2!E8,recreation_claude_v2_1!E8),0), "NA") -> 1 | F8: =IF($D8 = 1, ROUND(SUM(recreation_claude_v2_5!F8,recreation_claude_v2_4!F8,recreation_claude_v2_3!F8,recreation_claude_v2_2!F8,recreation_claude_v2_1!F8)/COUNT(recreation_claude_v2_5!F8,recreation_claude_v2_4!F8,recreation_claude_v2_3!F8,recreation_claude_v2_2!F8,recreation_claude_v2_1!F8),0), "NA") -> 1 | G8: =IF($D8 = 1, ROUND(SUM(recreation_claude_v2_5!G8,recreation_claude_v2_4!G8,recreation_claude_v2_3!G8,recreation_claude_v2_2!G8,recreation_claude_v2_1!G8)/COUNT(recreation_claude_v2_5!G8,recreation_claude_v2_4!G8,recreation_claude_v2_3!G8,recreation_claude_v2_2!G8,recreation_claude_v2_1!G8),0), "NA") -> 1 | H8: =IF($E8 = 1, ROUND(SUM(recreation_claude_v2_5!H8,recreation_claude_v2_4!H8,recreation_claude_v2_3!H8,recreation_claude_v2_2!H8,recreation_claude_v2_1!H8)/COUNT(recreation_claude_v2_5!H8,recreation_claude_v2_4!H8,recreation_claude_v2_3!H8,recreation_claude_v2_2!H8,recreation_claude_v2_1!H8),0), "NA") -> 1 | I8: =IF($D8 = 1, ROUND(SUM(recreation_claude_v2_5!I8,recreation_claude_v2_4!I8,recreation_claude_v2_3!I8,recreation_claude_v2_2!I8,recreation_claude_v2_1!I8)/COUNT(recreation_claude_v2_5!I8,recreation_claude_v2_4!I8,recreation_claude_v2_3!I8,recreation_claude_v2_2!I8,recreation_claude_v2_1!I8),0), "NA") -> 1 | J8: =IF(AND($E8 = 1, $F8 = 1), ROUND(SUM(recreation_claude_v2_5!J8,recreation_claude_v2_4!J8,recreation_claude_v2_3!J8,recreation_claude_v2_2!J8,recreation_claude_v2_1!J8)/COUNT(recreation_claude_v2_5!J8,recreation_claude_v2_4!J8,recreation_claude_v2_3!J8,recreation_claude_v2_2!J8,recreation_claude_v2_1!J8),0), "NA") -> 1 | K8: =IF($D8 = 1, ROUND(SUM(recreation_claude_v2_5!K8,recreation_claude_v2_4!K8,recreation_claude_v2_3!K8,recreation_claude_v2_2!K8,recreation_claude_v2_1!K8)/COUNT(recreation_claude_v2_5!K8,recreation_claude_v2_4!K8,recreation_claude_v2_3!K8,recreation_claude_v2_2!K8,recreation_claude_v2_1!K8),0), "NA") -> 1 | L8: =IF($D8 = 1, ROUND(SUM(recreation_claude_v2_5!L8,recreation_claude_v2_4!L8,recreation_claude_v2_3!L8,recreation_claude_v2_2!L8,recreation_claude_v2_1!L8)/COUNT(recreation_claude_v2_5!L8,recreation_claude_v2_4!L8,recreation_claude_v2_3!L8,recreation_claude_v2_2!L8,recreation_claude_v2_1!L8),0), "NA") -> 1 | M8: =IF($D8 = 1, ROUND(SUM(recreation_claude_v2_5!M8,recreation_claude_v2_4!M8,recreation_claude_v2_3!M8,recreation_claude_v2_2!M8,recreation_claude_v2_1!M8)/COUNT(recreation_claude_v2_5!M8,recreation_claude_v2_4!M8,recreation_claude_v2_3!M8,recreation_claude_v2_2!M8,recreation_claude_v2_1!M8),0), "NA") -> 1 | N8: =IF($D8 = 1, ROUND(SUM(recreation_claude_v2_5!N8,recreation_claude_v2_4!N8,recreation_claude_v2_3!N8,recreation_claude_v2_2!N8,recreation_claude_v2_1!N8)/COUNT(recreation_claude_v2_5!N8,recreation_claude_v2_4!N8,recreation_claude_v2_3!N8,recreation_claude_v2_2!N8,recreation_claude_v2_1!N8),0), "NA") -> 1 | O8: 1.4838734
A9: TD | B9: Question 8 | C9: 0 | D9: =ROUND(SUM(recreation_claude_v2_5!D9,recreation_claude_v2_4!D9,recreation_claude_v2_3!D9,recreation_claude_v2_2!D9,recreation_claude_v2_1!D9)/COUNT(recreation_claude_v2_5!D9,recreation_claude_v2_4!D9,recreation_claude_v2_3!D9,recreation_claude_v2_2!D9,recreation_claude_v2_1!D9),0) -> 1 | E9: =IF($D9 = 1, ROUND(SUM(recreation_claude_v2_5!E9,recreation_claude_v2_4!E9,recreation_claude_v2_3!E9,recreation_claude_v2_2!E9,recreation_claude_v2_1!E9)/COUNT(recreation_claude_v2_5!E9,recreation_claude_v2_4!E9,recreation_claude_v2_3!E9,recreation_claude_v2_2!E9,recreation_claude_v2_1!E9),0), "NA") -> 1 | F9: =IF($D9 = 1, ROUND(SUM(recreation_claude_v2_5!F9,recreation_claude_v2_4!F9,recreation_claude_v2_3!F9,recreation_claude_v2_2!F9,recreation_claude_v2_1!F9)/COUNT(recreation_claude_v2_5!F9,recreation_claude_v2_4!F9,recreation_claude_v2_3!F9,recreation_claude_v2_2!F9,recreation_claude_v2_1!F9),0), "NA") -> 1 | G9: =IF($D9 = 1, ROUND(SUM(recreation_claude_v2_5!G9,recreation_claude_v2_4!G9,recreation_claude_v2_3!G9,recreation_claude_v2_2!G9,recreation_claude_v2_1!G9)/COUNT(recreation_claude_v2_5!G9,recreation_claude_v2_4!G9,recreation_claude_v2_3!G9,recreation_claude_v2_2!G9,recreation_claude_v2_1!G9),0), "NA") -> 1 | H9: =IF($E9 = 1, ROUND(SUM(recreation_claude_v2_5!H9,recreation_claude_v2_4!H9,recreation_claude_v2_3!H9,recreation_claude_v2_2!H9,recreation_claude_v2_1!H9)/COUNT(recreation_claude_v2_5!H9,recreation_claude_v2_4!H9,recreation_claude_v2_3!H9,recreation_claude_v2_2!H9,recreation_claude_v2_1!H9),0), "NA") -> 1 | I9: =IF($D9 = 1, ROUND(SUM(recreation_claude_v2_5!I9,recreation_claude_v2_4!I9,recreation_claude_v2_3!I9,recreation_claude_v2_2!I9,recreation_claude_v2_1!I9)/COUNT(recreation_claude_v2_5!I9,recreation_claude_v2_4!I9,recreation_claude_v2_3!I9,recreation_claude_v2_2!I9,recreation_claude_v2_1!I9),0), "NA") -> 1 | J9: =IF(AND($E9 = 1, $F9 = 1), ROUND(SUM(recreation_claude_v2_5!J9,recreation_claude_v2_4!J9,recreation_claude_v2_3!J9,recreation_claude_v2_2!J9,recreation_claude_v2_1!J9)/COUNT(recreation_claude_v2_5!J9,recreation_claude_v2_4!J9,recreation_claude_v2_3!J9,recreation_claude_v2_2!J9,recreation_claude_v2_1!J9),0), "NA") -> 1 | K9: =IF($D9 = 1, ROUND(SUM(recreation_claude_v2_5!K9,recreation_claude_v2_4!K9,recreation_claude_v2_3!K9,recreation_claude_v2_2!K9,recreation_claude_v2_1!K9)/COUNT(recreation_claude_v2_5!K9,recreation_claude_v2_4!K9,recreation_claude_v2_3!K9,recreation_claude_v2_2!K9,recreation_claude_v2_1!K9),0), "NA") -> 1 | L9: =IF($D9 = 1, ROUND(SUM(recreation_claude_v2_5!L9,recreation_claude_v2_4!L9,recreation_claude_v2_3!L9,recreation_claude_v2_2!L9,recreation_claude_v2_1!L9)/COUNT(recreation_claude_v2_5!L9,recreation_claude_v2_4!L9,recreation_claude_v2_3!L9,recreation_claude_v2_2!L9,recreation_claude_v2_1!L9),0), "NA") -> 1 | M9: =IF($D9 = 1, ROUND(SUM(recreation_claude_v2_5!M9,recreation_claude_v2_4!M9,recreation_claude_v2_3!M9,recreation_claude_v2_2!M9,recreation_claude_v2_1!M9)/COUNT(recreation_claude_v2_5!M9,recreation_claude_v2_4!M9,recreation_claude_v2_3!M9,recreation_claude_v2_2!M9,recreation_claude_v2_1!M9),0), "NA") -> 1 | N9: =IF($D9 = 1, ROUND(SUM(recreation_claude_v2_5!N9,recreation_claude_v2_4!N9,recreation_claude_v2_3!N9,recreation_claude_v2_2!N9,recreation_claude_v2_1!N9)/COUNT(recreation_claude_v2_5!N9,recreation_claude_v2_4!N9,recreation_claude_v2_3!N9,recreation_claude_v2_2!N9,recreation_claude_v2_1!N9),0), "NA") -> 1 | O9: 1.9097512
A10: TD | B10: Question 9 | C10: 0 | D10: =ROUND(SUM(recreation_claude_v2_5!D10,recreation_claude_v2_4!D10,recreation_claude_v2_3!D10,recreation_claude_v2_2!D10,recreation_claude_v2_1!D10)/COUNT(recreation_claude_v2_5!D10,recreation_claude_v2_4!D10,recreation_claude_v2_3!D10,recreation_claude_v2_2!D10,recreation_claude_v2_1!D10),0) -> 1 | E10: =IF($D10 = 1, ROUND(SUM(recreation_claude_v2_5!E10,recreation_claude_v2_4!E10,recreation_claude_v2_3!E10,recreation_claude_v2_2!E10,recreation_claude_v2_1!E10)/COUNT(recreation_claude_v2_5!E10,recreation_claude_v2_4!E10,recreation_claude_v2_3!E10,recreation_claude_v2_2!E10,recreation_claude_v2_1!E10),0), "NA") -> 1 | F10: =IF($D10 = 1, ROUND(SUM(recreation_claude_v2_5!F10,recreation_claude_v2_4!F10,recreation_claude_v2_3!F10,recreation_claude_v2_2!F10,recreation_claude_v2_1!F10)/COUNT(recreation_claude_v2_5!F10,recreation_claude_v2_4!F10,recreation_claude_v2_3!F10,recreation_claude_v2_2!F10,recreation_claude_v2_1!F10),0), "NA") -> 1 | G10: =IF($D10 = 1, ROUND(SUM(recreation_claude_v2_5!G10,recreation_claude_v2_4!G10,recreation_claude_v2_3!G10,recreation_claude_v2_2!G10,recreation_claude_v2_1!G10)/COUNT(recreation_claude_v2_5!G10,recreation_claude_v2_4!G10,recreation_claude_v2_3!G10,recreation_claude_v2_2!G10,recreation_claude_v2_1!G10),0), "NA") -> 1 | H10: =IF($E10 = 1, ROUND(SUM(recreation_claude_v2_5!H10,recreation_claude_v2_4!H10,recreation_claude_v2_3!H10,recreation_claude_v2_2!H10,recreation_claude_v2_1!H10)/COUNT(recreation_claude_v2_5!H10,recreation_claude_v2_4!H10,recreation_claude_v2_3!H10,recreation_claude_v2_2!H10,recreation_claude_v2_1!H10),0), "NA") -> 1 | I10: =IF($D10 = 1, ROUND(SUM(recreation_claude_v2_5!I10,recreation_claude_v2_4!I10,recreation_claude_v2_3!I10,recreation_claude_v2_2!I10,recreation_claude_v2_1!I10)/COUNT(recreation_claude_v2_5!I10,recreation_claude_v2_4!I10,recreation_claude_v2_3!I10,recreation_claude_v2_2!I10,recreation_claude_v2_1!I10),0), "NA") -> 1 | J10: =IF(AND($E10 = 1, $F10 = 1), ROUND(SUM(recreation_claude_v2_5!J10,recreation_claude_v2_4!J10,recreation_claude_v2_3!J10,recreation_claude_v2_2!J10,recreation_claude_v2_1!J10)/COUNT(recreation_claude_v2_5!J10,recreation_claude_v2_4!J10,recreation_claude_v2_3!J10,recreation_claude_v2_2!J10,recreation_claude_v2_1!J10),0), "NA") -> 1 | K10: =IF($D10 = 1, ROUND(SUM(recreation_claude_v2_5!K10,recreation_claude_v2_4!K10,recreation_claude_v2_3!K10,recreation_claude_v2_2!K10,recreation_claude_v2_1!K10)/COUNT(recreation_claude_v2_5!K10,recreation_claude_v2_4!K10,recreation_claude_v2_3!K10,recreation_claude_v2_2!K10,recreation_claude_v2_1!K10),0), "NA") -> 1 | L10: =IF($D10 = 1, ROUND(SUM(recreation_claude_v2_5!L10,recreation_claude_v2_4!L10,recreation_claude_v2_3!L10,recreation_claude_v2_2!L10,recreation_claude_v2_1!L10)/COUNT(recreation_claude_v2_5!L10,recreation_claude_v2_4!L10,recreation_claude_v2_3!L10,recreation_claude_v2_2!L10,recreation_claude_v2_1!L10),0), "NA") -> 1 | M10: =IF($D10 = 1, ROUND(SUM(recreation_claude_v2_5!M10,recreation_claude_v2_4!M10,recreation_claude_v2_3!M10,recreation_claude_v2_2!M10,recreation_claude_v2_1!M10)/COUNT(recreation_claude_v2_5!M10,recreation_claude_v2_4!M10,recreation_claude_v2_3!M10,recreation_claude_v2_2!M10,recreation_claude_v2_1!M10),0), "NA") -> 1 | N10: =IF($D10 = 1, ROUND(SUM(recreation_claude_v2_5!N10,recreation_claude_v2_4!N10,recreation_claude_v2_3!N10,recreation_claude_v2_2!N10,recreation_claude_v2_1!N10)/COUNT(recreation_claude_v2_5!N10,recreation_claude_v2_4!N10,recreation_claude_v2_3!N10,recreation_claude_v2_2!N10,recreation_claude_v2_1!N10),0), "NA") -> 1 | O10: 3.0059342
