Workbook

Sheet recreation_v2_common_1
A1: Evaluator | B1: Question | C1: status | D1: answerability | E1: primary_kc_alignment | F1: secondary_kc_alignment | G1: topic_alignment | H1: grade_alignment | I1: real_world_feasibility | J1: synergy | K1: clarity | L1: conciseness_and_relevance | M1: language_quality | N1: content_appropriateness | O1: explanation | P1: response_time
A2: All | B2: Question 1 | C2: 0 | D2: 1 | E2: 1 | F2: 1 | G2: 1 | H2: 1 | I2: 1 | J2: 1 | K2: 1 | L2: 1 | M2: 1 | N2: 1 | P2: 2.1706738
A3: All | B3: Question 2 | C3: 0 | D3: 1 | E3: 1 | F3: 1 | G3: 1 | H3: 1 | I3: 0 | J3: 1 | K3: 1 | L3: 1 | M3: 1 | N3: 1 | O3: real_world_feasibility: The scenario presents a situation where Alvin intends to 'divide his time equally among as many songs as possible' but then instead spends 2/3 of his entire practice time on the first song, which contradicts the equal division stated earlier. In practical terms, if he is dividing time equally, he cannot then spend a disproportionate amount (2/3) on the first song; this creates an unrealistic or confusing expectation about what is really happening during the practice session. | P3: 2.621151
A4: All | B4: Question 3 | C4: 0 | D4: 1 | E4: 1 | F4: 1 | G4: 1 | H4: 1 | I4: 1 | J4: 1 | K4: 1 | L4: 1 | M4: 1 | N4: 1 | P4: 1.3482804
A5: All | B5: Question 4 | C5: 0 | D5: 1 | E5: 1 | F5: 1 | G5: 1 | H5: 1 | I5: 1 | J5: 1 | K5: 1 | L5: 1 | M5: 1 | N5: 1 | P5: 1.9925642
A6: All | B6: Question 5 | C6: 0 | D6: 1 | E6: 1 | F6: 1 | G6: 1 | H6: 1 | I6: 1 | J6: 1 | K6: 1 | L6: 1 | M6: 1 | N6: 1 | P6: 1.4973304
A7: All | B7: Question 6 | C7: 0 | D7: 1 | E7: 1 | F7: 1 | G7: 1 | H7: 1 | I7: 1 | J7: 1 | K7: 1 | L7: 1 | M7: 1 | N7: 1 | P7: 1.5839996
A8: All | B8: Question 7 | C8: 0 | D8: 1 | E8: 1 | F8: 1 | G8: 1 | H8: 1 | I8: 1 | J8: 1 | K8: 1 | L8: 1 | M8: 1 | N8: 1 | P8: 1.9166331
A9: All | B9: Question 8 | C9: 0 | D9: 1 | E9: 1 | F9: 1 | G9: 1 | H9: 1 | I9: 1 | J9: 1 | K9: 1 | L9: 1 | M9: 1 | N9: 1 | P9: 1.5742252
A10: All | B10: Question 9 | C10: 0 | D10: 1 | E10: 1 | F10: 1 | G10: 1 | H10: 1 | I10: 1 | J10: 1 | K10: 1 | L10: 1 | M10: 1 | N10: 1 | P10: 1.3755021
A11: All | B11: Question 10 | C11: 0 | D11: 1 | E11: 1 | F11: 1 | G11: 1 | H11: 1 | I11: 1 | J11: 1 | K11: 1 | L11: 1 | M11: 1 | N11: 1 | P11: 2.3105531
A12: All | B12: Question 11 | C12: 0 | D12: 1 | E12: 0 | F12: 1 | G12: 1 | H12: 1 | I12: 1 | J12: 1 | K12: 1 | L12: 1 | M12: 1 | N12: 1 | O12: Primary Knowledge Component Alignment: While the problem does require subtraction of mixed numbers in part (b), finding out how much further Sarah needs to cycle, the first question (adding the two mixed numbers) is the more central and necessary step. The primary operation the student must perform is addition of mixed numbers (question a), while the subtraction is a dependent and simpler follow-up using the combined distance. Therefore, addition is far more central, and making subtraction the primary KC is not justified by the structure of the questions. | P12: 3.7945702
A13: All | B13: Question 12 | C13: 0 | D13: 1 | E13: 1 | F13: 1 | G13: 1 | H13: 1 | I13: 1 | J13: 1 | K13: 1 | L13: 1 | M13: 1 | N13: 1 | P13: 2.1255364
A14: All | B14: Question 13 | C14: 0 | D14: 1 | E14: 1 | F14: 1 | G14: 1 | H14: 1 | I14: 1 | J14: 1 | K14: 1 | L14: 1 | M14: 1 | N14: 1 | P14: 1.4113662
A15: All | B15: Question 14 | C15: 0 | D15: 1 | E15: 1 | F15: 0 | G15: 1 | H15: 1 | I15: 1 | J15: 0 | K15: 1 | L15: 1 | M15: 1 | N15: 1 | O15: Secondary KC Alignment (0): The problem requires division (70 divided by 250) then multiplying by 100, which is more about division and percentage rather than multiplication of whole numbers as a standalone operation. Synergy (0): The multiplication knowledge (as a secondary KC) is not needed in tandem with the concept of expressing part of a whole as a percentage in a way that deepens or connects the two concepts; the main operation is division for finding the fraction, then multiplication by 100 is standard in percentage calculation but doesn't elevate multiplication to a significant secondary component role. | P15: 2.7380521
A16: All | B16: Question 15 | C16: 0 | D16: 1 | E16: 0 | F16: 1 | G16: 1 | H16: 1 | I16: 1 | J16: 1 | K16: 1 | L16: 1 | M16: 1 | N16: 1 | O16: Primary KC Alignment: The intended primary knowledge component is 'multiplying decimals (up to 3 decimal places) by 10, 100, 1000 and their multiples.' However, in this problem, the multiplication required is 3.275 × 20, where 20 is not a multiple of 10, 100 or 1000. Instead, the multiplication is a whole number with a decimal by a number that is not a power of ten or their multiples, so this does not fully align with the specified KC. | P16: 2.9748859
A17: All | B17: Question 16 | C17: 0 | D17: 1 | E17: 1 | F17: 1 | G17: 1 | H17: 1 | I17: 1 | J17: 1 | K17: 1 | L17: 1 | M17: 1 | N17: 1 | P17: 1.3289552
A18: All | B18: Question 17 | C18: 0 | D18: 1 | E18: 1 | F18: 1 | G18: 1 | H18: 1 | I18: 1 | J18: 1 | K18: 1 | L18: 1 | M18: 1 | N18: 1 | P18: 1.5157855
A19: All | B19: Question 18 | C19: 0 | D19: 1 | E19: 1 | F19: 0 | G19: 0 | H19: 1 | I19: 1 | J19: 1 | K19: 1 | L19: 1 | M19: 1 | N19: 1 | O19: Secondary Knowledge Component: The secondary KC is subtracting fractions, but the actual process involves finding a fraction of a whole number (fraction of bookmarks) and then a whole number subtraction, not a pure fraction-fraction subtraction. Topic Alignment: 'Making bookmarks' is a craft or practical activity, but it is not strictly a recreation from the listed examples (sports, games, music, etc.). Thus, the intended topic alignment is not fully satisfied. | P19: 2.6697042
A20: All | B20: Question 19 | C20: 0 | D20: 1 | E20: 1 | F20: 1 | G20: 1 | H20: 1 | I20: 1 | J20: 1 | K20: 1 | L20: 1 | M20: 1 | N20: 1 | P20: 3.529762
A21: All | B21: Question 20 | C21: 0 | D21: 1 | E21: 1 | F21: 1 | G21: 1 | H21: 1 | I21: 1 | J21: 1 | K21: 1 | L21: 1 | M21: 1 | N21: 1 | P21: 1.9920475
A22: All | B22: Question 21 | C22: 0 | D22: 1 | E22: 1 | F22: 1 | G22: 1 | H22: 1 | I22: 1 | J22: 1 | K22: 1 | L22: 1 | M22: 1 | N22: 1 | P22: 1.4483109
A23: All | B23: Question 22 | C23: 0 | D23: 1 | E23: 1 | F23: 1 | G23: 1 | H23: 1 | I23: 1 | J23: 1 | K23: 1 | L23: 1 | M23: 1 | N23: 1 | P23: 1.9525518
A24: All | B24: Question 23 | C24: 0 | D24: 1 | E24: 0 | F24: 1 | G24: 1 | H24: 0 | I24: 1 | J24: 1 | K24: 1 | L24: 1 | M24: 1 | N24: 1 | O24: Primary KC alignment: The first question (a) requires subtracting 6.43 from 7.85, which fits 'subtracting decimals up to 2 decimal places.' However, the third round score is 7.802 (3 d.p.), but the subtraction isn't needed with that, so the problem doesn't require harder KC for subtraction in Q(a), thus borderline. However, the inclusion of a 3 d.p. decimal in the scores may confuse students not expected to handle subtraction with more than 2 d.p. even if not strictly required for Q(a).Grade alignment: Comparing and ordering decimals up to 3 decimal places is slightly above the expected Primary 4 knowledge based on the Singapore syllabus, which covers mostly up to 2 decimal places at this level. The presence of a 3 decimal-place value for arranging (Q(b)) would be more suitable for Primary 5. Hence, grade alignment is not fully met. | P24: 5.9807456
A25: All | B25: Question 24 | C25: 0 | D25: 1 | E25: 1 | F25: 1 | G25: 1 | H25: 1 | I25: 1 | J25: 1 | K25: 1 | L25: 1 | M25: 1 | N25: 1 | P25: 2.7597234
A26: All | B26: Question 25 | C26: 0 | D26: 1 | E26: 1 | F26: 1 | G26: 1 | H26: 1 | I26: 1 | J26: 1 | K26: 1 | L26: 1 | M26: 1 | N26: 1 | P26: 1.6122153
A27: All | B27: Question 26 | C27: 0 | D27: 1 | E27: 1 | F27: 1 | G27: 1 | H27: 1 | I27: 1 | J27: 1 | K27: 1 | L27: 1 | M27: 1 | N27: 1 | P27: 1.7007899
A28: All | B28: Question 27 | C28: 0 | D28: 1 | E28: 1 | F28: 1 | G28: 1 | H28: 1 | I28: 1 | J28: 1 | K28: 1 | L28: 1 | M28: 1 | N28: 1 | P28: 1.9631679
A29: All | B29: Question 28 | C29: 0 | D29: 1 | E29: 1 | F29: 1 | G29: 1 | H29: 1 | I29: 1 | J29: 1 | K29: 1 | L29: 1 | M29: 1 | N29: 1 | P29: 1.3275898
A30: All | B30: Question 29 | C30: 0 | D30: 0 | E30: 1 | F30: 1 | G30: 1 | H30: 1 | I30: 1 | J30: 0 | K30: 1 | L30: 0 | M30: 1 | N30: 1 | O30: answerability: The stem states Elaine spent a total of 1 hour, but the sum of the given fractions (5/6 + 1/4 = 11/12) is less than 1 hour, which is a contradiction. synergy: The answer to part (a) is not strictly needed to answer part (b); they can be solved independently. conciseness_and_relevance: The statement 'She spent a total of 1 hour doing these activities.' is not necessary and introduces conflicting information. | P30: 2.5442524
A31: All | B31: Question 30 | C31: 0 | D31: 1 | E31: 1 | F31: 1 | G31: 1 | H31: 1 | I31: 1 | J31: 1 | K31: 1 | L31: 1 | M31: 1 | N31: 1 | P31: 1.3472352
A32: All | B32: Question 31 | C32: 0 | D32: 1 | E32: 1 | F32: 1 | G32: 1 | H32: 1 | I32: 1 | J32: 1 | K32: 1 | L32: 1 | M32: 1 | N32: 1 | P32: 1.4456277
A33: All | B33: Question 32 | C33: 0 | D33: 1 | E33: 1 | F33: 1 | G33: 1 | H33: 1 | I33: 1 | J33: 1 | K33: 1 | L33: 1 | M33: 1 | N33: 1 | P33: 1.6236658
A34: All | B34: Question 33 | C34: 0 | D34: 1 | E34: 1 | F34: 1 | G34: 1 | H34: 1 | I34: 1 | J34: 1 | K34: 1 | L34: 1 | M34: 1 | N34: 1 | P34: 1.4303083
A35: All | B35: Question 34 | C35: 0 | D35: 1 | E35: 1 | F35: 1 | G35: 1 | H35: 1 | I35: 1 | J35: 1 | K35: 1 | L35: 1 | M35: 1 | N35: 1 | P35: 1.2865915
A36: All | B36: Question 35 | C36: 0 | D36: 1 | E36: 1 | F36: 1 | G36: 1 | H36: 1 | I36: 1 | J36: 1 | K36: 1 | L36: 1 | M36: 1 | N36: 1 | P36: 2.1296873
A37: All | B37: Question 36 | C37: 0 | D37: 1 | E37: 1 | F37: 1 | G37: 1 | H37: 1 | I37: 1 | J37: 1 | K37: 1 | L37: 1 | M37: 1 | N37: 1 | P37: 1.237299
A38: All | B38: Question 37 | C38: 0 | D38: 1 | E38: 1 | F38: 1 | G38: 1 | H38: 1 | I38: 1 | J38: 1 | K38: 1 | L38: 1 | M38: 1 | N38: 1 | P38: 3.0167956
A39: All | B39: Question 38 | C39: 0 | D39: 1 | E39: 1 | F39: 1 | G39: 1 | H39: 1 | I39: 1 | J39: 1 | K39: 1 | L39: 1 | M39: 1 | N39: 1 | P39: 1.4570186
A40: All | B40: Question 39 | C40: 0 | D40: 1 | E40: 1 | F40: 1 | G40: 1 | H40: 1 | I40: 1 | J40: 1 | K40: 1 | L40: 1 | M40: 1 | N40: 1 | P40: 1.3227735
A41: All | B41: Question 40 | C41: 0 | D41: 1 | E41: 1 | F41: 1 | G41: 1 | H41: 1 | I41: 1 | J41: 1 | K41: 1 | L41: 1 | M41: 1 | N41: 1 | P41: 1.8905549
A42: All | B42: Question 41 | C42: 0 | D42: 1 | E42: 1 | F42: 1 | G42: 1 | H42: 1 | I42: 1 | J42: 1 | K42: 1 | L42: 1 | M42: 1 | N42: 1 | P42: 1.4934733
... A46: All | B46: Question 45 | C46: 0 | D46: 1 | E46: 1 | F46: 1 | G46: 1 | H46: 1 | I46: 1 | J46: 1 | K46: 1 | L46: 1 | M46: 1 | N46: 1 | P46: 1.6556416
A47: All | B47: Question 46 | C47: 0 | D47: 1 | E47: 0 | F47: 1 | G47: 1 | H47: 1 | I47: 1 | J47: 1 | K47: 1 | L47: 1 | M47: 1 | N47: 1 | O47: Primary KC Alignment: The intended primary KC specifies multiplying decimals (up to 3 decimal places) by 10, 100, 1000 and their multiples. However, the main computation required in (a) is multiplying 0.125 by 100, and while this is a multiple of 10, 100, 1000, the prime pedagogical focus of problems designed for this KC should usually highlight the place-value shift (i.e., 0.125 × 100 = 12.5 because you shift the decimal two places), not just general multiplication of decimals by other numbers. Here the context is more naturally about multiplying by a whole number, and doesn't really draw attention to place value shifts as the focus. Therefore, it's judged as not fully aligned. | P47: 3.6555538
A48: All | B48: Question 47 | C48: 0 | D48: 1 | E48: 1 | F48: 1 | G48: 1 | H48: 1 | I48: 1 | J48: 1 | K48: 1 | L48: 1 | M48: 1 | N48: 1 | P48: 2.1854455
A49: All | B49: Question 48 | C49: 0 | D49: 1 | E49: 1 | F49: 1 | G49: 1 | H49: 1 | I49: 1 | J49: 1 | K49: 1 | L49: 1 | M49: 1 | N49: 1 | P49: 1.624115
A50: All | B50: Question 49 | C50: 0 | D50: 1 | E50: 1 | F50: 1 | G50: 1 | H50: 1 | I50: 1 | J50: 1 | K50: 1 | L50: 1 | M50: 1 | N50: 1 | P50: 2.8084042
A51: All | B51: Question 50 | C51: 0 | D51: 1 | E51: 1 | F51: 1 | G51: 1 | H51: 1 | I51: 1 | J51: 1 | K51: 1 | L51: 1 | M51: 1 | N51: 1 | P51: 1.8154001
A52: All | B52: Question 51 | C52: 0 | D52: 1 | E52: 1 | F52: 1 | G52: 1 | H52: 1 | I52: 1 | J52: 1 | K52: 1 | L52: 1 | M52: 1 | N52: 1 | P52: 1.3119421
A53: All | B53: Question 52 | C53: 0 | D53: 1 | E53: 1 | F53: 1 | G53: 1 | H53: 1 | I53: 1 | J53: 1 | K53: 1 | L53: 1 | M53: 1 | N53: 1 | P53: 1.8015029
A54: All | B54: Question 53 | C54: 0 | D54: 1 | E54: 1 | F54: 1 | G54: 1 | H54: 1 | I54: 1 | J54: 1 | K54: 1 | L54: 1 | M54: 1 | N54: 1 | P54: 1.2760284
A55: All | B55: Question 54 | C55: 0 | D55: 1 | E55: 1 | F55: 1 | G55: 1 | H55: 1 | I55: 0 | J55: 1 | K55: 1 | L55: 0 | M55: 1 | N55: 1 | O55: real_world_feasibility: The number of times each song is played in one week is arbitrarily represented as 2^n, without a logical connection to the actual context (the specified routine of each friend listening to two full rounds daily is never used in the calculation or explanation, making the scenario unrealistic and mathematically disconnected from the context). | conciseness_and_relevance: The mention of "each friend wants to listen to the playlist through 2 full rounds each day" is never factored into the questions, making this information irrelevant to the solution and the focus on indices. | P55: 2.5354714
A56: All | B56: Question 55 | C56: 0 | D56: 1 | E56: 1 | F56: 1 | G56: 1 | H56: 1 | I56: 0 | J56: 1 | K56: 1 | L56: 1 | M56: 1 | N56: 1 | O56: F: The problem uses non-integer scoring (e.g., 8.75, 9.60) in bowling, where in real bowling, scores are always whole numbers, making such decimals not plausible in the context of actual bowling. | P56: 1.8950553
A57: All | B57: Question 56 | C57: 0 | D57: 1 | E57: 1 | F57: 1 | G57: 1 | H57: 1 | I57: 1 | J57: 1 | K57: 1 | L57: 1 | M57: 1 | N57: 1 | P57: 1.6398709
A58: All | B58: Question 57 | C58: 0 | D58: 1 | E58: 1 | F58: 1 | G58: 1 | H58: 1 | I58: 1 | J58: 1 | K58: 1 | L58: 1 | M58: 1 | N58: 1 | P58: 1.5024209
A59: All | B59: Question 58 | C59: 0 | D59: 1 | E59: 1 | F59: 1 | G59: 1 | H59: 1 | I59: 1 | J59: 1 | K59: 1 | L59: 1 | M59: 1 | N59: 1 | P59: 1.3808458
A60: All | B60: Question 59 | C60: 0 | D60: 1 | E60: 0 | F60: 1 | G60: 1 | H60: 1 | I60: 1 | J60: 0 | K60: 1 | L60: 1 | M60: 1 | N60: 1 | O60: Primary KC Alignment: The problem requires finding what fraction of the set Alicia has after giving away stickers, but the needed calculation is actually multiplication (finding 1/4 of 7/12 and subtracting this from 7/12), not subtraction of two unrelated fractions as intended. It requires understanding fractions of fractions, which includes multiplication before subtracting. Synergy: The primary and secondary KCs are not in ideal synergy; the main mathematical demand is multiplying fractions (fraction of a set), not just simple subtraction, even though simplification is required at the end. | P60: 3.4792628
A61: All | B61: Question 60 | C61: 0 | D61: 1 | E61: 1 | F61: 1 | G61: 1 | H61: 1 | I61: 1 | J61: 1 | K61: 1 | L61: 1 | M61: 1 | N61: 1 | P61: 1.300741
A62: All | B62: Question 61 | C62: 0 | D62: 1 | E62: 1 | F62: 1 | G62: 1 | H62: 1 | I62: 1 | J62: 1 | K62: 1 | L62: 1 | M62: 1 | N62: 1 | P62: 1.5608306
A63: All | B63: Question 62 | C63: 0 | D63: 1 | E63: 1 | F63: 1 | G63: 1 | H63: 1 | I63: 1 | J63: 1 | K63: 1 | L63: 1 | M63: 1 | N63: 1 | P63: 1.5571887
A64: All | B64: Question 63 | C64: 0 | D64: 1 | E64: 1 | F64: 1 | G64: 1 | H64: 0 | I64: 0 | J64: 1 | K64: 1 | L64: 1 | M64: 1 | N64: 1 | O64: Grade Alignment: The numbers involved (78.35 and 56.45) lead to a total of 134.8, or 134.80, which as a fraction is 13480/100. Simplifying large decimal values as fractions (not just tenths or hundredths, but in this magnitude) is not typical of Primary 4, where fraction simplification generally covers more basic values (e.g., below 1 as in 0.25 or 0.75), and whole numbers with simple fractional parts. This may exceed the arithmetic complexity and simplification expectations for the stated grade. Real World Feasibility: Bowling scores are always integers in real life; there is no possibility of scoring 78.35 points in a game of bowling. The context is thus not realistic. | P64: 6.2496934
A65: All | B65: Question 64 | C65: 0 | D65: 1 | E65: 1 | F65: 1 | G65: 1 | H65: 1 | I65: 1 | J65: 1 | K65: 1 | L65: 1 | M65: 1 | N65: 1 | P65: 1.6918848
A66: All | B66: Question 65 | C66: 0 | D66: 1 | E66: 1 | F66: 1 | G66: 1 | H66: 1 | I66: 0 | J66: 1 | K66: 1 | L66: 1 | M66: 1 | N66: 1 | O66: Real-world feasibility (0): In real-world audio engineering and human perception, volume in decibels does not increase as a simple exponential function of track number, nor can volume for one song be 'half as loud' simply by halving the decibel value or using a direct arithmetic operation on decibels, as decibels are already a logarithmic measure of loudness. The scenario described does not reflect actual practice in music or sound engineering. | P66: 2.7967575
A67: All | B67: Question 66 | C67: 0 | D67: 1 | E67: 1 | F67: 0 | G67: 1 | H67: 1 | I67: 1 | J67: 0 | K67: 1 | L67: 1 | M67: 1 | N67: 1 | O67: Secondary KC alignment (0): The problem does not require any conversion between larger and smaller decimal units; both quantities are given in litres, and the division is straightforward. Synergy (0): Since there is no unit conversion or connection between sub-tasks, the primary and secondary knowledge components are not used in tandem. | P67: 1.9493692
A68: All | B68: Question 67 | C68: 0 | D68: 1 | E68: 1 | F68: 1 | G68: 1 | H68: 1 | I68: 1 | J68: 1 | K68: 1 | L68: 1 | M68: 1 | N68: 1 | P68: 1.3623705
A69: All | B69: Question 68 | C69: 0 | D69: 1 | E69: 1 | F69: 1 | G69: 1 | H69: 1 | I69: 1 | J69: 1 | K69: 1 | L69: 1 | M69: 1 | N69: 1 | P69: 1.32059
A70: All | B70: Question 69 | C70: 0 | D70: 1 | E70: 1 | F70: 1 | G70: 1 | H70: 1 | I70: 1 | J70: 1 | K70: 1 | L70: 1 | M70: 1 | N70: 1 | P70: 1.4133511
A71: All | B71: Question 70 | C71: 0 | D71: 1 | E71: 1 | F71: 1 | G71: 1 | H71: 1 | I71: 1 | J71: 1 | K71: 1 | L71: 1 | M71: 1 | N71: 1 | P71: 1.6631486
A72: All | B72: Question 71 | C72: 0 | D72: 1 | E72: 1 | F72: 1 | G72: 1 | H72: 1 | I72: 1 | J72: 1 | K72: 1 | L72: 1 | M72: 1 | N72: 1 | P72: 3.2820804
A73: All | B73: Question 72 | C73: 0 | D73: 1 | E73: 1 | F73: 1 | G73: 1 | H73: 1 | I73: 1 | J73: 1 | K73: 1 | L73: 1 | M73: 1 | N73: 1 | P73: 1.6384308
A74: All | B74: Question 73 | C74: 0 | D74: 1 | E74: 1 | F74: 1 | G74: 1 | H74: 1 | I74: 1 | J74: 1 | K74: 1 | L74: 1 | M74: 1 | N74: 1 | P74: 1.4174304
A75: All | B75: Question 74 | C75: 0 | D75: 1 | E75: 1 | F75: 1 | G75: 1 | H75: 1 | I75: 1 | J75: 1 | K75: 1 | L75: 1 | M75: 1 | N75: 1 | P75: 1.9762142
A76: All | B76: Question 75 | C76: 0 | D76: 1 | E76: 1 | F76: 1 | G76: 1 | H76: 1 | I76: 1 | J76: 1 | K76: 1 | L76: 1 | M76: 1 | N76: 1 | P76: 1.5875807
A77: All | B77: Question 76 | C77: 0 | D77: 1 | E77: 1 | F77: 1 | G77: 1 | H77: 1 | I77: 1 | J77: 1 | K77: 1 | L77: 1 | M77: 1 | N77: 1 | P77: 1.4621074
A78: All | B78: Question 77 | C78: 0 | D78: 1 | E78: 1 | F78: 1 | G78: 1 | H78: 1 | I78: 1 | J78: 1 | K78: 1 | L78: 1 | M78: 1 | N78: 1 | P78: 1.4380491
A79: All | B79: Question 78 | C79: 0 | D79: 1 | E79: 1 | F79: 1 | G79: 1 | H79: 1 | I79: 1 | J79: 1 | K79: 1 | L79: 1 | M79: 1 | N79: 1 | P79: 1.4952908
A80: All | B80: Question 79 | C80: 0 | D80: 1 | E80: 1 | F80: 1 | G80: 1 | H80: 1 | I80: 1 | J80: 1 | K80: 1 | L80: 1 | M80: 1 | N80: 1 | P80: 1.6615255
A81: All | B81: Question 80 | C81: 0 | D81: 1 | E81: 1 | F81: 0 | G81: 1 | H81: 1 | I81: 1 | J81: 0 | K81: 1 | L81: 1 | M81: 1 | N81: 1 | O81: Secondary KC (subtracting fractions) is not required since both parts (a) and (b) only require adding fractions and forming a ratio, not subtracting. For synergy, while the two parts are about the same context, the answer from part (a) is not needed for part (b); the two parts can be solved independently and do not use each other's results. | P81: 3.3426218
A82: All | B82: Question 81 | C82: 0 | D82: 1 | E82: 1 | F82: 1 | G82: 1 | H82: 1 | I82: 1 | J82: 1 | K82: 1 | L82: 1 | M82: 1 | N82: 1 | P82: 1.5374842
A83: All | B83: Question 82 | C83: 0 | D83: 1 | E83: 1 | F83: 1 | G83: 1 | H83: 1 | I83: 1 | J83: 1 | K83: 1 | L83: 1 | M83: 1 | N83: 1 | P83: 1.4149857
A84: All | B84: Question 83 | C84: 0 | D84: 1 | E84: 1 | F84: 1 | G84: 1 | H84: 1 | I84: 1 | J84: 1 | K84: 1 | L84: 1 | M84: 1 | N84: 1 | P84: 1.3971541
A85: All | B85: Question 84 | C85: 0 | D85: 1 | E85: 1 | F85: 1 | G85: 1 | H85: 1 | I85: 1 | J85: 1 | K85: 1 | L85: 1 | M85: 1 | N85: 1 | P85: 1.5567799
A86: All | B86: Question 85 | C86: 0 | D86: 1 | E86: 1 | F86: 1 | G86: 1 | H86: 1 | I86: 1 | J86: 1 | K86: 1 | L86: 1 | M86: 1 | N86: 1 | P86: 1.5261376
A87: All | B87: Question 86 | C87: 0 | D87: 1 | E87: 1 | F87: 1 | G87: 1 | H87: 1 | I87: 1 | J87: 1 | K87: 1 | L87: 1 | M87: 1 | N87: 1 | P87: 1.6243255
A88: All | B88: Question 87 | C88: 0 | D88: 1 | E88: 1 | F88: 1 | G88: 1 | H88: 1 | I88: 1 | J88: 1 | K88: 1 | L88: 1 | M88: 1 | N88: 1 | P88: 1.5870857
A89: All | B89: Question 88 | C89: 0 | D89: 1 | E89: 1 | F89: 1 | G89: 1 | H89: 1 | I89: 1 | J89: 1 | K89: 1 | L89: 1 | M89: 1 | N89: 1 | P89: 2.718298
A90: All | B90: Question 89 | C90: 0 | D90: 1 | E90: 1 | F90: 1 | G90: 1 | H90: 1 | I90: 1 | J90: 1 | K90: 1 | L90: 1 | M90: 1 | N90: 1 | P90: 1.5058897
A91: All | B91: Question 90 | C91: 0 | D91: 1 | E91: 1 | F91: 1 | G91: 1 | H91: 1 | I91: 1 | J91: 1 | K91: 1 | L91: 1 | M91: 1 | N91: 1 | P91: 1.640028
A92: All | B92: Question 91 | C92: 0 | D92: 1 | E92: 1 | F92: 1 | G92: 1 | H92: 1 | I92: 1 | J92: 1 | K92: 1 | L92: 1 | M92: 1 | N92: 1 | P92: 1.4112687
A93: All | B93: Question 92 | C93: 0 | D93: 1 | E93: 1 | F93: 1 | G93: 1 | H93: 1 | I93: 1 | J93: 1 | K93: 1 | L93: 1 | M93: 1 | N93: 1 | P93: 1.3247063
... A98: All | B98: Question 97 | C98: 0 | D98: 1 | E98: 1 | F98: 1 | G98: 1 | H98: 1 | I98: 1 | J98: 1 | K98: 1 | L98: 1 | M98: 1 | N98: 1 | P98: 1.4324791
A99: All | B99: Question 98 | C99: 0 | D99: 1 | E99: 0 | F99: 1 | G99: 1 | H99: 1 | I99: 1 | J99: 1 | K99: 1 | L99: 1 | M99: 1 | N99: 1 | O99: Primary KC: The problem does NOT require multiplying a scalar and a matrix as part (a) is matrix-matrix multiplication (A * B), and part (b) is scalar-matrix multiplication (doubling every entry after part (a)); however, the primary KC is chosen as scalar multiplication which only appears as a calculation step and not as the main challenge—the core requirement is matrix multiplication for part (a) (which is secondary KC here, not primary). The main difficulty and focus is matrix-matrix multiplication. | P99: 2.9555855
A100: All | B100: Question 99 | C100: 0 | D100: 1 | E100: 1 | F100: 1 | G100: 1 | H100: 1 | I100: 1 | J100: 1 | K100: 1 | L100: 1 | M100: 1 | N100: 1 | P100: 1.4270136
A101: All | B101: Question 100 | C101: 0 | D101: 0 | E101: 0 | F101: 0 | G101: 1 | H101: 1 | I101: 1 | J101: 0 | K101: 0 | L101: 0 | M101: 1 | N101: 1 | O101: answerability: The problem is ambiguous: it states 56 students participated in singing, 38 in dancing, and 'a certain number participated only in both,' which is illogical; it is unclear how many participated in both, and 'only in both' is not a correct grouping for this context. primary_kc_alignment: The solution requires clarifying participation numbers first, not just comparing given numbers for a ratio. The information is conflicting, and primary KC's focus (finding ratio of clear totals) cannot be executed. secondary_kc_alignment: Subtraction cannot be straightforwardly used because the information on overlap is unclear or contradictory. synergy: Since the primary and secondary KCs cannot be exercised due to the flawed premise, synergy is not present. clarity: The statement 'a certain number participated only in both' is unclear and confusing. conciseness_and_relevance: The information given is conflicting and leads to ambiguity rather than solving the problem using the numbers provided. | P101: 4.0114348

Sheet recreation_v2_common_2
A1: Evaluator | B1: Question | C1: status | D1: answerability | E1: primary_kc_alignment | F1: secondary_kc_alignment | G1: topic_alignment | H1: grade_alignment | I1: real_world_feasibility | J1: synergy | K1: clarity | L1: conciseness_and_relevance | M1: language_quality | N1: content_appropriateness | O1: explanation | P1: response_time
A2: All | B2: Question 1 | C2: 0 | D2: 1 | E2: 1 | F2: 1 | G2: 1 | H2: 1 | I2: 1 | J2: 1 | K2: 1 | L2: 1 | M2: 1 | N2: 1 | P2: 1.5273788
A3: All | B3: Question 2 | C3: 0 | D3: 1 | E3: 1 | F3: 1 | G3: 1 | H3: 1 | I3: 1 | J3: 1 | K3: 1 | L3: 1 | M3: 1 | N3: 1 | P3: 1.4075608
A4: All | B4: Question 3 | C4: 0 | D4: 1 | E4: 1 | F4: 1 | G4: 1 | H4: 1 | I4: 1 | J4: 1 | K4: 1 | L4: 1 | M4: 1 | N4: 1 | P4: 1.3210969
A5: All | B5: Question 4 | C5: 0 | D5: 1 | E5: 1 | F5: 1 | G5: 1 | H5: 1 | I5: 1 | J5: 1 | K5: 1 | L5: 1 | M5: 1 | N5: 1 | P5: 1.5837023
A6: All | B6: Question 5 | C6: 0 | D6: 1 | E6: 1 | F6: 1 | G6: 1 | H6: 1 | I6: 1 | J6: 1 | K6: 1 | L6: 1 | M6: 1 | N6: 1 | P6: 4.0828681
A7: All | B7: Question 6 | C7: 0 | D7: 1 | E7: 1 | F7: 1 | G7: 1 | H7: 1 | I7: 1 | J7: 1 | K7: 1 | L7: 1 | M7: 1 | N7: 1 | P7: 1.8642516
A8: All | B8: Question 7 | C8: 0 | D8: 1 | E8: 1 | F8: 1 | G8: 1 | H8: 1 | I8: 1 | J8: 1 | K8: 1 | L8: 1 | M8: 1 | N8: 1 | P8: 2.1124008
A9: All | B9: Question 8 | C9: 0 | D9: 1 | E9: 1 | F9: 1 | G9: 1 | H9: 1 | I9: 1 | J9: 1 | K9: 1 | L9: 1 | M9: 1 | N9: 1 | P9: 1.5286555
A10: All | B10: Question 9 | C10: 0 | D10: 1 | E10: 1 | F10: 1 | G10: 1 | H10: 1 | I10: 1 | J10: 1 | K10: 1 | L10: 1 | M10: 1 | N10: 1 | P10: 1.3453364
A11: All | B11: Question 10 | C11: 0 | D11: 1 | E11: 1 | F11: 1 | G11: 1 | H11: 1 | I11: 1 | J11: 1 | K11: 1 | L11: 1 | M11: 1 | N11: 1 | P11: 1.4256697
A12: All | B12: Question 11 | C12: 0 | D12: 1 | E12: 0 | F12: 1 | G12: 1 | H12: 1 | I12: 1 | J12: 1 | K12: 1 | L12: 1 | M12: 1 | N12: 1 | O12: Primary KC (subtracting mixed numbers) is not central to solving part (a), which is addition of mixed numbers. Although part (b) requires subtraction, it is secondary and uses the result from part (a), making addition (secondary KC) the primary skill in the problem. | P12: 2.6095788
A13: All | B13: Question 12 | C13: 0 | D13: 1 | E13: 1 | F13: 1 | G13: 1 | H13: 1 | I13: 1 | J13: 1 | K13: 1 | L13: 1 | M13: 1 | N13: 1 | P13: 1.6737418
A14: All | B14: Question 13 | C14: 0 | D14: 1 | E14: 0 | F14: 1 | G14: 1 | H14: 1 | I14: 1 | J14: 0 | K14: 1 | L14: 1 | M14: 1 | N14: 1 | O14: primary_kc_alignment: The primary knowledge component is expressing a part of a whole as a percentage. In this problem, only part (b) requires calculating percentage, and it is a straightforward application rather than emphasizing percentage representation as the main focus of the problem. The main calculation required is addition in part (a), making addition appear as the main knowledge component. synergy: The two questions are sequential, but calculating the percentage in (b) uses the answer from (a) as a whole, not integrating both components in a truly synergistic way. The percentage part does not add complexity depending on the addition process, so there is no strong synergy. | P14: 4.3861275
A15: All | B15: Question 14 | C15: 0 | D15: 1 | E15: 1 | F15: 0 | G15: 1 | H15: 1 | I15: 1 | J15: 0 | K15: 1 | L15: 1 | M15: 1 | N15: 1 | O15: Secondary KC: The question only requires division (70 divided by 250) and then expressing as a percentage (by multiplying by 100), which is technically part of the percentage KC. It does not involve explicit multiplication of whole numbers as a second step for problem-solving outside the percentage context, so the secondary KC targeted (whole number multiplication) is not fully required as an independent step.[FORMULA]: The two KCs do not interact as distinct steps. Multiplication by 100 is universally part of converting fractions to percentages, rather than a conceptual multiplication step with whole numbers needed for another reason. | P15: 4.2382126
A16: All | B16: Question 15 | C16: 0 | D16: 1 | E16: 0 | F16: 1 | G16: 1 | H16: 1 | I16: 1 | J16: 1 | K16: 1 | L16: 1 | M16: 1 | N16: 1 | O16: Primary KC Alignment: The problem only requires multiplying a decimal (3.275) by a whole number (20). It does not specifically require multiplying decimals by 10, 100, 1000, or their multiples, as stated in the intended Primary Knowledge Component. The multiplication here does not align with the intended KC focus. | P16: 1.9724753
A17: All | B17: Question 16 | C17: 0 | D17: 1 | E17: 1 | F17: 1 | G17: 1 | H17: 1 | I17: 1 | J17: 1 | K17: 1 | L17: 1 | M17: 1 | N17: 1 | P17: 1.2554104
A18: All | B18: Question 17 | C18: 0 | D18: 1 | E18: 1 | F18: 1 | G18: 1 | H18: 1 | I18: 1 | J18: 1 | K18: 1 | L18: 1 | M18: 1 | N18: 1 | P18: 3.1135337
A19: All | B19: Question 18 | C19: 0 | D19: 1 | E19: 1 | F19: 1 | G19: 0 | H19: 1 | I19: 1 | J19: 1 | K19: 1 | L19: 1 | M19: 1 | N19: 1 | O19: topic_alignment: The problem context is about making bookmarks with ribbon, which is more aligned with crafts or everyday activities, and does not directly fit under 'Recreation' as defined by sports, games, music, movie, dancing, painting, fishing, and other such recreational activities. | P19: 2.2198379
A20: All | B20: Question 19 | C20: 0 | D20: 1 | E20: 1 | F20: 1 | G20: 1 | H20: 1 | I20: 1 | J20: 1 | K20: 1 | L20: 1 | M20: 1 | N20: 1 | P20: 3.0761116
A21: All | B21: Question 20 | C21: 0 | D21: 1 | E21: 1 | F21: 1 | G21: 1 | H21: 1 | I21: 1 | J21: 1 | K21: 1 | L21: 1 | M21: 1 | N21: 1 | P21: 1.4663224
A22: All | B22: Question 21 | C22: 0 | D22: 1 | E22: 1 | F22: 1 | G22: 1 | H22: 1 | I22: 1 | J22: 1 | K22: 1 | L22: 1 | M22: 1 | N22: 1 | P22: 2.0367453
A23: All | B23: Question 22 | C23: 0 | D23: 1 | E23: 1 | F23: 1 | G23: 1 | H23: 1 | I23: 1 | J23: 1 | K23: 1 | L23: 1 | M23: 1 | N23: 1 | P23: 1.4118071
A24: All | B24: Question 23 | C24: 0 | D24: 1 | E24: 0 | F24: 1 | G24: 1 | H24: 0 | I24: 1 | J24: 1 | K24: 1 | L24: 1 | M24: 1 | N24: 1 | O24: Primary KC Alignment: Part (a) asks for subtraction of decimals, but the third round score (7.802) has three decimal places, while the intended KC is subtraction up to 2 decimal places. The word problem thus requires knowledge of subtracting decimals beyond 2 decimal places if the students attempt to compare or incorporate the third round. Grade Alignment: Primary 4 syllabus typically restricts students to operations with decimals up to 2 decimal places. The inclusion of 7.802 in part (b) is slightly above the intended grade level. | P24: 2.8601685
A25: All | B25: Question 24 | C25: 0 | D25: 1 | E25: 1 | F25: 1 | G25: 1 | H25: 1 | I25: 1 | J25: 1 | K25: 1 | L25: 1 | M25: 1 | N25: 1 | P25: 1.563287
A26: All | B26: Question 25 | C26: 0 | D26: 1 | E26: 1 | F26: 1 | G26: 1 | H26: 1 | I26: 1 | J26: 1 | K26: 1 | L26: 1 | M26: 1 | N26: 1 | P26: 1.4376094
A27: All | B27: Question 26 | C27: 0 | D27: 1 | E27: 1 | F27: 1 | G27: 1 | H27: 1 | I27: 1 | J27: 1 | K27: 1 | L27: 1 | M27: 1 | N27: 1 | P27: 1.2657053
A28: All | B28: Question 27 | C28: 0 | D28: 1 | E28: 1 | F28: 1 | G28: 1 | H28: 1 | I28: 1 | J28: 1 | K28: 1 | L28: 1 | M28: 1 | N28: 1 | P28: 1.7621019
A29: All | B29: Question 28 | C29: 0 | D29: 1 | E29: 1 | F29: 1 | G29: 1 | H29: 1 | I29: 1 | J29: 1 | K29: 1 | L29: 1 | M29: 1 | N29: 1 | P29: 1.4680336
A30: All | B30: Question 29 | C30: 0 | D30: 0 | E30: 0 | F30: 1 | G30: 1 | H30: 1 | I30: 1 | J30: 0 | K30: 1 | L30: 0 | M30: 1 | N30: 1 | O30: answerability: The problem gives the total time Elaine spent as 1 hour, but separately states painting and piano as 5/6 and 1/4 hours, whose sum (5/6 + 1/4 = 10/12 + 3/12 = 13/12 = 1 1/12 hrs) exceeds 1 hour contradicting the 'total of 1 hour' statement. The information is conflicting and not answerable.primary_kc_alignment: The intended primary KC is subtracting unlike fractions, but only part (b) needs subtraction (5/6 - 1/4), and since the given numbers for time sum to more than 1, the subtraction does not match a plausible context. The faulty data means this KC is not aligned as intended.synergy: There is no required use of the answer from (a) in (b); each can be done independently. Also, the contradiction in time data hinders meaningful synergy between the problems.conciseness_and_relevance: The statement 'She spent a total of 1 hour doing these activities.' is unnecessary and conflicts with the sum of the provided times, creating confusion and irrelevance in the data. | P30: 4.6284673
A31: All | B31: Question 30 | C31: 0 | D31: 1 | E31: 1 | F31: 1 | G31: 1 | H31: 1 | I31: 1 | J31: 1 | K31: 1 | L31: 1 | M31: 1 | N31: 1 | P31: 1.5381019
A32: All | B32: Question 31 | C32: 0 | D32: 1 | E32: 1 | F32: 1 | G32: 1 | H32: 1 | I32: 1 | J32: 1 | K32: 1 | L32: 1 | M32: 1 | N32: 1 | P32: 1.5017464
A33: All | B33: Question 32 | C33: 0 | D33: 1 | E33: 1 | F33: 1 | G33: 1 | H33: 1 | I33: 0 | J33: 1 | K33: 1 | L33: 1 | M33: 1 | N33: 1 | O33: G: Although the scenario models a standard math situation of inverse proportion, in reality the time taken by a group to learn choreography rarely decreases perfectly inversely with group size. Coordination, teaching limits, and diminishing returns often mean that doubling the group does not halve the learning time. However, for math problem contexts, this is commonly accepted, but it is not truly realistic. | P33: 3.066205
A34: All | B34: Question 33 | C34: 0 | D34: 1 | E34: 1 | F34: 1 | G34: 1 | H34: 1 | I34: 1 | J34: 1 | K34: 1 | L34: 1 | M34: 1 | N34: 1 | P34: 2.1734476
A35: All | B35: Question 34 | C35: 0 | D35: 1 | E35: 1 | F35: 1 | G35: 1 | H35: 1 | I35: 1 | J35: 1 | K35: 1 | L35: 1 | M35: 1 | N35: 1 | P35: 1.3853226
A36: All | B36: Question 35 | C36: 0 | D36: 1 | E36: 1 | F36: 1 | G36: 1 | H36: 1 | I36: 1 | J36: 1 | K36: 1 | L36: 1 | M36: 1 | N36: 1 | P36: 1.4514508
A37: All | B37: Question 36 | C37: 0 | D37: 1 | E37: 1 | F37: 1 | G37: 1 | H37: 1 | I37: 1 | J37: 1 | K37: 1 | L37: 1 | M37: 1 | N37: 1 | P37: 1.4627981
A38: All | B38: Question 37 | C38: 0 | D38: 1 | E38: 1 | F38: 1 | G38: 1 | H38: 1 | I38: 1 | J38: 1 | K38: 1 | L38: 1 | M38: 1 | N38: 1 | P38: 3.6317351
A39: All | B39: Question 38 | C39: 0 | D39: 1 | E39: 1 | F39: 1 | G39: 1 | H39: 1 | I39: 1 | J39: 1 | K39: 1 | L39: 1 | M39: 1 | N39: 1 | P39: 1.3179255
A40: All | B40: Question 39 | C40: 0 | D40: 1 | E40: 1 | F40: 1 | G40: 1 | H40: 1 | I40: 1 | J40: 1 | K40: 1 | L40: 1 | M40: 1 | N40: 1 | P40: 1.4182882
A41: All | B41: Question 40 | C41: 0 | D41: 1 | E41: 1 | F41: 1 | G41: 1 | H41: 1 | I41: 1 | J41: 1 | K41: 1 | L41: 1 | M41: 1 | N41: 1 | P41: 2.7862084
A42: All | B42: Question 41 | C42: 0 | D42: 1 | E42: 1 | F42: 1 | G42: 1 | H42: 1 | I42: 1 | J42: 1 | K42: 1 | L42: 1 | M42: 1 | N42: 1 | P42: 1.9740796
A43: All | B43: Question 42 | C43: 0 | D43: 1 | E43: 1 | F43: 1 | G43: 1 | H43: 1 | I43: 1 | J43: 1 | K43: 1 | L43: 1 | M43: 1 | N43: 1 | P43: 1.3558953
A44: All | B44: Question 43 | C44: 0 | D44: 1 | E44: 1 | F44: 1 | G44: 1 | H44: 1 | I44: 1 | J44: 1 | K44: 1 | L44: 1 | M44: 1 | N44: 1 | P44: 1.7372069
A45: All | B45: Question 44 | C45: 0 | D45: 1 | E45: 1 | F45: 1 | G45: 1 | H45: 1 | I45: 1 | J45: 1 | K45: 1 | L45: 1 | M45: 1 | N45: 1 | P45: 2.0199423
A46: All | B46: Question 45 | C46: 0 | D46: 1 | E46: 1 | F46: 1 | G46: 1 | H46: 1 | I46: 1 | J46: 1 | K46: 1 | L46: 1 | M46: 1 | N46: 1 | P46: 1.7423248
A47: All | B47: Question 46 | C47: 0 | D47: 1 | E47: 0 | F47: 1 | G47: 1 | H47: 1 | I47: 1 | J47: 1 | K47: 1 | L47: 1 | M47: 1 | N47: 1 | O47: Primary KC misalignment: The expected KC is multiplying decimals by 10, 100, 1000, and their multiples. The calculation here is 0.125 × 100. While this does involve a decimal and multiplication by 100, 0.125 is not an integer, and the intent of the KC for this level is typically for students to multiply a whole number or simple decimal (e.g., 0.4 × 100), not a number with three decimal places unless specified as such in the intended curriculum. If the curriculum explicitly includes this (three decimal places × multiples of 10), then this would align; otherwise, the typical scope may be exceeded. | P47: 2.9277537
A48: All | B48: Question 47 | C48: 0 | D48: 1 | E48: 1 | F48: 1 | G48: 1 | H48: 1 | I48: 1 | J48: 1 | K48: 1 | L48: 1 | M48: 1 | N48: 1 | P48: 1.8833804
A49: All | B49: Question 48 | C49: 0 | D49: 1 | E49: 1 | F49: 1 | G49: 1 | H49: 1 | I49: 1 | J49: 1 | K49: 1 | L49: 1 | M49: 1 | N49: 1 | P49: 1.7781401
A50: All | B50: Question 49 | C50: 0 | D50: 1 | E50: 1 | F50: 1 | G50: 1 | H50: 1 | I50: 1 | J50: 1 | K50: 1 | L50: 1 | M50: 1 | N50: 1 | P50: 1.2921567
A51: All | B51: Question 50 | C51: 0 | D51: 1 | E51: 1 | F51: 1 | G51: 1 | H51: 1 | I51: 1 | J51: 1 | K51: 1 | L51: 1 | M51: 1 | N51: 1 | P51: 1.647634
A52: All | B52: Question 51 | C52: 0 | D52: 1 | E52: 1 | F52: 1 | G52: 1 | H52: 1 | I52: 1 | J52: 1 | K52: 1 | L52: 1 | M52: 1 | N52: 1 | P52: 1.5094302
A53: All | B53: Question 52 | C53: 0 | D53: 1 | E53: 1 | F53: 1 | G53: 1 | H53: 1 | I53: 1 | J53: 1 | K53: 1 | L53: 1 | M53: 1 | N53: 1 | P53: 1.8791735
A54: All | B54: Question 53 | C54: 0 | D54: 1 | E54: 1 | F54: 1 | G54: 1 | H54: 1 | I54: 1 | J54: 1 | K54: 1 | L54: 1 | M54: 1 | N54: 1 | P54: 1.48068
A55: All | B55: Question 54 | C55: 0 | D55: 0 | E55: 1 | F55: 1 | G55: 1 | H55: 1 | I55: 0 | J55: 1 | K55: 1 | L55: 0 | M55: 1 | N55: 1 | O55: answerability: The problem does not provide enough contextual information to justify why the number of plays for each song can be represented by $2^n$ in a week—there is no connection to the real playlist context and detailed calculation (the statement is arbitrary and disconnected from the beginning scenario). Without knowing how the $2^n$ arises from the described routine (2 full rounds/day, 3 songs, 7 days), students cannot logically fill in real-world numbers to check or understand the logic. real_world_feasibility: The number of plays per song following $2^n$ "where $n > 1$" does not directly connect to the described scenario (2 full rounds per day, 3 songs, 7 days). This makes the story's setup and mathematical setup inconsistent with typical patterns of playlist play counts and does not reflect a realistic recreational activity. conciseness_and_relevance: The opening narration about playing a playlist does not directly lead to how $2^n$ is an appropriate model for song plays; thus, there is extraneous confusion and lack of explicit connection to the calculations needed. | P55: 4.2180655
A56: All | B56: Question 55 | C56: 0 | D56: 1 | E56: 1 | F56: 1 | G56: 1 | H56: 1 | I56: 1 | J56: 1 | K56: 1 | L56: 1 | M56: 1 | N56: 1 | P56: 1.3971324
A57: All | B57: Question 56 | C57: 0 | D57: 1 | E57: 1 | F57: 1 | G57: 1 | H57: 1 | I57: 1 | J57: 1 | K57: 1 | L57: 1 | M57: 1 | N57: 1 | P57: 2.1768272
A58: All | B58: Question 57 | C58: 0 | D58: 1 | E58: 1 | F58: 1 | G58: 1 | H58: 1 | I58: 1 | J58: 1 | K58: 1 | L58: 1 | M58: 1 | N58: 1 | P58: 1.5688717
A59: All | B59: Question 58 | C59: 0 | D59: 1 | E59: 1 | F59: 1 | G59: 1 | H59: 1 | I59: 1 | J59: 1 | K59: 1 | L59: 1 | M59: 1 | N59: 1 | P59: 1.231694
A60: All | B60: Question 59 | C60: 0 | D60: 1 | E60: 1 | F60: 1 | G60: 1 | H60: 1 | I60: 1 | J60: 1 | K60: 1 | L60: 1 | M60: 1 | N60: 1 | P60: 1.8513198
A61: All | B61: Question 60 | C61: 0 | D61: 1 | E61: 1 | F61: 1 | G61: 1 | H61: 1 | I61: 1 | J61: 1 | K61: 1 | L61: 1 | M61: 1 | N61: 1 | P61: 1.3993416
A62: All | B62: Question 61 | C62: 0 | D62: 1 | E62: 1 | F62: 1 | G62: 1 | H62: 1 | I62: 1 | J62: 1 | K62: 1 | L62: 1 | M62: 1 | N62: 1 | P62: 1.6023695
A63: All | B63: Question 62 | C63: 0 | D63: 1 | E63: 1 | F63: 1 | G63: 1 | H63: 1 | I63: 1 | J63: 1 | K63: 1 | L63: 1 | M63: 1 | N63: 1 | P63: 1.3807361
A64: All | B64: Question 63 | C64: 0 | D64: 1 | E64: 1 | F64: 1 | G64: 1 | H64: 1 | I64: 1 | J64: 1 | K64: 1 | L64: 1 | M64: 1 | N64: 1 | P64: 1.3875229
A65: All | B65: Question 64 | C65: 0 | D65: 1 | E65: 1 | F65: 1 | G65: 1 | H65: 1 | I65: 1 | J65: 1 | K65: 1 | L65: 1 | M65: 1 | N65: 1 | P65: 1.7773581
A66: All | B66: Question 65 | C66: 0 | D66: 1 | E66: 1 | F66: 1 | G66: 1 | H66: 1 | I66: 0 | J66: 1 | K66: 1 | L66: 1 | M66: 1 | N66: 1 | O66: real_world_feasibility: The scenario is mathematically valid but lacks real-world plausibility. Decibel levels in actual audio engineering are not set according to $V = 2^n$ per song, nor is halving a decibel value equivalent to halving the perceived loudness; decibels work on a logarithmic scale, not a linear one. Therefore, the context is unrealistic when applied to music playback. | P66: 2.4050958
A67: All | B67: Question 66 | C67: 0 | D67: 1 | E67: 1 | F67: 0 | G67: 1 | H67: 1 | I67: 1 | J67: 0 | K67: 1 | L67: 1 | M67: 1 | N67: 1 | O67: Secondary KC alignment: The problem does not require conversion to a smaller unit (e.g., from litres to millilitres); all calculations are done using litres in decimal form. Synergy: Only the primary KC is needed to solve the word problem. The secondary KC is not required, so they are not used together. | P67: 2.6640241
A68: All | B68: Question 67 | C68: 0 | D68: 1 | E68: 1 | F68: 1 | G68: 1 | H68: 1 | I68: 1 | J68: 1 | K68: 1 | L68: 1 | M68: 1 | N68: 1 | P68: 2.1668103
A69: All | B69: Question 68 | C69: 0 | D69: 1 | E69: 1 | F69: 1 | G69: 1 | H69: 1 | I69: 1 | J69: 1 | K69: 1 | L69: 1 | M69: 1 | N69: 1 | P69: 1.7976267
A70: All | B70: Question 69 | C70: 0 | D70: 1 | E70: 1 | F70: 1 | G70: 1 | H70: 1 | I70: 1 | J70: 1 | K70: 1 | L70: 1 | M70: 1 | N70: 1 | P70: 1.2980609
A71: All | B71: Question 70 | C71: 0 | D71: 1 | E71: 1 | F71: 1 | G71: 1 | H71: 1 | I71: 1 | J71: 1 | K71: 1 | L71: 1 | M71: 1 | N71: 1 | P71: 2.1015379
A72: All | B72: Question 71 | C72: 0 | D72: 1 | E72: 1 | F72: 1 | G72: 1 | H72: 1 | I72: 1 | J72: 1 | K72: 1 | L72: 1 | M72: 1 | N72: 1 | P72: 1.2821782
A73: All | B73: Question 72 | C73: 0 | D73: 1 | E73: 1 | F73: 1 | G73: 1 | H73: 1 | I73: 1 | J73: 1 | K73: 1 | L73: 1 | M73: 1 | N73: 1 | P73: 2.4098113
A74: All | B74: Question 73 | C74: 0 | D74: 1 | E74: 1 | F74: 1 | G74: 1 | H74: 1 | I74: 1 | J74: 1 | K74: 1 | L74: 1 | M74: 1 | N74: 1 | P74: 2.5197592
A75: All | B75: Question 74 | C75: 0 | D75: 1 | E75: 1 | F75: 1 | G75: 1 | H75: 1 | I75: 1 | J75: 1 | K75: 1 | L75: 1 | M75: 1 | N75: 1 | P75: 1.4608531
A76: All | B76: Question 75 | C76: 0 | D76: 1 | E76: 1 | F76: 1 | G76: 1 | H76: 1 | I76: 1 | J76: 1 | K76: 1 | L76: 1 | M76: 1 | N76: 1 | P76: 1.963335
A77: All | B77: Question 76 | C77: 0 | D77: 1 | E77: 1 | F77: 1 | G77: 1 | H77: 1 | I77: 1 | J77: 1 | K77: 1 | L77: 1 | M77: 1 | N77: 1 | P77: 1.479857
A78: All | B78: Question 77 | C78: 0 | D78: 1 | E78: 1 | F78: 1 | G78: 1 | H78: 1 | I78: 1 | J78: 1 | K78: 1 | L78: 1 | M78: 1 | N78: 1 | P78: 2.1735997
A79: All | B79: Question 78 | C79: 0 | D79: 1 | E79: 1 | F79: 1 | G79: 1 | H79: 1 | I79: 1 | J79: 1 | K79: 1 | L79: 1 | M79: 1 | N79: 1 | P79: 1.6448598
A80: All | B80: Question 79 | C80: 0 | D80: 1 | E80: 1 | F80: 1 | G80: 1 | H80: 1 | I80: 1 | J80: 0 | K80: 1 | L80: 1 | M80: 1 | N80: 1 | O80: Synergy (0): The two questions are not truly synergistic. The subtraction in part (b) (remaining children) could have built on the number of rows or the result of the division, but it only takes the total number of children at the concert and subtracts 253, not considering how seating is affected. There's no explicit connection where the result of part (a) is needed for part (b): the second part could be answered from the original total alone. | P80: 3.0003192
A81: All | B81: Question 80 | C81: 0 | D81: 1 | E81: 0 | F81: 0 | G81: 1 | H81: 1 | I81: 1 | J81: 0 | K81: 1 | L81: 1 | M81: 1 | N81: 1 | O81: primary_kc_alignment: The main question (a) only requires addition of fractions, which is not about ratios at all. Only the secondary question (b) asks about ratios, but the main problem does not truly require understanding or manipulation beyond representing the ratio between two given fractions (simple, and can be seen as one-off, not as the central problem-solving step).secondary_kc_alignment: There is no requirement to subtract fractions anywhere in the problem. Both questions use either addition or forming a ratio, so intended secondary KC is not needed at all.synergy: The two parts are independent. Part (b) (the ratio question) does not use the result of part (a), and no step in (a) is needed for (b). The knowledge components are not used in tandem. | P81: 3.2274415
A82: All | B82: Question 81 | C82: 0 | D82: 1 | E82: 1 | F82: 1 | G82: 1 | H82: 1 | I82: 1 | J82: 1 | K82: 1 | L82: 1 | M82: 1 | N82: 1 | P82: 1.5011392
A83: All | B83: Question 82 | C83: 0 | D83: 1 | E83: 1 | F83: 1 | G83: 1 | H83: 1 | I83: 0 | J83: 1 | K83: 1 | L83: 1 | M83: 1 | N83: 1 | O83: G. The use of negative indices in the actual scoring formula is unrealistic for a sports tournament; real tournaments would not use negative exponents in score calculation. Instead, penalty laps usually add time or deduct points directly, not as a power in a mathematical formula. The rest of the problem is well-aligned and clearly posed. | P83: 2.3561542
A84: All | B84: Question 83 | C84: 0 | D84: 1 | E84: 1 | F84: 1 | G84: 1 | H84: 1 | I84: 1 | J84: 1 | K84: 1 | L84: 1 | M84: 1 | N84: 1 | P84: 2.2197993
A85: All | B85: Question 84 | C85: 0 | D85: 1 | E85: 1 | F85: 1 | G85: 1 | H85: 1 | I85: 1 | J85: 1 | K85: 1 | L85: 1 | M85: 1 | N85: 1 | P85: 1.2929387
A86: All | B86: Question 85 | C86: 0 | D86: 1 | E86: 1 | F86: 1 | G86: 1 | H86: 1 | I86: 1 | J86: 1 | K86: 1 | L86: 1 | M86: 1 | N86: 1 | P86: 1.6811645
A87: All | B87: Question 86 | C87: 0 | D87: 1 | E87: 1 | F87: 1 | G87: 1 | H87: 1 | I87: 1 | J87: 1 | K87: 1 | L87: 1 | M87: 1 | N87: 1 | P87: 1.2832785
A88: All | B88: Question 87 | C88: 0 | D88: 1 | E88: 1 | F88: 1 | G88: 1 | H88: 1 | I88: 1 | J88: 1 | K88: 1 | L88: 1 | M88: 1 | N88: 1 | P88: 1.6796632
A89: All | B89: Question 88 | C89: 0 | D89: 1 | E89: 1 | F89: 1 | G89: 1 | H89: 1 | I89: 1 | J89: 1 | K89: 1 | L89: 1 | M89: 1 | N89: 1 | P89: 2.105406
A90: All | B90: Question 89 | C90: 0 | D90: 1 | E90: 1 | F90: 1 | G90: 1 | H90: 1 | I90: 1 | J90: 1 | K90: 1 | L90: 1 | M90: 1 | N90: 1 | P90: 1.3872135
A91: All | B91: Question 90 | C91: 0 | D91: 1 | E91: 1 | F91: 1 | G91: 1 | H91: 1 | I91: 1 | J91: 1 | K91: 1 | L91: 1 | M91: 1 | N91: 1 | P91: 1.4270566
A92: All | B92: Question 91 | C92: 0 | D92: 1 | E92: 1 | F92: 1 | G92: 1 | H92: 1 | I92: 1 | J92: 1 | K92: 1 | L92: 1 | M92: 1 | N92: 1 | P92: 1.5275197
A93: All | B93: Question 92 | C93: 0 | D93: 1 | E93: 1 | F93: 1 | G93: 1 | H93: 1 | I93: 1 | J93: 1 | K93: 1 | L93: 1 | M93: 1 | N93: 1 | P93: 1.8032222
A94: All | B94: Question 93 | C94: 0 | D94: 1 | E94: 1 | F94: 1 | G94: 1 | H94: 1 | I94: 1 | J94: 1 | K94: 1 | L94: 1 | M94: 1 | N94: 1 | P94: 1.3719914
A95: All | B95: Question 94 | C95: 0 | D95: 1 | E95: 1 | F95: 1 | G95: 1 | H95: 1 | I95: 1 | J95: 1 | K95: 1 | L95: 1 | M95: 1 | N95: 1 | P95: 1.6521091
... A100: All | B100: Question 99 | C100: 0 | D100: 1 | E100: 1 | F100: 1 | G100: 1 | H100: 1 | I100: 1 | J100: 1 | K100: 1 | L100: 1 | M100: 1 | N100: 1 | P100: 1.313659
A101: All | B101: Question 100 | C101: 0 | D101: 0 | E101: 0 | F101: 0 | G101: 1 | H101: 1 | I101: 0 | J101: 0 | K101: 0 | L101: 0 | M101: 1 | N101: 1 | O101: answerability: The wording 'a certain number of students participated only in both' is logically contradictory and unclear; 'only in both' does not make sense. It is unclear how to interpret the participants—do the 56/38 include overlaps? This makes the problem unsolvable as stated. primary_kc_alignment: Due to the ambiguity, the required ratio cannot reliably be formed—it's not possible to find the ratio from the given data. secondary_kc_alignment: Subtraction may not even be possible with such unclear participant distributions. real_world_feasibility: 'Only in both' is a non-standard and unrealistic categorization in this context; it muddles how students participated. synergy: Since the problem cannot be solved reasonably, you cannot use the KC in tandem. clarity: The phrase 'only in both' is self-contradictory and highly confusing. conciseness_and_relevance: The information about 'only in both' is misleading and creates unnecessary complexity, while not being useful for the genuine solution. | P101: 3.8233144

Sheet recreation_v2_common_3
A1: Evaluator | B1: Question | C1: status | D1: answerability | E1: primary_kc_alignment | F1: secondary_kc_alignment | G1: topic_alignment | H1: grade_alignment | I1: real_world_feasibility | J1: synergy | K1: clarity | L1: conciseness_and_relevance | M1: language_quality | N1: content_appropriateness | O1: explanation | P1: response_time
A2: All | B2: Question 1 | C2: 0 | D2: 1 | E2: 1 | F2: 1 | G2: 1 | H2: 1 | I2: 1 | J2: 1 | K2: 1 | L2: 1 | M2: 1 | N2: 1 | P2: 1.3903565
A3: All | B3: Question 2 | C3: 0 | D3: 1 | E3: 1 | F3: 1 | G3: 1 | H3: 1 | I3: 1 | J3: 1 | K3: 1 | L3: 1 | M3: 1 | N3: 1 | P3: 1.6623056
A4: All | B4: Question 3 | C4: 0 | D4: 1 | E4: 1 | F4: 1 | G4: 1 | H4: 1 | I4: 1 | J4: 1 | K4: 1 | L4: 1 | M4: 1 | N4: 1 | P4: 1.9156013
A5: All | B5: Question 4 | C5: 0 | D5: 1 | E5: 1 | F5: 1 | G5: 1 | H5: 1 | I5: 1 | J5: 1 | K5: 1 | L5: 1 | M5: 1 | N5: 1 | P5: 1.9153974
A6: All | B6: Question 5 | C6: 0 | D6: 1 | E6: 1 | F6: 1 | G6: 1 | H6: 1 | I6: 1 | J6: 1 | K6: 1 | L6: 1 | M6: 1 | N6: 1 | P6: 2.6678784
A7: All | B7: Question 6 | C7: 0 | D7: 1 | E7: 1 | F7: 1 | G7: 1 | H7: 1 | I7: 1 | J7: 1 | K7: 1 | L7: 1 | M7: 1 | N7: 1 | P7: 1.25776
A8: All | B8: Question 7 | C8: 0 | D8: 1 | E8: 1 | F8: 1 | G8: 1 | H8: 1 | I8: 1 | J8: 1 | K8: 1 | L8: 1 | M8: 1 | N8: 1 | P8: 1.4543834
A9: All | B9: Question 8 | C9: 0 | D9: 1 | E9: 1 | F9: 1 | G9: 1 | H9: 1 | I9: 1 | J9: 1 | K9: 1 | L9: 1 | M9: 1 | N9: 1 | P9: 2.1317558
A10: All | B10: Question 9 | C10: 0 | D10: 1 | E10: 1 | F10: 1 | G10: 1 | H10: 1 | I10: 1 | J10: 1 | K10: 1 | L10: 1 | M10: 1 | N10: 1 | P10: 1.52564
A11: All | B11: Question 10 | C11: 0 | D11: 1 | E11: 1 | F11: 1 | G11: 1 | H11: 1 | I11: 1 | J11: 1 | K11: 1 | L11: 1 | M11: 1 | N11: 1 | P11: 1.7444935
A12: All | B12: Question 11 | C12: 0 | D12: 1 | E12: 0 | F12: 1 | G12: 1 | H12: 1 | I12: 1 | J12: 1 | K12: 1 | L12: 1 | M12: 1 | N12: 1 | O12: Primary KC Alignment (0): The main operation required first is addition of mixed numbers to find the total distance cycled before and after the break. To answer part (b), subtraction of mixed numbers is used, but it is secondary since the student must first add in (a). The question more centrally assesses addition of mixed numbers (secondary KC) rather than subtraction (primary KC), so it does not fully satisfy the intended hierarchy. | P12: 2.6786718
A13: All | B13: Question 12 | C13: 0 | D13: 1 | E13: 1 | F13: 1 | G13: 1 | H13: 1 | I13: 1 | J13: 1 | K13: 1 | L13: 1 | M13: 1 | N13: 1 | P13: 1.5335813
A14: All | B14: Question 13 | C14: 0 | D14: 1 | E14: 0 | F14: 1 | G14: 1 | H14: 1 | I14: 1 | J14: 1 | K14: 1 | L14: 1 | M14: 1 | N14: 1 | O14: The primary knowledge component is percentage, with the focus on 'expressing a part of a whole as a percentage.' In this problem, students are asked to find the percentage of swimming participants out of the total, which appears to match. However, the application does not fully align with the Singapore syllabus's expectation for Primary 5, which typically requires a deeper or less scaffolded engagement with percentages—such as finding percentage given a part and a whole, solving for unknowns or interpreting practical situations. Here, the first part gives away the total, and the second part is a direct calculation. Furthermore, the knowledge component used for answering (b) is somewhat basic and doesn't require significant understanding of percentages beyond plugging numbers into a formula, which can be addressed as a calculation routine. Therefore, partial alignment, but not full as intended. | P14: 3.4027882
A15: All | B15: Question 14 | C15: 0 | D15: 1 | E15: 1 | F15: 0 | G15: 1 | H15: 1 | I15: 1 | J15: 0 | K15: 1 | L15: 1 | M15: 1 | N15: 1 | O15: Secondary KC: The calculation to find percentage is (70/250)*100, which involves division and multiplication with 100, but 'multiplying whole numbers' as a secondary KC is not specifically required or highlighted in this problem, as P5 students already commonly multiply by 100 as part of percentage concept. Synergy: The multiplication skill (secondary KC) does not add a layer of complexity independently or in tandem—the entire calculation is integral to finding the percentage. If there were a step where students must multiply numbers first before plugging the result into a percentage calculation, synergy would be stronger. | P15: 2.7624059
A16: All | B16: Question 15 | C16: 0 | D16: 1 | E16: 0 | F16: 1 | G16: 1 | H16: 1 | I16: 1 | J16: 1 | K16: 1 | L16: 1 | M16: 1 | N16: 1 | O16: Primary KC Alignment: The intended primary knowledge component is multiplying decimals (up to 3 decimal places) by 10, 100, 1000, and their multiples. The problem instead requires multiplying 3.275 by 20, which is NOT a multiplication by 10, 100, 1000, or multiples thereof, but rather a general multiplication of a decimal by a whole number. This does not precisely match the letter of the intended knowledge component. | P16: 2.4263031
A17: All | B17: Question 16 | C17: 0 | D17: 1 | E17: 1 | F17: 1 | G17: 1 | H17: 1 | I17: 1 | J17: 1 | K17: 1 | L17: 1 | M17: 1 | N17: 1 | P17: 1.3294127
A18: All | B18: Question 17 | C18: 0 | D18: 1 | E18: 1 | F18: 1 | G18: 1 | H18: 1 | I18: 1 | J18: 1 | K18: 1 | L18: 1 | M18: 1 | N18: 1 | P18: 1.5226545
A19: All | B19: Question 18 | C19: 0 | D19: 1 | E19: 1 | F19: 0 | G19: 0 | H19: 1 | I19: 1 | J19: 1 | K19: 1 | L19: 1 | M19: 1 | N19: 1 | O19: Secondary Knowledge Component: In (b), the solution requires finding how many bookmarks Lina gave away by multiplying a fraction by a whole number (fraction of a quantity), and then subtracting that from the total. The explicit act of subtracting fractions (e.g., 6 - 4/5) does not appear; instead, the fractional value is subtracted as a whole number quantity. Therefore, the secondary KC is not directly needed. Topic Alignment: The intended topic is 'Recreation such as sports, games, exercises, music, movie, dancing, painting, fishing and other recreation activities.' Making bookmarks with ribbon, while a craft, does not explicitly match these specified recreational activities. | P19: 5.1856549
A20: All | B20: Question 19 | C20: 0 | D20: 1 | E20: 1 | F20: 1 | G20: 1 | H20: 1 | I20: 1 | J20: 1 | K20: 1 | L20: 1 | M20: 1 | N20: 1 | P20: 1.3287339
A21: All | B21: Question 20 | C21: 0 | D21: 1 | E21: 1 | F21: 1 | G21: 1 | H21: 1 | I21: 1 | J21: 1 | K21: 1 | L21: 1 | M21: 1 | N21: 1 | P21: 1.2949991
A22: All | B22: Question 21 | C22: 0 | D22: 1 | E22: 1 | F22: 1 | G22: 1 | H22: 1 | I22: 1 | J22: 1 | K22: 1 | L22: 1 | M22: 1 | N22: 1 | P22: 1.406503
A23: All | B23: Question 22 | C23: 0 | D23: 1 | E23: 1 | F23: 1 | G23: 1 | H23: 1 | I23: 1 | J23: 1 | K23: 1 | L23: 1 | M23: 1 | N23: 1 | P23: 1.9687953
A24: All | B24: Question 23 | C24: 0 | D24: 1 | E24: 0 | F24: 1 | G24: 1 | H24: 0 | I24: 1 | J24: 0 | K24: 1 | L24: 1 | M24: 1 | N24: 1 | O24: Primary KC alignment: The subtraction in part (a) involves 7.85 - 6.43, which both have up to 2 decimal places and is good, but in part (b), students also need to compare 7.802, which has 3 decimal places, which exceeds the intended primary K.C. of comparing up to 2 decimal places only. Grade alignment: Comparing and ordering decimals to 3 decimal places is not typically required at Primary 4 according to the Singapore syllabus. Synergy: The two parts (a) and (b) are independent; the answer from (a) is not needed to solve (b), so there is no synergy between questions. | P24: 4.6911037
A25: All | B25: Question 24 | C25: 0 | D25: 1 | E25: 1 | F25: 1 | G25: 1 | H25: 1 | I25: 1 | J25: 1 | K25: 1 | L25: 1 | M25: 1 | N25: 1 | P25: 1.2620041
A26: All | B26: Question 25 | C26: 0 | D26: 1 | E26: 1 | F26: 1 | G26: 1 | H26: 1 | I26: 1 | J26: 1 | K26: 1 | L26: 1 | M26: 1 | N26: 1 | P26: 1.3513937
A27: All | B27: Question 26 | C27: 0 | D27: 1 | E27: 1 | F27: 1 | G27: 1 | H27: 1 | I27: 1 | J27: 1 | K27: 1 | L27: 1 | M27: 1 | N27: 1 | P27: 2.3128715
A28: All | B28: Question 27 | C28: 0 | D28: 1 | E28: 1 | F28: 1 | G28: 1 | H28: 1 | I28: 1 | J28: 1 | K28: 1 | L28: 1 | M28: 1 | N28: 1 | P28: 2.0715375
A29: All | B29: Question 28 | C29: 0 | D29: 1 | E29: 1 | F29: 1 | G29: 1 | H29: 1 | I29: 1 | J29: 1 | K29: 1 | L29: 1 | M29: 1 | N29: 1 | P29: 1.4633749
A30: All | B30: Question 29 | C30: 0 | D30: 0 | E30: 0 | F30: 1 | G30: 1 | H30: 1 | I30: 1 | J30: 0 | K30: 1 | L30: 0 | M30: 1 | N30: 1 | O30: answerability: The sum of the times is 5/6 + 1/4, which is more than 1 hour (5/6 + 1/4 = 10/12 + 3/12 = 13/12 > 1), but the problem states Elaine spent a total of 1 hour, creating a conflict and making it unanswerable. primary_kc_alignment: Although subtraction of unlike fractions is intended for (b), the problem's focus is clouded because the sum (a) involves addition, and (b) requires subtraction, but the conflicting information about the total time makes it invalid. synergy: Parts (a) and (b) are not connected as the result of (a) is not used in (b), and no meaningful tandem use of both KCs is required. conciseness_and_relevance: The statement 'She spent a total of 1 hour doing these activities' is false based on the numbers given and introduces confusion, making the information not relevant or consistent. | P30: 4.3817699
A31: All | B31: Question 30 | C31: 0 | D31: 1 | E31: 1 | F31: 1 | G31: 1 | H31: 1 | I31: 1 | J31: 1 | K31: 1 | L31: 1 | M31: 1 | N31: 1 | P31: 1.719101
A32: All | B32: Question 31 | C32: 0 | D32: 1 | E32: 1 | F32: 1 | G32: 1 | H32: 1 | I32: 1 | J32: 1 | K32: 1 | L32: 1 | M32: 1 | N32: 1 | P32: 1.5144196
A33: All | B33: Question 32 | C33: 0 | D33: 1 | E33: 1 | F33: 1 | G33: 1 | H33: 1 | I33: 1 | J33: 1 | K33: 1 | L33: 1 | M33: 1 | N33: 1 | P33: 1.5091593
A34: All | B34: Question 33 | C34: 0 | D34: 1 | E34: 1 | F34: 1 | G34: 1 | H34: 1 | I34: 1 | J34: 1 | K34: 1 | L34: 1 | M34: 1 | N34: 1 | P34: 2.0616333
A35: All | B35: Question 34 | C35: 0 | D35: 1 | E35: 1 | F35: 1 | G35: 1 | H35: 1 | I35: 1 | J35: 1 | K35: 1 | L35: 1 | M35: 1 | N35: 1 | P35: 2.1403296
A36: All | B36: Question 35 | C36: 0 | D36: 1 | E36: 1 | F36: 1 | G36: 1 | H36: 1 | I36: 1 | J36: 1 | K36: 1 | L36: 1 | M36: 1 | N36: 1 | P36: 1.2684345
A37: All | B37: Question 36 | C37: 0 | D37: 1 | E37: 1 | F37: 1 | G37: 1 | H37: 1 | I37: 1 | J37: 1 | K37: 1 | L37: 1 | M37: 1 | N37: 1 | P37: 1.3569059
A38: All | B38: Question 37 | C38: 0 | D38: 1 | E38: 1 | F38: 1 | G38: 1 | H38: 1 | I38: 1 | J38: 1 | K38: 1 | L38: 1 | M38: 1 | N38: 1 | P38: 1.337923
A39: All | B39: Question 38 | C39: 0 | D39: 1 | E39: 1 | F39: 1 | G39: 1 | H39: 1 | I39: 1 | J39: 1 | K39: 1 | L39: 1 | M39: 1 | N39: 1 | P39: 1.5715656
A40: All | B40: Question 39 | C40: 0 | D40: 1 | E40: 1 | F40: 1 | G40: 1 | H40: 1 | I40: 1 | J40: 1 | K40: 1 | L40: 1 | M40: 1 | N40: 1 | P40: 1.5883608
A41: All | B41: Question 40 | C41: 0 | D41: 1 | E41: 1 | F41: 1 | G41: 1 | H41: 1 | I41: 1 | J41: 1 | K41: 1 | L41: 1 | M41: 1 | N41: 1 | P41: 1.777329
A42: All | B42: Question 41 | C42: 0 | D42: 1 | E42: 1 | F42: 1 | G42: 1 | H42: 1 | I42: 1 | J42: 1 | K42: 1 | L42: 1 | M42: 1 | N42: 1 | P42: 2.2744853
... A46: All | B46: Question 45 | C46: 0 | D46: 1 | E46: 1 | F46: 1 | G46: 1 | H46: 1 | I46: 1 | J46: 1 | K46: 1 | L46: 1 | M46: 1 | N46: 1 | P46: 1.3169763
A47: All | B47: Question 46 | C47: 0 | D47: 1 | E47: 0 | F47: 1 | G47: 1 | H47: 0 | I47: 1 | J47: 1 | K47: 1 | L47: 1 | M47: 1 | N47: 1 | O47: Primary KC Alignment: The intended primary knowledge component is multiplying decimals (up to 3 decimal places) by 10, 100, 1000, and their multiples. The question requires multiplying 0.125 (a decimal to 3 places) by 100, but 100 is not a multiple of 10, 100, or 1000 in the sense referred to by the Singapore math curriculum (which typically refers to problems like 0.125 × 10, 0.125 × 100, 0.125 × 1000). The multiplication required is 0.125 × 100, which fits if 100 is considered an allowed case, but the phrasing of the knowledge component usually focuses on multiplying whole numbers or by factors of 10, 100, or 1000, not multiplication by arbitrary 2- or 3-digit numbers (like 37, 999, etc.). If strictness is applied and only multiplying decimals by 10, 100, or 1000 (not arbitrary multiples) is covered, this problem does not align.Grade Alignment: Singapore Primary 5 curriculum on decimals typically includes multiplying decimals by 10, 100, or 1000—not by arbitrary numbers or multiples (such as 100 laps). If the curriculum intended only for direct multiplication by factors of 10/100/1000 (not all multiples), then the word problem is slightly beyond Primary 5 expectations as written. | P47: 4.4979167
A48: All | B48: Question 47 | C48: 0 | D48: 1 | E48: 1 | F48: 1 | G48: 1 | H48: 1 | I48: 1 | J48: 1 | K48: 1 | L48: 1 | M48: 1 | N48: 1 | P48: 1.6207621
A49: All | B49: Question 48 | C49: 0 | D49: 1 | E49: 1 | F49: 1 | G49: 1 | H49: 1 | I49: 1 | J49: 1 | K49: 1 | L49: 1 | M49: 1 | N49: 1 | P49: 1.9473004
A50: All | B50: Question 49 | C50: 0 | D50: 1 | E50: 1 | F50: 1 | G50: 1 | H50: 1 | I50: 1 | J50: 1 | K50: 1 | L50: 1 | M50: 1 | N50: 1 | P50: 1.5283349
A51: All | B51: Question 50 | C51: 0 | D51: 1 | E51: 1 | F51: 1 | G51: 1 | H51: 1 | I51: 1 | J51: 1 | K51: 1 | L51: 1 | M51: 1 | N51: 1 | P51: 1.5619721
A52: All | B52: Question 51 | C52: 0 | D52: 1 | E52: 1 | F52: 1 | G52: 1 | H52: 1 | I52: 1 | J52: 1 | K52: 1 | L52: 1 | M52: 1 | N52: 1 | P52: 2.0011442
A53: All | B53: Question 52 | C53: 0 | D53: 1 | E53: 1 | F53: 1 | G53: 1 | H53: 1 | I53: 1 | J53: 1 | K53: 1 | L53: 1 | M53: 1 | N53: 1 | P53: 1.5205495
A54: All | B54: Question 53 | C54: 0 | D54: 1 | E54: 1 | F54: 1 | G54: 1 | H54: 1 | I54: 1 | J54: 1 | K54: 1 | L54: 1 | M54: 1 | N54: 1 | P54: 1.5588553
A55: All | B55: Question 54 | C55: 0 | D55: 0 | E55: 1 | F55: 1 | G55: 1 | H55: 1 | I55: 0 | J55: 1 | K55: 1 | L55: 0 | M55: 1 | N55: 1 | O55: answerability: (a) The problem does not provide enough realistic information to establish how $2^n$ relates to the described daily rounds—there's a disconnect between the description of '2 full rounds each day' and the expression $2^n$ for the week, with no explanation mapping one concept to the other. real_world_feasibility: The relationship between listening practice (2 rounds a day for each friend) and 'number of times played per week is $2^n$' is artificial and not how playlists or rounds are actually counted in a real-world scenario.conciseness_and_relevance: The description of 'each friend wants to listen to the playlist through 2 full rounds each day' is made irrelevant by the fact that the question only asks about each song being played $2^n$ times for the week, but doesn't connect the daily rounds or number of friends to the calculation. That information is unused/unnecessary for solving the problem. | P55: 4.5513384
A56: All | B56: Question 55 | C56: 0 | D56: 1 | E56: 1 | F56: 1 | G56: 1 | H56: 1 | I56: 0 | J56: 1 | K56: 1 | L56: 1 | M56: 1 | N56: 1 | O56: 7. Real-world feasibility: In standard bowling, points are not scored in decimal values such as 8.75 or 9.60, and total scores like 17.00 or 21.50 are not possible. Bowling scores are always whole numbers, so the context is unrealistic. | P56: 2.540652
A57: All | B57: Question 56 | C57: 0 | D57: 1 | E57: 1 | F57: 1 | G57: 1 | H57: 1 | I57: 1 | J57: 1 | K57: 1 | L57: 1 | M57: 1 | N57: 1 | P57: 1.5290647
A58: All | B58: Question 57 | C58: 0 | D58: 1 | E58: 1 | F58: 1 | G58: 1 | H58: 1 | I58: 1 | J58: 1 | K58: 1 | L58: 1 | M58: 1 | N58: 1 | P58: 1.5350223
A59: All | B59: Question 58 | C59: 0 | D59: 1 | E59: 1 | F59: 1 | G59: 1 | H59: 1 | I59: 1 | J59: 1 | K59: 1 | L59: 1 | M59: 1 | N59: 1 | P59: 1.3438499
A60: All | B60: Question 59 | C60: 0 | D60: 1 | E60: 0 | F60: 1 | G60: 1 | H60: 1 | I60: 1 | J60: 0 | K60: 1 | L60: 1 | M60: 1 | N60: 1 | O60: Primary KC Alignment: The primary named KC is 'subtracting two related fractions within one whole,' but the actual process required here is multiplying the fraction collected by another fraction (Alicia gives away 1/4 of what she has), not subtracting two related fractions within one whole—the question is about fractional part remaining after removing a fraction OF a fraction, which is multiplication and then subtraction from the original, not subtraction between fractions directly as stated by the KC. Synergy: The subtraction and simplification are not directly working in tandem per the intended KC structure—solving the problem primarily involves multiplication and then possibly subtraction from the whole, but not the interplay the prompt intends between related fractions within one whole. | P60: 3.4644344
A61: All | B61: Question 60 | C61: 0 | D61: 1 | E61: 1 | F61: 1 | G61: 1 | H61: 1 | I61: 1 | J61: 1 | K61: 1 | L61: 1 | M61: 1 | N61: 1 | P61: 1.4005263
A62: All | B62: Question 61 | C62: 0 | D62: 1 | E62: 1 | F62: 1 | G62: 1 | H62: 1 | I62: 1 | J62: 1 | K62: 1 | L62: 1 | M62: 1 | N62: 1 | P62: 1.9695272
A63: All | B63: Question 62 | C63: 0 | D63: 1 | E63: 1 | F63: 1 | G63: 1 | H63: 1 | I63: 1 | J63: 1 | K63: 1 | L63: 1 | M63: 1 | N63: 1 | P63: 1.6974351
A64: All | B64: Question 63 | C64: 0 | D64: 1 | E64: 1 | F64: 1 | G64: 1 | H64: 1 | I64: 1 | J64: 1 | K64: 1 | L64: 1 | M64: 1 | N64: 1 | P64: 2.0525622
A65: All | B65: Question 64 | C65: 0 | D65: 1 | E65: 1 | F65: 1 | G65: 1 | H65: 1 | I65: 1 | J65: 1 | K65: 1 | L65: 1 | M65: 1 | N65: 1 | P65: 3.9496045
A66: All | B66: Question 65 | C66: 0 | D66: 1 | E66: 1 | F66: 1 | G66: 1 | H66: 1 | I66: 1 | J66: 1 | K66: 1 | L66: 1 | M66: 1 | N66: 1 | P66: 1.4528668
A67: All | B67: Question 66 | C67: 0 | D67: 1 | E67: 1 | F67: 0 | G67: 1 | H67: 1 | I67: 1 | J67: 0 | K67: 1 | L67: 1 | M67: 1 | N67: 1 | O67: Secondary Knowledge Component (Decimals | Conversion to smaller units) is not required here because all given units are already in litres and no conversion between units is necessary. Synergy is not present because only the Primary Knowledge Component (finding number of units given rate and total amount) is used to solve the problem; the Secondary Knowledge Component is not needed. | P67: 2.5759294
A68: All | B68: Question 67 | C68: 0 | D68: 1 | E68: 1 | F68: 1 | G68: 1 | H68: 1 | I68: 1 | J68: 1 | K68: 1 | L68: 1 | M68: 1 | N68: 1 | P68: 1.675319
A69: All | B69: Question 68 | C69: 0 | D69: 1 | E69: 1 | F69: 1 | G69: 1 | H69: 1 | I69: 1 | J69: 1 | K69: 1 | L69: 1 | M69: 1 | N69: 1 | P69: 1.9970763
A70: All | B70: Question 69 | C70: 0 | D70: 1 | E70: 1 | F70: 1 | G70: 1 | H70: 1 | I70: 1 | J70: 1 | K70: 1 | L70: 1 | M70: 1 | N70: 1 | P70: 1.9961765
A71: All | B71: Question 70 | C71: 0 | D71: 1 | E71: 1 | F71: 1 | G71: 1 | H71: 1 | I71: 1 | J71: 1 | K71: 1 | L71: 1 | M71: 1 | N71: 1 | P71: 1.7240076
A72: All | B72: Question 71 | C72: 0 | D72: 1 | E72: 1 | F72: 1 | G72: 1 | H72: 1 | I72: 1 | J72: 1 | K72: 1 | L72: 1 | M72: 1 | N72: 1 | P72: 1.8441145
A73: All | B73: Question 72 | C73: 0 | D73: 1 | E73: 1 | F73: 1 | G73: 1 | H73: 1 | I73: 1 | J73: 1 | K73: 1 | L73: 1 | M73: 1 | N73: 1 | P73: 2.1573222
A74: All | B74: Question 73 | C74: 0 | D74: 1 | E74: 1 | F74: 1 | G74: 1 | H74: 1 | I74: 1 | J74: 1 | K74: 1 | L74: 1 | M74: 1 | N74: 1 | P74: 1.4565661
A75: All | B75: Question 74 | C75: 0 | D75: 1 | E75: 1 | F75: 1 | G75: 1 | H75: 1 | I75: 1 | J75: 1 | K75: 1 | L75: 1 | M75: 1 | N75: 1 | P75: 1.8044977
A76: All | B76: Question 75 | C76: 0 | D76: 1 | E76: 1 | F76: 1 | G76: 1 | H76: 1 | I76: 1 | J76: 1 | K76: 1 | L76: 1 | M76: 1 | N76: 1 | P76: 3.2720597
A77: All | B77: Question 76 | C77: 0 | D77: 1 | E77: 1 | F77: 1 | G77: 1 | H77: 1 | I77: 1 | J77: 1 | K77: 1 | L77: 1 | M77: 1 | N77: 1 | P77: 2.0547202
A78: All | B78: Question 77 | C78: 0 | D78: 1 | E78: 1 | F78: 1 | G78: 1 | H78: 1 | I78: 1 | J78: 1 | K78: 1 | L78: 1 | M78: 1 | N78: 1 | P78: 1.328835
A79: All | B79: Question 78 | C79: 0 | D79: 1 | E79: 1 | F79: 1 | G79: 1 | H79: 1 | I79: 1 | J79: 1 | K79: 1 | L79: 1 | M79: 1 | N79: 1 | P79: 1.4509611
A80: All | B80: Question 79 | C80: 0 | D80: 1 | E80: 1 | F80: 1 | G80: 1 | H80: 1 | I80: 1 | J80: 1 | K80: 1 | L80: 1 | M80: 1 | N80: 1 | P80: 2.0657289
A81: All | B81: Question 80 | C81: 0 | D81: 1 | E81: 0 | F81: 1 | G81: 1 | H81: 1 | I81: 1 | J81: 1 | K81: 1 | L81: 1 | M81: 1 | N81: 1 | O81: Primary KC Alignment: The primary knowledge component is 'ratios involving fractions', but the order of the questions means the student must first add fractions (not part of the given secondary KC) and then find a ratio (part (b)). While a ratio of fractions is present, the problem emphasizes basic ratio calculation more, not deep representation/concept of ratios with fractions as the central challenge. Furthermore, the addition of fractions (in (a)) does not lead directly into the ratio in (b) — the two parts can be treated independently. | P81: 3.7659252
A82: All | B82: Question 81 | C82: 0 | D82: 1 | E82: 1 | F82: 1 | G82: 1 | H82: 1 | I82: 1 | J82: 1 | K82: 1 | L82: 1 | M82: 1 | N82: 1 | P82: 1.3456585
A83: All | B83: Question 82 | C83: 0 | D83: 1 | E83: 1 | F83: 1 | G83: 1 | H83: 1 | I83: 0 | J83: 1 | K83: 1 | L83: 1 | M83: 1 | N83: 1 | O83: g: The use of a score calculated as $S = 3^a [FORMULA] 3^{-b}$ in a real swimming tournament is highly unrealistic. Typically, sports scoring systems do not involve exponentiation of lap counts, nor especially negative exponents and such mathematical formulas for participant scores; thus, it lacks real-world plausibility. | P83: 2.1354921
A84: All | B84: Question 83 | C84: 0 | D84: 1 | E84: 1 | F84: 1 | G84: 1 | H84: 1 | I84: 1 | J84: 1 | K84: 1 | L84: 1 | M84: 1 | N84: 1 | P84: 1.4585748
A85: All | B85: Question 84 | C85: 0 | D85: 1 | E85: 1 | F85: 1 | G85: 1 | H85: 1 | I85: 1 | J85: 1 | K85: 1 | L85: 1 | M85: 1 | N85: 1 | P85: 1.7205336
A86: All | B86: Question 85 | C86: 0 | D86: 1 | E86: 1 | F86: 1 | G86: 1 | H86: 1 | I86: 1 | J86: 1 | K86: 1 | L86: 1 | M86: 1 | N86: 1 | P86: 1.6479175
A87: All | B87: Question 86 | C87: 0 | D87: 1 | E87: 1 | F87: 1 | G87: 1 | H87: 1 | I87: 1 | J87: 1 | K87: 1 | L87: 1 | M87: 1 | N87: 1 | P87: 1.5245895
A88: All | B88: Question 87 | C88: 0 | D88: 1 | E88: 1 | F88: 1 | G88: 1 | H88: 1 | I88: 1 | J88: 1 | K88: 1 | L88: 1 | M88: 1 | N88: 1 | P88: 1.4423215
A89: All | B89: Question 88 | C89: 0 | D89: 1 | E89: 1 | F89: 1 | G89: 1 | H89: 1 | I89: 1 | J89: 1 | K89: 1 | L89: 1 | M89: 1 | N89: 1 | P89: 1.5270042
A90: All | B90: Question 89 | C90: 0 | D90: 1 | E90: 1 | F90: 1 | G90: 1 | H90: 1 | I90: 1 | J90: 1 | K90: 1 | L90: 1 | M90: 1 | N90: 1 | P90: 2.6822503
A91: All | B91: Question 90 | C91: 0 | D91: 1 | E91: 1 | F91: 1 | G91: 1 | H91: 1 | I91: 1 | J91: 1 | K91: 1 | L91: 1 | M91: 1 | N91: 1 | P91: 1.5572174
A92: All | B92: Question 91 | C92: 0 | D92: 1 | E92: 1 | F92: 1 | G92: 1 | H92: 1 | I92: 1 | J92: 1 | K92: 1 | L92: 1 | M92: 1 | N92: 1 | P92: 1.4157891
A93: All | B93: Question 92 | C93: 0 | D93: 1 | E93: 1 | F93: 1 | G93: 1 | H93: 1 | I93: 1 | J93: 1 | K93: 1 | L93: 1 | M93: 1 | N93: 1 | P93: 2.4531076
A94: All | B94: Question 93 | C94: 0 | D94: 1 | E94: 1 | F94: 1 | G94: 1 | H94: 1 | I94: 1 | J94: 1 | K94: 1 | L94: 1 | M94: 1 | N94: 1 | P94: 1.6284814
A95: All | B95: Question 94 | C95: 0 | D95: 1 | E95: 1 | F95: 1 | G95: 1 | H95: 1 | I95: 1 | J95: 1 | K95: 1 | L95: 1 | M95: 1 | N95: 1 | P95: 2.2708597
... A98: All | B98: Question 97 | C98: 0 | D98: 1 | E98: 1 | F98: 1 | G98: 1 | H98: 1 | I98: 1 | J98: 1 | K98: 1 | L98: 1 | M98: 1 | N98: 1 | P98: 1.838249
A99: All | B99: Question 98 | C99: 0 | D99: 1 | E99: 0 | F99: 1 | G99: 1 | H99: 1 | I99: 1 | J99: 1 | K99: 1 | L99: 1 | M99: 1 | N99: 1 | O99: Primary KC alignment = 0: The intended primary knowledge component is 'product of a scalar quantity and a matrix.' However, the main operation central to part (a) is matrix multiplication (matrix by matrix, not scalar by matrix). The scalar multiplication comes only in part (b) as a secondary step, after the critical step of matrix multiplication. Thus, the primary KC engaged here is matrix-by-matrix multiplication. | P99: 2.7897167
A100: All | B100: Question 99 | C100: 0 | D100: 1 | E100: 1 | F100: 1 | G100: 1 | H100: 1 | I100: 1 | J100: 1 | K100: 1 | L100: 1 | M100: 1 | N100: 1 | P100: 1.4129169
A101: All | B101: Question 100 | C101: 0 | D101: 0 | E101: 0 | F101: 0 | G101: 1 | H101: 1 | I101: 0 | J101: 0 | K101: 0 | L101: 0 | M101: 0 | N101: 1 | O101: answerability: The problem gives conflicting and potentially ambiguous information. It says 56 participated in singing, 38 in dancing, then refers to 'a certain number who participated only in both', which is nonsensical because a person cannot participate only in both; 'only in' both is self-contradictory. Moreover, the statement 'there are 20 more students who sang than those who danced' conflicts with the given counts.primary_kc_alignment: The main question asks for a ratio, but since the numbers are contradictory or ill-defined, students can’t reach a valid ratio.secondary_kc_alignment: Subtraction isn’t properly or necessarily required since the information is inconsistent and the operation is ill-defined due to ambiguous grouping.real_world_feasibility: The scenario described isn’t possible—no one can participate 'only in both'. The counts conflict, so the situation couldn't happen in reality.synergy: There’s no true synergy between the subtraction and ratio because the necessary information isn’t logically connected or clear.clarity: The phrasing is ambiguous and illogical, especially 'participated only in both'.conciseness_and_relevance: The question introduces an unnecessary and confusing phrase ('only in both') that detracts from the main point and confuses the scenario.language_quality: Use of the phrase 'participated only in both' is grammatically and logically incorrect. | P101: 4.7201715

Sheet recreation_v2_common_4
A1: Evaluator | B1: Question | C1: status | D1: answerability | E1: primary_kc_alignment | F1: secondary_kc_alignment | G1: topic_alignment | H1: grade_alignment | I1: real_world_feasibility | J1: synergy | K1: clarity | L1: conciseness_and_relevance | M1: language_quality | N1: content_appropriateness | O1: explanation | P1: response_time
A2: All | B2: Question 1 | C2: 0 | D2: 1 | E2: 1 | F2: 1 | G2: 1 | H2: 1 | I2: 1 | J2: 1 | K2: 1 | L2: 1 | M2: 1 | N2: 1 | P2: 2.6142495
A3: All | B3: Question 2 | C3: 0 | D3: 1 | E3: 1 | F3: 1 | G3: 1 | H3: 1 | I3: 1 | J3: 1 | K3: 1 | L3: 1 | M3: 1 | N3: 1 | P3: 2.0073767
A4: All | B4: Question 3 | C4: 0 | D4: 1 | E4: 1 | F4: 1 | G4: 1 | H4: 1 | I4: 1 | J4: 1 | K4: 1 | L4: 1 | M4: 1 | N4: 1 | P4: 1.8472683
A5: All | B5: Question 4 | C5: 0 | D5: 1 | E5: 1 | F5: 1 | G5: 1 | H5: 1 | I5: 1 | J5: 1 | K5: 1 | L5: 1 | M5: 1 | N5: 1 | P5: 1.4543777
A6: All | B6: Question 5 | C6: 0 | D6: 1 | E6: 1 | F6: 1 | G6: 1 | H6: 1 | I6: 1 | J6: 1 | K6: 1 | L6: 1 | M6: 1 | N6: 1 | P6: 2.3461075
A7: All | B7: Question 6 | C7: 0 | D7: 1 | E7: 1 | F7: 1 | G7: 1 | H7: 1 | I7: 1 | J7: 1 | K7: 1 | L7: 1 | M7: 1 | N7: 1 | P7: 1.6648738
A8: All | B8: Question 7 | C8: 0 | D8: 1 | E8: 1 | F8: 1 | G8: 1 | H8: 1 | I8: 1 | J8: 1 | K8: 1 | L8: 1 | M8: 1 | N8: 1 | P8: 1.6408262
A9: All | B9: Question 8 | C9: 0 | D9: 1 | E9: 1 | F9: 1 | G9: 1 | H9: 1 | I9: 1 | J9: 1 | K9: 1 | L9: 1 | M9: 1 | N9: 1 | P9: 1.4178624
A10: All | B10: Question 9 | C10: 0 | D10: 1 | E10: 1 | F10: 1 | G10: 1 | H10: 1 | I10: 1 | J10: 1 | K10: 1 | L10: 1 | M10: 1 | N10: 1 | P10: 2.1736014
A11: All | B11: Question 10 | C11: 0 | D11: 1 | E11: 1 | F11: 1 | G11: 1 | H11: 1 | I11: 1 | J11: 1 | K11: 1 | L11: 1 | M11: 1 | N11: 1 | P11: 2.1429029
A12: All | B12: Question 11 | C12: 0 | D12: 1 | E12: 0 | F12: 1 | G12: 1 | H12: 1 | I12: 1 | J12: 1 | K12: 1 | L12: 1 | M12: 1 | N12: 1 | O12: Primary KC alignment is rated 0 because the main calculation in (a) is adding mixed numbers (adding fractions), and in (b) the student needs to subtract a mixed number from another mixed number (8 1/2 - the total found in (a)). While subtraction of mixed numbers is used in (b), the main and first operation in the problem is addition of mixed numbers, which would be considered the primary KC, not subtraction. | P12: 2.9791348
A13: All | B13: Question 12 | C13: 0 | D13: 1 | E13: 1 | F13: 1 | G13: 1 | H13: 1 | I13: 1 | J13: 1 | K13: 1 | L13: 1 | M13: 1 | N13: 1 | P13: 1.762229
A14: All | B14: Question 13 | C14: 0 | D14: 1 | E14: 1 | F14: 1 | G14: 1 | H14: 1 | I14: 1 | J14: 1 | K14: 1 | L14: 1 | M14: 1 | N14: 1 | P14: 1.5345891
A15: All | B15: Question 14 | C15: 0 | D15: 1 | E15: 1 | F15: 0 | G15: 1 | H15: 1 | I15: 1 | J15: 0 | K15: 1 | L15: 1 | M15: 1 | N15: 1 | O15: Secondary Knowledge Component (Multiplying whole numbers) is not explicitly needed because finding the percentage involves dividing 70 by 250 and multiplying by 100, but the multiplication involved (by 100) is not the focus and does not add meaningful complexity as secondary KC here.[FORMULA]: The secondary KC does not work in tandem with the primary; only expressing as percentage is needed, and multiplication step is routine within percentage calculation, not as a genuine separate skill required. | P15: 2.7643158
A16: All | B16: Question 15 | C16: 0 | D16: 1 | E16: 0 | F16: 1 | G16: 1 | H16: 1 | I16: 1 | J16: 0 | K16: 1 | L16: 1 | M16: 1 | N16: 1 | O16: Primary KC: The problem requires multiplying a decimal (3.275) by a whole number (20), which is standard multiplication, but the Primary KC specifies 'multiplying decimals (up to 3 decimal places) by 10, 100, 1000 and their multiples.' Here, 20 is not a power of ten or its straightforward multiple used in such contexts.[FORMULA]: The primary and secondary KCs do not work strictly in tandem; while rounding (secondary) is only used after a regular decimal x whole number multiplication (not the intended Primary KC), so both are not needed together to generate the answer for any single part. | P16: 2.9045937
A17: All | B17: Question 16 | C17: 0 | D17: 1 | E17: 1 | F17: 1 | G17: 1 | H17: 1 | I17: 1 | J17: 1 | K17: 1 | L17: 1 | M17: 1 | N17: 1 | P17: 1.5538397
A18: All | B18: Question 17 | C18: 0 | D18: 1 | E18: 1 | F18: 1 | G18: 1 | H18: 1 | I18: 1 | J18: 1 | K18: 1 | L18: 1 | M18: 1 | N18: 1 | P18: 1.8102825
A19: All | B19: Question 18 | C19: 0 | D19: 1 | E19: 1 | F19: 0 | G19: 0 | H19: 1 | I19: 1 | J19: 1 | K19: 1 | L19: 1 | M19: 1 | N19: 1 | O19: Secondary KC alignment: The intended secondary knowledge component is 'subtracting fractions', but part (b) requires subtracting a whole number from a whole number, not fractions.Topic alignment: Making bookmarks is not directly aligned with 'recreation' as defined by activities like sports, games, music, dancing, painting, fishing, and other similar activities. | P19: 3.3812983
A20: All | B20: Question 19 | C20: 0 | D20: 1 | E20: 1 | F20: 1 | G20: 1 | H20: 1 | I20: 1 | J20: 1 | K20: 1 | L20: 1 | M20: 1 | N20: 1 | P20: 2.1634693
A21: All | B21: Question 20 | C21: 0 | D21: 1 | E21: 1 | F21: 1 | G21: 1 | H21: 1 | I21: 1 | J21: 1 | K21: 1 | L21: 1 | M21: 1 | N21: 1 | P21: 1.9569945
A22: All | B22: Question 21 | C22: 0 | D22: 1 | E22: 1 | F22: 1 | G22: 1 | H22: 1 | I22: 1 | J22: 1 | K22: 1 | L22: 1 | M22: 1 | N22: 1 | P22: 1.9358702
A23: All | B23: Question 22 | C23: 0 | D23: 1 | E23: 1 | F23: 1 | G23: 1 | H23: 1 | I23: 1 | J23: 1 | K23: 1 | L23: 1 | M23: 1 | N23: 1 | P23: 2.7851334
A24: All | B24: Question 23 | C24: 0 | D24: 1 | E24: 0 | F24: 1 | G24: 1 | H24: 0 | I24: 1 | J24: 1 | K24: 1 | L24: 1 | M24: 1 | N24: 1 | O24: primary_kc_alignment: The subtraction between $7.85$ (2 d.p.) and $6.43$ (2 d.p.) matches the primary KC, but the inclusion of $7.802$ (3 d.p.) in the data causes the problem to contain numbers outside of the intended difficulty, as Primary 4 focuses on up to 2 decimal places only. grade_alignment: The third round score ($7.802$) requires handling decimals to 3 decimal places, which is beyond the intended Primary 4 level for both subtraction and comparison. | P24: 3.425174
A25: All | B25: Question 24 | C25: 0 | D25: 1 | E25: 1 | F25: 1 | G25: 1 | H25: 1 | I25: 1 | J25: 1 | K25: 1 | L25: 1 | M25: 1 | N25: 1 | P25: 1.620048
A26: All | B26: Question 25 | C26: 0 | D26: 1 | E26: 1 | F26: 1 | G26: 1 | H26: 1 | I26: 1 | J26: 1 | K26: 1 | L26: 1 | M26: 1 | N26: 1 | P26: 1.4135756
A27: All | B27: Question 26 | C27: 0 | D27: 1 | E27: 1 | F27: 1 | G27: 1 | H27: 1 | I27: 1 | J27: 1 | K27: 1 | L27: 1 | M27: 1 | N27: 1 | P27: 1.8719897
A28: All | B28: Question 27 | C28: 0 | D28: 1 | E28: 1 | F28: 1 | G28: 1 | H28: 1 | I28: 0 | J28: 1 | K28: 1 | L28: 1 | M28: 1 | N28: 1 | O28: G: It is highly unrealistic for a game of badminton to last [FORMULA] (2[FORMULA]) hours and for a group to complete exactly [FORMULA] (2[FORMULA]) games. In typical real-world recreation, games have standard durations (commonly under 1 hour). People do not count games in halves quite this way, nor does a single game last so long. This makes the scenario implausible as described. | P28: 2.9788249
A29: All | B29: Question 28 | C29: 0 | D29: 1 | E29: 1 | F29: 1 | G29: 1 | H29: 1 | I29: 1 | J29: 1 | K29: 1 | L29: 1 | M29: 1 | N29: 1 | P29: 1.8336248
A30: All | B30: Question 29 | C30: 0 | D30: 0 | E30: 0 | F30: 1 | G30: 1 | H30: 1 | I30: 0 | J30: 0 | K30: 1 | L30: 1 | M30: 1 | N30: 1 | O30: answerability: (a) asks for the sum of the times, but the next sentence already contradicts this by declaring the total as '1 hour,' which is not the sum of 5/6 + 1/4 (which equals 13/12). The facts in the problem are inconsistent. primary_kc_alignment: The subtraction of 5/6 - 1/4 is never explicitly required for the answer to (a), and for (b), the main KC is subtraction, but because the premise is inconsistent, its application is meaningless. synergy: Since the explicit total given (1 hour) contradicts the operation needed for (a), the questions do not build coherently on one another; (a) cannot logically feed into (b) due to contradiction. real_world_feasibility: The premise includes spending 5/6 hour on one activity and 1/4 hour on another in one afternoon, but claims the sum is 1 hour, which is not true or realistic; it makes the scenario impossible. | P30: 5.5380611
A31: All | B31: Question 30 | C31: 0 | D31: 1 | E31: 1 | F31: 1 | G31: 1 | H31: 1 | I31: 1 | J31: 1 | K31: 1 | L31: 1 | M31: 1 | N31: 1 | P31: 1.3675561
A32: All | B32: Question 31 | C32: 0 | D32: 1 | E32: 1 | F32: 1 | G32: 1 | H32: 1 | I32: 1 | J32: 1 | K32: 1 | L32: 1 | M32: 1 | N32: 1 | P32: 1.3986461
A33: All | B33: Question 32 | C33: 0 | D33: 1 | E33: 1 | F33: 1 | G33: 1 | H33: 1 | I33: 1 | J33: 1 | K33: 1 | L33: 1 | M33: 1 | N33: 1 | P33: 1.4445076
A34: All | B34: Question 33 | C34: 0 | D34: 1 | E34: 1 | F34: 1 | G34: 1 | H34: 1 | I34: 1 | J34: 1 | K34: 1 | L34: 1 | M34: 1 | N34: 1 | P34: 1.9434144
A35: All | B35: Question 34 | C35: 0 | D35: 1 | E35: 1 | F35: 1 | G35: 1 | H35: 1 | I35: 1 | J35: 1 | K35: 1 | L35: 1 | M35: 1 | N35: 1 | P35: 1.4375687
A36: All | B36: Question 35 | C36: 0 | D36: 1 | E36: 1 | F36: 1 | G36: 1 | H36: 1 | I36: 1 | J36: 1 | K36: 1 | L36: 1 | M36: 1 | N36: 1 | P36: 1.5380859
A37: All | B37: Question 36 | C37: 0 | D37: 1 | E37: 1 | F37: 1 | G37: 1 | H37: 1 | I37: 1 | J37: 1 | K37: 1 | L37: 1 | M37: 1 | N37: 1 | P37: 1.651494
A38: All | B38: Question 37 | C38: 0 | D38: 1 | E38: 1 | F38: 1 | G38: 1 | H38: 1 | I38: 1 | J38: 1 | K38: 1 | L38: 1 | M38: 1 | N38: 1 | P38: 1.8525784
A39: All | B39: Question 38 | C39: 0 | D39: 1 | E39: 1 | F39: 1 | G39: 1 | H39: 1 | I39: 1 | J39: 0 | K39: 1 | L39: 1 | M39: 1 | N39: 1 | O39: The two parts (a) and (b) are not directly interconnected: part (b) does not require the answer from part (a) but is solved independently using the information about the last day only. For full synergy, ideally, information or results from (a) would be needed in (b). | P39: 2.7792919
A40: All | B40: Question 39 | C40: 0 | D40: 1 | E40: 1 | F40: 1 | G40: 1 | H40: 1 | I40: 1 | J40: 1 | K40: 1 | L40: 1 | M40: 1 | N40: 1 | P40: 1.4226875
A41: All | B41: Question 40 | C41: 0 | D41: 1 | E41: 1 | F41: 1 | G41: 1 | H41: 1 | I41: 1 | J41: 1 | K41: 1 | L41: 1 | M41: 1 | N41: 1 | P41: 1.6331069
A42: All | B42: Question 41 | C42: 0 | D42: 1 | E42: 1 | F42: 1 | G42: 1 | H42: 1 | I42: 1 | J42: 1 | K42: 1 | L42: 1 | M42: 1 | N42: 1 | P42: 1.4354017
A43: All | B43: Question 42 | C43: 0 | D43: 1 | E43: 1 | F43: 1 | G43: 1 | H43: 1 | I43: 1 | J43: 1 | K43: 1 | L43: 1 | M43: 1 | N43: 1 | P43: 1.6336641
A44: All | B44: Question 43 | C44: 0 | D44: 1 | E44: 1 | F44: 1 | G44: 1 | H44: 1 | I44: 1 | J44: 1 | K44: 1 | L44: 1 | M44: 1 | N44: 1 | P44: 1.5640402
A45: All | B45: Question 44 | C45: 0 | D45: 1 | E45: 1 | F45: 1 | G45: 1 | H45: 1 | I45: 1 | J45: 1 | K45: 1 | L45: 1 | M45: 1 | N45: 1 | P45: 2.3315964
A46: All | B46: Question 45 | C46: 0 | D46: 1 | E46: 1 | F46: 1 | G46: 1 | H46: 1 | I46: 1 | J46: 1 | K46: 1 | L46: 1 | M46: 1 | N46: 1 | P46: 1.353544
A47: All | B47: Question 46 | C47: 0 | D47: 1 | E47: 0 | F47: 1 | G47: 1 | H47: 1 | I47: 1 | J47: 1 | K47: 1 | L47: 1 | M47: 1 | N47: 1 | O47: Primary KC rating is 0: The stated Primary KC is multiplying decimals (up to 3 decimal places) by 10, 100, 1000 and their multiples, but the problem actually requires multiplying a decimal (0.125) by 100, which does fit (since 100 is a multiple of 10). However, the expectation at Primary 5 is that this multiplication would involve recognizing the decimal movement, but the context feels more like general multiplication of decimals, not specifically the place-value movement emphasis (e.g., multiplying by 10, 100, 1000 as shifts). It's a borderline case but does not strongly focus on the skill of moving decimal places. The multiplication is straight computation of 0.125 × 100, not an application where understanding base-10 scaling is crucial. | P47: 3.67698
A48: All | B48: Question 47 | C48: 0 | D48: 1 | E48: 1 | F48: 1 | G48: 1 | H48: 1 | I48: 1 | J48: 1 | K48: 1 | L48: 1 | M48: 1 | N48: 1 | P48: 2.2521224
A49: All | B49: Question 48 | C49: 0 | D49: 1 | E49: 1 | F49: 1 | G49: 1 | H49: 1 | I49: 1 | J49: 1 | K49: 1 | L49: 1 | M49: 1 | N49: 1 | P49: 1.743016
A50: All | B50: Question 49 | C50: 0 | D50: 1 | E50: 1 | F50: 1 | G50: 1 | H50: 1 | I50: 1 | J50: 1 | K50: 1 | L50: 1 | M50: 1 | N50: 1 | P50: 1.4504082
A51: All | B51: Question 50 | C51: 0 | D51: 1 | E51: 1 | F51: 1 | G51: 1 | H51: 1 | I51: 1 | J51: 1 | K51: 1 | L51: 1 | M51: 1 | N51: 1 | P51: 1.3167558
A52: All | B52: Question 51 | C52: 0 | D52: 1 | E52: 1 | F52: 1 | G52: 1 | H52: 1 | I52: 1 | J52: 1 | K52: 1 | L52: 1 | M52: 1 | N52: 1 | P52: 1.434269
A53: All | B53: Question 52 | C53: 0 | D53: 1 | E53: 1 | F53: 1 | G53: 1 | H53: 1 | I53: 1 | J53: 1 | K53: 1 | L53: 1 | M53: 1 | N53: 1 | P53: 2.8705153
A54: All | B54: Question 53 | C54: 0 | D54: 1 | E54: 1 | F54: 1 | G54: 1 | H54: 1 | I54: 1 | J54: 1 | K54: 1 | L54: 1 | M54: 1 | N54: 1 | P54: 3.8215127
A55: All | B55: Question 54 | C55: 0 | D55: 1 | E55: 1 | F55: 1 | G55: 1 | H55: 1 | I55: 0 | J55: 1 | K55: 1 | L55: 1 | M55: 1 | N55: 1 | O55: Real-world feasibility: The scenario assigns the number of times each song is played in a week to $2^n$, where $n$ is arbitrary and detached from the described process (playlist of 3 songs repeated 2 times per day per friend). Instead of connecting the daily activities to the value of $n$, the problem introduces $2^n$ as the weekly play count per song, which does not clearly follow from the described context. In reality, the number of times a song is played in a week would be calculated based on the number of friends, playlist repetitions, days, and songs, not set by an unrelated exponent. Thus, the scenario is not realistic. | P55: 3.8872004
A56: All | B56: Question 55 | C56: 0 | D56: 1 | E56: 1 | F56: 1 | G56: 1 | H56: 1 | I56: 1 | J56: 0 | K56: 1 | L56: 1 | M56: 1 | N56: 1 | O56: synergy: To solve the final question (how many more points Sarah needs), it is enough to subtract 17.00 from 21.50. The information about 8.75 and 9.60 and their sum matching 17.00 does not need to be used for subsequent calculations, and thus the primary and secondary KCs are not used in tandem to solve, nor is there an explicit multi-step synergy. | P56: 2.6622245
A57: All | B57: Question 56 | C57: 0 | D57: 1 | E57: 1 | F57: 1 | G57: 1 | H57: 1 | I57: 1 | J57: 1 | K57: 1 | L57: 1 | M57: 1 | N57: 1 | P57: 1.4310162
A58: All | B58: Question 57 | C58: 0 | D58: 1 | E58: 1 | F58: 1 | G58: 1 | H58: 1 | I58: 1 | J58: 1 | K58: 1 | L58: 1 | M58: 1 | N58: 1 | P58: 1.3388238
A59: All | B59: Question 58 | C59: 0 | D59: 1 | E59: 1 | F59: 1 | G59: 1 | H59: 1 | I59: 1 | J59: 1 | K59: 1 | L59: 1 | M59: 1 | N59: 1 | P59: 1.4256768
A60: All | B60: Question 59 | C60: 0 | D60: 1 | E60: 0 | F60: 1 | G60: 1 | H60: 0 | I60: 1 | J60: 0 | K60: 1 | L60: 1 | M60: 1 | N60: 1 | O60: Primary Knowledge Component: The operation required involves finding 'fraction of stickers left' after giving a fraction of collected stickers away, which is solved by multiplying 7/12 × (1 - 1/4), or 7/12 × 3/4, not through a simple subtraction of two related fractions with denominators not exceeding 12. The structure does not align with 'subtracting two related fractions within one whole.' Grade Alignment: The solution requires multiplying two fractions, but Primary 3 Singapore syllabus usually restricts to operations of addition/subtraction of related fractions with like/unlike denominators, not multiplication of two proper fractions. Synergy: The operation for the fraction left after giving away is only solved through multiplying and then simplifying, not using both intended KCs (subtraction and simplification) in tandem as per the criteria. | P60: 3.6948862
A61: All | B61: Question 60 | C61: 0 | D61: 1 | E61: 1 | F61: 1 | G61: 1 | H61: 1 | I61: 1 | J61: 1 | K61: 1 | L61: 1 | M61: 1 | N61: 1 | P61: 1.2489569
A62: All | B62: Question 61 | C62: 0 | D62: 1 | E62: 1 | F62: 1 | G62: 1 | H62: 1 | I62: 1 | J62: 1 | K62: 1 | L62: 1 | M62: 1 | N62: 1 | P62: 1.4609065
A63: All | B63: Question 62 | C63: 0 | D63: 1 | E63: 1 | F63: 1 | G63: 1 | H63: 1 | I63: 1 | J63: 1 | K63: 1 | L63: 1 | M63: 1 | N63: 1 | P63: 1.9021771
A64: All | B64: Question 63 | C64: 0 | D64: 1 | E64: 1 | F64: 1 | G64: 1 | H64: 1 | I64: 0 | J64: 1 | K64: 1 | L64: 1 | M64: 1 | N64: 1 | O64: G: In real-world bowling, scores are whole numbers (integers) and not decimals with two decimal places (e.g., 78 or 156, but not 78.35). Using scores like 78.35 and 56.45 is not realistic or plausible for an actual bowling event. | P64: 2.2608993
A65: All | B65: Question 64 | C65: 0 | D65: 1 | E65: 1 | F65: 1 | G65: 1 | H65: 1 | I65: 1 | J65: 1 | K65: 1 | L65: 1 | M65: 1 | N65: 1 | P65: 1.5346534
A66: All | B66: Question 65 | C66: 0 | D66: 1 | E66: 1 | F66: 1 | G66: 1 | H66: 1 | I66: 0 | J66: 1 | K66: 1 | L66: 1 | M66: 1 | N66: 1 | O66: Real-world feasibility: In real life, the loudness in decibels does not scale directly as an exponential function in the form V = 2^n (since decibels are a logarithmic measure, not linear or simple exponential). Setting a rule for volume this way is mathematically interesting, but not realistic regarding how actual audio volumes operate and how playlist volumes would be adjusted. | P66: 3.1932375
A67: All | B67: Question 66 | C67: 0 | D67: 1 | E67: 1 | F67: 0 | G67: 1 | H67: 1 | I67: 1 | J67: 0 | K67: 1 | L67: 1 | M67: 1 | N67: 1 | O67: Secondary KC (Conversion to smaller units) is not required, as the entire word problem is solved using litres without converting to a smaller unit (e.g., millilitres). Synergy is rated 0 because only the primary KC is needed for solving the problem; the secondary KC is not engaged at all. | P67: 3.0789599
A68: All | B68: Question 67 | C68: 0 | D68: 1 | E68: 1 | F68: 1 | G68: 1 | H68: 1 | I68: 1 | J68: 1 | K68: 1 | L68: 1 | M68: 1 | N68: 1 | P68: 2.1408827
A69: All | B69: Question 68 | C69: 0 | D69: 1 | E69: 1 | F69: 1 | G69: 1 | H69: 1 | I69: 1 | J69: 1 | K69: 1 | L69: 1 | M69: 1 | N69: 1 | P69: 2.1540742
A70: All | B70: Question 69 | C70: 0 | D70: 1 | E70: 1 | F70: 1 | G70: 1 | H70: 1 | I70: 1 | J70: 1 | K70: 1 | L70: 1 | M70: 1 | N70: 1 | P70: 1.5588005
A71: All | B71: Question 70 | C71: 0 | D71: 1 | E71: 1 | F71: 1 | G71: 1 | H71: 1 | I71: 1 | J71: 1 | K71: 1 | L71: 1 | M71: 1 | N71: 1 | P71: 1.5173507
A72: All | B72: Question 71 | C72: 0 | D72: 1 | E72: 1 | F72: 1 | G72: 1 | H72: 1 | I72: 1 | J72: 1 | K72: 1 | L72: 1 | M72: 1 | N72: 1 | P72: 1.945313
A73: All | B73: Question 72 | C73: 0 | D73: 1 | E73: 1 | F73: 1 | G73: 1 | H73: 1 | I73: 1 | J73: 1 | K73: 1 | L73: 1 | M73: 1 | N73: 1 | P73: 1.7431164
A74: All | B74: Question 73 | C74: 0 | D74: 1 | E74: 0 | F74: 1 | G74: 1 | H74: 1 | I74: 1 | J74: 1 | K74: 1 | L74: 1 | M74: 1 | N74: 1 | O74: Primary KC misalignment: The subtraction component intended is 'subtracting two related fractions within one whole'. In this problem, subtracting the total painting time (which can exceed 1 hour) from the workshop duration (1 hour) may not result in a situation where the fractions are always 'related within one whole.' Here, $[FORMULA] + [FORMULA] = [FORMULA]$, so subtraction works here ($1 - [FORMULA]$), but this is borderline because the main effort is first doing addition, then subtracting from 1. The focus feels more on adding fractions than specifically using fraction subtraction as the main or hardest step. The word problem does not require subtracting two related fractions; instead, it is subtracting a sum of two fractions from a whole. The most complex step is the addition (finding common denominators), not the subtraction. Therefore, the primary KC is not aligned. | P74: 4.1380847
A75: All | B75: Question 74 | C75: 0 | D75: 1 | E75: 1 | F75: 1 | G75: 1 | H75: 1 | I75: 1 | J75: 1 | K75: 1 | L75: 1 | M75: 1 | N75: 1 | P75: 1.4111776
A76: All | B76: Question 75 | C76: 0 | D76: 1 | E76: 1 | F76: 1 | G76: 1 | H76: 1 | I76: 1 | J76: 1 | K76: 1 | L76: 1 | M76: 1 | N76: 1 | P76: 1.7342143
A77: All | B77: Question 76 | C77: 0 | D77: 1 | E77: 1 | F77: 1 | G77: 1 | H77: 1 | I77: 1 | J77: 1 | K77: 1 | L77: 1 | M77: 1 | N77: 1 | P77: 1.5471709
A78: All | B78: Question 77 | C78: 0 | D78: 1 | E78: 1 | F78: 1 | G78: 1 | H78: 1 | I78: 1 | J78: 1 | K78: 1 | L78: 1 | M78: 1 | N78: 1 | P78: 1.3493676
A79: All | B79: Question 78 | C79: 0 | D79: 1 | E79: 1 | F79: 1 | G79: 1 | H79: 1 | I79: 1 | J79: 1 | K79: 1 | L79: 1 | M79: 1 | N79: 1 | P79: 2.2225468
A80: All | B80: Question 79 | C80: 0 | D80: 1 | E80: 1 | F80: 1 | G80: 1 | H80: 1 | I80: 1 | J80: 1 | K80: 1 | L80: 1 | M80: 1 | N80: 1 | P80: 1.440629
A81: All | B81: Question 80 | C81: 0 | D81: 1 | E81: 0 | F81: 0 | G81: 1 | H81: 1 | I81: 1 | J81: 0 | K81: 1 | L81: 1 | M81: 1 | N81: 1 | O81: Primary KC alignment: The central focus of part (a) is adding fractions, not forming or representing ratios (the intended primary KC), and only part (b) touches on ratios. The main process required is working with fractions, with ratios being secondary. Secondary KC alignment: The problem does not require subtracting fractions at any point; both required operations are addition (for the total) and forming a ratio (for part (b)). Synergy: The two parts are somewhat independent. The outcome of (a) is not used for (b) and the skills are not employed in tandem. Each part is solved separately; there is no chaining or synergy between required KCs. | P81: 4.098592
A82: All | B82: Question 81 | C82: 0 | D82: 1 | E82: 1 | F82: 1 | G82: 1 | H82: 1 | I82: 1 | J82: 1 | K82: 1 | L82: 1 | M82: 1 | N82: 1 | P82: 1.6442785
A83: All | B83: Question 82 | C83: 0 | D83: 1 | E83: 1 | F83: 1 | G83: 1 | H83: 1 | I83: 1 | J83: 1 | K83: 1 | L83: 1 | M83: 1 | N83: 1 | P83: 1.7319658
A84: All | B84: Question 83 | C84: 0 | D84: 1 | E84: 1 | F84: 1 | G84: 1 | H84: 1 | I84: 1 | J84: 1 | K84: 1 | L84: 1 | M84: 1 | N84: 1 | P84: 1.8421528
A85: All | B85: Question 84 | C85: 0 | D85: 1 | E85: 1 | F85: 1 | G85: 1 | H85: 1 | I85: 1 | J85: 1 | K85: 1 | L85: 1 | M85: 1 | N85: 1 | P85: 1.9545753
A86: All | B86: Question 85 | C86: 0 | D86: 1 | E86: 1 | F86: 1 | G86: 1 | H86: 1 | I86: 1 | J86: 1 | K86: 1 | L86: 1 | M86: 1 | N86: 1 | P86: 1.8460634
A87: All | B87: Question 86 | C87: 0 | D87: 1 | E87: 1 | F87: 1 | G87: 1 | H87: 1 | I87: 1 | J87: 1 | K87: 1 | L87: 1 | M87: 1 | N87: 1 | P87: 2.5786078
A88: All | B88: Question 87 | C88: 0 | D88: 1 | E88: 1 | F88: 1 | G88: 1 | H88: 1 | I88: 1 | J88: 1 | K88: 1 | L88: 1 | M88: 1 | N88: 1 | P88: 1.6154625
A89: All | B89: Question 88 | C89: 0 | D89: 1 | E89: 1 | F89: 1 | G89: 1 | H89: 1 | I89: 1 | J89: 1 | K89: 1 | L89: 1 | M89: 1 | N89: 1 | P89: 2.3724914
A90: All | B90: Question 89 | C90: 0 | D90: 1 | E90: 1 | F90: 1 | G90: 1 | H90: 1 | I90: 1 | J90: 1 | K90: 1 | L90: 1 | M90: 1 | N90: 1 | P90: 1.3289783
A91: All | B91: Question 90 | C91: 0 | D91: 1 | E91: 1 | F91: 1 | G91: 1 | H91: 1 | I91: 1 | J91: 1 | K91: 1 | L91: 1 | M91: 1 | N91: 1 | P91: 1.4261513
A92: All | B92: Question 91 | C92: 0 | D92: 1 | E92: 1 | F92: 1 | G92: 1 | H92: 1 | I92: 1 | J92: 1 | K92: 1 | L92: 1 | M92: 1 | N92: 1 | P92: 1.8644786
A93: All | B93: Question 92 | C93: 0 | D93: 1 | E93: 1 | F93: 1 | G93: 1 | H93: 1 | I93: 1 | J93: 1 | K93: 1 | L93: 1 | M93: 1 | N93: 1 | P93: 1.4117916
... A98: All | B98: Question 97 | C98: 0 | D98: 1 | E98: 1 | F98: 1 | G98: 1 | H98: 1 | I98: 1 | J98: 1 | K98: 1 | L98: 1 | M98: 1 | N98: 1 | P98: 1.533304
A99: All | B99: Question 98 | C99: 0 | D99: 1 | E99: 0 | F99: 1 | G99: 1 | H99: 1 | I99: 1 | J99: 1 | K99: 1 | L99: 1 | M99: 1 | N99: 1 | O99: Primary KC Alignment: The intended primary KC is 'product of a scalar quantity and a matrix' (scalar multiplication), but part (a) of the problem requires the multiplication of two matrices (A x B), which is a different KC and generally considered more conceptually difficult than scalar multiplication, especially as it involves understanding matrix dimensions and entries. Scalar multiplication appears only in part (b), and even there, it is ancillary to the major work required in part (a). This makes matrix multiplication (secondary KC) the key skill needed to progress and solve the main part of the question, which means the primary KC is not correctly positioned. | P99: 3.07446
A100: All | B100: Question 99 | C100: 0 | D100: 1 | E100: 1 | F100: 1 | G100: 1 | H100: 1 | I100: 1 | J100: 1 | K100: 1 | L100: 1 | M100: 1 | N100: 1 | P100: 1.4617071
A101: All | B101: Question 100 | C101: 0 | D101: 0 | E101: 0 | F101: 0 | G101: 1 | H101: 1 | I101: 1 | J101: 0 | K101: 0 | L101: 0 | M101: 1 | N101: 1 | O101: answerability: The problem is illogical – it states 56 students sang and 38 danced, but says there are 20 more who sang than danced, which does not match 56 - 38 = 18, not 20. The language 'students who participated only in both' is also confusing or possibly incorrect, which adds ambiguity. primary_kc_alignment: The question asks for a ratio, but due to conflicting information (see answerability) and unclear definition of groups, it's not possible to align to the intended KC. secondary_kc_alignment: Subtraction is involved, but the data inconsistencies (see above) mean the calculation cannot proceed correctly. synergy: Due to conflicting information and undefined group sizes, the Ratio and Subtraction cannot be used synergistically. clarity: The phrase 'students participated only in both' is nonsensical; more students sang than danced numbers don't support the given difference; overall, the wording is confusing. conciseness_and_relevance: There is mention of 'students participated only in both' but the count or its meaning is not clear or used in the answer, so it's irrelevant/ambiguous. | P101: 4.5896099

Sheet recreation_v2_common_5
A1: Evaluator | B1: Question | C1: status | D1: answerability | E1: primary_kc_alignment | F1: secondary_kc_alignment | G1: topic_alignment | H1: grade_alignment | I1: real_world_feasibility | J1: synergy | K1: clarity | L1: conciseness_and_relevance | M1: language_quality | N1: content_appropriateness | O1: explanation | P1: response_time
A2: All | B2: Question 1 | C2: 0 | D2: 1 | E2: 1 | F2: 1 | G2: 1 | H2: 1 | I2: 1 | J2: 1 | K2: 1 | L2: 1 | M2: 1 | N2: 1 | P2: 1.535495
A3: All | B3: Question 2 | C3: 0 | D3: 1 | E3: 1 | F3: 1 | G3: 1 | H3: 1 | I3: 1 | J3: 1 | K3: 1 | L3: 1 | M3: 1 | N3: 1 | P3: 1.4433422
A4: All | B4: Question 3 | C4: 0 | D4: 1 | E4: 1 | F4: 1 | G4: 1 | H4: 1 | I4: 1 | J4: 1 | K4: 1 | L4: 1 | M4: 1 | N4: 1 | P4: 1.6430717
A5: All | B5: Question 4 | C5: 0 | D5: 1 | E5: 1 | F5: 1 | G5: 1 | H5: 1 | I5: 1 | J5: 1 | K5: 1 | L5: 1 | M5: 1 | N5: 1 | P5: 1.6684437
A6: All | B6: Question 5 | C6: 0 | D6: 1 | E6: 1 | F6: 1 | G6: 1 | H6: 1 | I6: 1 | J6: 1 | K6: 1 | L6: 1 | M6: 1 | N6: 1 | P6: 2.0273478
A7: All | B7: Question 6 | C7: 0 | D7: 1 | E7: 1 | F7: 1 | G7: 1 | H7: 1 | I7: 1 | J7: 1 | K7: 1 | L7: 1 | M7: 1 | N7: 1 | P7: 1.4518943
A8: All | B8: Question 7 | C8: 0 | D8: 1 | E8: 1 | F8: 1 | G8: 1 | H8: 1 | I8: 1 | J8: 1 | K8: 1 | L8: 1 | M8: 1 | N8: 1 | P8: 2.3503082
A9: All | B9: Question 8 | C9: 0 | D9: 1 | E9: 1 | F9: 1 | G9: 1 | H9: 1 | I9: 1 | J9: 1 | K9: 1 | L9: 1 | M9: 1 | N9: 1 | P9: 1.3405204
A10: All | B10: Question 9 | C10: 0 | D10: 1 | E10: 1 | F10: 1 | G10: 1 | H10: 1 | I10: 1 | J10: 1 | K10: 1 | L10: 1 | M10: 1 | N10: 1 | P10: 2.1477404
A11: All | B11: Question 10 | C11: 0 | D11: 1 | E11: 1 | F11: 1 | G11: 1 | H11: 1 | I11: 1 | J11: 1 | K11: 1 | L11: 1 | M11: 1 | N11: 1 | P11: 3.0851109
A12: All | B12: Question 11 | C12: 0 | D12: 1 | E12: 0 | F12: 1 | G12: 1 | H12: 1 | I12: 1 | J12: 1 | K12: 1 | L12: 1 | M12: 1 | N12: 1 | O12: Primary Knowledge Component Alignment: The main calculation in the first part requires addition of mixed numbers (secondary KC: addition of fractions/mixed numbers), while the second part requires subtraction of mixed numbers (primary KC). The problem order makes addition the initial and primary required knowledge, thus misaligning with the intended primary knowledge component of subtraction of mixed numbers. | P12: 2.3609169
A13: All | B13: Question 12 | C13: 0 | D13: 1 | E13: 1 | F13: 1 | G13: 1 | H13: 1 | I13: 1 | J13: 1 | K13: 1 | L13: 1 | M13: 1 | N13: 1 | P13: 1.3451829
A14: All | B14: Question 13 | C14: 0 | D14: 1 | E14: 1 | F14: 1 | G14: 1 | H14: 1 | I14: 1 | J14: 1 | K14: 1 | L14: 1 | M14: 1 | N14: 1 | P14: 2.0411274
A15: All | B15: Question 14 | C15: 0 | D15: 1 | E15: 1 | F15: 0 | G15: 1 | H15: 1 | I15: 1 | J15: 0 | K15: 1 | L15: 1 | M15: 1 | N15: 1 | O15: Secondary Knowledge Component: The problem requires division and multiplication by 100 when finding the percentage (e.g., 70 / 250 * 100), but the explicit requirement for using multiplication as a standalone knowledge component (beyond scaling by 100 in conversion) is minimal. Division is the main operation apart from representing as a percentage, so it does not fully satisfy the intent of a multiplication knowledge component for its own sake. Synergy: The requirement to multiply whole numbers is not distinctly needed for the solution, as multiplication is only applied as part of converting a fraction to a percentage; it is not interactively paired with the primary knowledge component in a way that both are jointly necessary. | P15: 2.9808941
A16: All | B16: Question 15 | C16: 0 | D16: 1 | E16: 0 | F16: 1 | G16: 1 | H16: 1 | I16: 1 | J16: 1 | K16: 1 | L16: 1 | M16: 1 | N16: 1 | O16: Primary KC alignment: The multiplication required in the question is '3.275 × 20'. The intended Primary Knowledge Component is multiplying decimals (up to 3 decimal places) by 10, 100, 1000 and their multiples. However, multiplying by 20 is not within the specified KC, which restricts to 10, 100, 1000 and their multiples (i.e., 10×, 100×, 1000× etc.), while 20 is not a direct multiple of 10, 100, or 1000 according to Singapore syllabus; usually such items require multiplying by numbers like 10, 20, 40, 100 etc. For Primary 5 in Singapore math, the KC intended here focuses on clean multiples of 10, 100, or 1000. If strict adherence is required, multiplying by 20 may be considered marginal and not strictly matching the intent of multiplying by 10, 100, 1000 and their multiples (interpreted as numbers like 30, 40, 50, 100, 200 etc. but the curriculum usually assesses multiplying by 10/100/1000 and shifting decimal places, not just general two-digit numbers). If we take 'multiples' to include 20, then it could be 1; but strict curriculum interpretation would mark it as 0. | P16: 6.3048511
A17: All | B17: Question 16 | C17: 0 | D17: 1 | E17: 1 | F17: 1 | G17: 1 | H17: 1 | I17: 1 | J17: 1 | K17: 1 | L17: 1 | M17: 1 | N17: 1 | P17: 1.822746
A18: All | B18: Question 17 | C18: 0 | D18: 1 | E18: 1 | F18: 1 | G18: 1 | H18: 1 | I18: 1 | J18: 1 | K18: 1 | L18: 1 | M18: 1 | N18: 1 | P18: 2.5585396
A19: All | B19: Question 18 | C19: 0 | D19: 1 | E19: 1 | F19: 1 | G19: 0 | H19: 1 | I19: 1 | J19: 1 | K19: 1 | L19: 1 | M19: 1 | N19: 1 | O19: E.5: The context 'making bookmarks out of ribbon' does not fit under the intended topic of 'Recreation such as sports, games, exercises, music, movie, dancing, painting, fishing and other recreation activities.' It is more related to a crafts or practical context rather than recreation or sports. | P19: 2.0686698
A20: All | B20: Question 19 | C20: 0 | D20: 1 | E20: 1 | F20: 1 | G20: 1 | H20: 1 | I20: 1 | J20: 1 | K20: 1 | L20: 1 | M20: 1 | N20: 1 | P20: 2.5558918
A21: All | B21: Question 20 | C21: 0 | D21: 1 | E21: 1 | F21: 1 | G21: 1 | H21: 1 | I21: 1 | J21: 1 | K21: 1 | L21: 1 | M21: 1 | N21: 1 | P21: 1.5312564
A22: All | B22: Question 21 | C22: 0 | D22: 1 | E22: 1 | F22: 1 | G22: 1 | H22: 1 | I22: 1 | J22: 1 | K22: 1 | L22: 1 | M22: 1 | N22: 1 | P22: 1.6431608
A23: All | B23: Question 22 | C23: 0 | D23: 1 | E23: 1 | F23: 1 | G23: 1 | H23: 1 | I23: 1 | J23: 1 | K23: 1 | L23: 1 | M23: 1 | N23: 1 | P23: 1.4406567
A24: All | B24: Question 23 | C24: 0 | D24: 1 | E24: 0 | F24: 1 | G24: 1 | H24: 0 | I24: 1 | J24: 1 | K24: 1 | L24: 1 | M24: 1 | N24: 1 | O24: Primary KC (subtracting decimals, up to 2 decimal places): The first and second numbers have 2 decimal places, so part (a) aligns. However, the third score (7.802) has 3 decimal places, which is not required for subtraction in part (a). Part (a) meets Primary KC, but including 7.802 in the data could mislead students to unnecessarily consider more decimal places for subtraction at this grade.Grade Alignment: The word problem includes a score of 7.802 (3 decimal places), but Primary 4 generally expects comparison of decimals up to 2 decimal places, not 3. This could make (b) slightly above the intended difficulty for Primary 4. | P24: 3.5868127
A25: All | B25: Question 24 | C25: 0 | D25: 1 | E25: 1 | F25: 1 | G25: 1 | H25: 1 | I25: 1 | J25: 1 | K25: 1 | L25: 1 | M25: 1 | N25: 1 | P25: 1.4421842
A26: All | B26: Question 25 | C26: 0 | D26: 1 | E26: 1 | F26: 1 | G26: 1 | H26: 1 | I26: 1 | J26: 1 | K26: 1 | L26: 1 | M26: 1 | N26: 1 | P26: 1.5506692
A27: All | B27: Question 26 | C27: 0 | D27: 1 | E27: 1 | F27: 1 | G27: 1 | H27: 1 | I27: 1 | J27: 1 | K27: 1 | L27: 1 | M27: 1 | N27: 1 | P27: 1.6423352
A28: All | B28: Question 27 | C28: 0 | D28: 1 | E28: 1 | F28: 1 | G28: 1 | H28: 1 | I28: 1 | J28: 1 | K28: 1 | L28: 1 | M28: 1 | N28: 1 | P28: 1.4204416
A29: All | B29: Question 28 | C29: 0 | D29: 1 | E29: 1 | F29: 1 | G29: 1 | H29: 1 | I29: 1 | J29: 1 | K29: 1 | L29: 1 | M29: 1 | N29: 1 | P29: 1.4557657
A30: All | B30: Question 29 | C30: 0 | D30: 0 | E30: 1 | F30: 1 | G30: 1 | H30: 1 | I30: 1 | J30: 1 | K30: 1 | L30: 0 | M30: 1 | N30: 1 | O30: A. Answerability: The sum $[FORMULA] + [FORMULA] = [FORMULA] + [FORMULA] = [FORMULA]$ hours $> 1$ hour. Thus, the totals do not match the problem statement 'She spent a total of 1 hour doing these activities.' This is conflicting information, making the problem technically not answerable as stated. C. Conciseness_and_relevance: The statement that 'she spent a total of 1 hour' is not needed to answer either question and contradicts the numbers given, introducing irrelevant and confusing information. | P30: 3.3723707
A31: All | B31: Question 30 | C31: 0 | D31: 1 | E31: 1 | F31: 1 | G31: 1 | H31: 1 | I31: 1 | J31: 1 | K31: 1 | L31: 1 | M31: 1 | N31: 1 | P31: 2.5703208
A32: All | B32: Question 31 | C32: 0 | D32: 1 | E32: 1 | F32: 1 | G32: 1 | H32: 1 | I32: 1 | J32: 1 | K32: 1 | L32: 1 | M32: 1 | N32: 1 | P32: 1.3373532
A33: All | B33: Question 32 | C33: 0 | D33: 1 | E33: 1 | F33: 1 | G33: 1 | H33: 1 | I33: 0 | J33: 1 | K33: 1 | L33: 1 | M33: 1 | N33: 1 | O33: G: While the concept of work inversely proportional to the number of dancers is mathematically valid, in real-world group choreography, increasing the number of dancers rarely decreases total practice time in precise inverse proportion, due to the complexity of coordination and group dynamics. Thus, the scenario is not fully plausible as stated. | P33: 3.3824639
A34: All | B34: Question 33 | C34: 0 | D34: 1 | E34: 1 | F34: 1 | G34: 1 | H34: 1 | I34: 1 | J34: 1 | K34: 1 | L34: 1 | M34: 1 | N34: 1 | P34: 1.6382735
A35: All | B35: Question 34 | C35: 0 | D35: 1 | E35: 1 | F35: 1 | G35: 1 | H35: 1 | I35: 1 | J35: 1 | K35: 1 | L35: 1 | M35: 1 | N35: 1 | P35: 1.456605
A36: All | B36: Question 35 | C36: 0 | D36: 1 | E36: 1 | F36: 1 | G36: 1 | H36: 1 | I36: 1 | J36: 1 | K36: 1 | L36: 1 | M36: 1 | N36: 1 | P36: 1.9334273
A37: All | B37: Question 36 | C37: 0 | D37: 1 | E37: 1 | F37: 1 | G37: 1 | H37: 1 | I37: 1 | J37: 1 | K37: 1 | L37: 1 | M37: 1 | N37: 1 | P37: 1.9600754
A38: All | B38: Question 37 | C38: 0 | D38: 1 | E38: 1 | F38: 1 | G38: 1 | H38: 1 | I38: 1 | J38: 1 | K38: 1 | L38: 1 | M38: 1 | N38: 1 | P38: 3.5266094
A39: All | B39: Question 38 | C39: 0 | D39: 1 | E39: 1 | F39: 1 | G39: 1 | H39: 1 | I39: 1 | J39: 0 | K39: 1 | L39: 1 | M39: 1 | N39: 1 | O39: Synergy=0: The two parts (a) and (b) are only loosely related; the answer from (a) is not required to solve (b), nor is there a necessary transfer of information from the first to the second. Part (b) only needs the daily painting hours, not the total from (a). | P39: 4.7793703
A40: All | B40: Question 39 | C40: 0 | D40: 1 | E40: 1 | F40: 1 | G40: 1 | H40: 1 | I40: 1 | J40: 1 | K40: 1 | L40: 1 | M40: 1 | N40: 1 | P40: 2.4680417
A41: All | B41: Question 40 | C41: 0 | D41: 1 | E41: 1 | F41: 1 | G41: 1 | H41: 1 | I41: 1 | J41: 1 | K41: 1 | L41: 1 | M41: 1 | N41: 1 | P41: 1.6473622
A42: All | B42: Question 41 | C42: 0 | D42: 1 | E42: 1 | F42: 1 | G42: 1 | H42: 1 | I42: 1 | J42: 1 | K42: 1 | L42: 1 | M42: 1 | N42: 1 | P42: 1.451618
A43: All | B43: Question 42 | C43: 0 | D43: 1 | E43: 1 | F43: 1 | G43: 1 | H43: 1 | I43: 1 | J43: 1 | K43: 1 | L43: 1 | M43: 1 | N43: 1 | P43: 2.128356
A44: All | B44: Question 43 | C44: 0 | D44: 1 | E44: 1 | F44: 1 | G44: 1 | H44: 1 | I44: 1 | J44: 1 | K44: 1 | L44: 1 | M44: 1 | N44: 1 | P44: 1.943074
A45: All | B45: Question 44 | C45: 0 | D45: 1 | E45: 1 | F45: 1 | G45: 1 | H45: 1 | I45: 1 | J45: 1 | K45: 1 | L45: 1 | M45: 1 | N45: 1 | P45: 2.3569868
A46: All | B46: Question 45 | C46: 0 | D46: 1 | E46: 1 | F46: 1 | G46: 1 | H46: 1 | I46: 1 | J46: 1 | K46: 1 | L46: 1 | M46: 1 | N46: 1 | P46: 1.7695532
A47: All | B47: Question 46 | C47: 0 | D47: 1 | E47: 0 | F47: 1 | G47: 1 | H47: 1 | I47: 1 | J47: 1 | K47: 1 | L47: 1 | M47: 1 | N47: 1 | O47: Primary KC alignment = 0: The intended KC is multiplication of decimals by 10, 100, 1000 and their multiples, but the problem requires multiplying 0.125 by 100 (which fits), HOWEVER, students may directly multiply using place value or standard multiplication and there is no explicit focus or prompt on multiplying by 10/100/1000 or their multiples, as the computational structure (0.125 × 100) may be interpreted as direct repeated addition or scaling. If the intention is to specifically address multiplying by 10/100/1000 in a form that reinforces positional understanding (e.g., moving the decimal point, not just via standard multiplication), then this item is too open-ended without an explicit scaffold or context to ensure that objective. | P47: 3.6810737
A48: All | B48: Question 47 | C48: 0 | D48: 1 | E48: 1 | F48: 1 | G48: 1 | H48: 1 | I48: 1 | J48: 1 | K48: 1 | L48: 1 | M48: 1 | N48: 1 | P48: 1.3381717
A49: All | B49: Question 48 | C49: 0 | D49: 1 | E49: 1 | F49: 1 | G49: 1 | H49: 1 | I49: 1 | J49: 1 | K49: 1 | L49: 1 | M49: 1 | N49: 1 | P49: 1.730129
A50: All | B50: Question 49 | C50: 0 | D50: 1 | E50: 1 | F50: 1 | G50: 1 | H50: 1 | I50: 1 | J50: 1 | K50: 1 | L50: 1 | M50: 1 | N50: 1 | P50: 1.6371636
A51: All | B51: Question 50 | C51: 0 | D51: 1 | E51: 1 | F51: 1 | G51: 1 | H51: 1 | I51: 1 | J51: 1 | K51: 1 | L51: 1 | M51: 1 | N51: 1 | P51: 2.1539457
A52: All | B52: Question 51 | C52: 0 | D52: 1 | E52: 1 | F52: 1 | G52: 1 | H52: 1 | I52: 1 | J52: 1 | K52: 1 | L52: 1 | M52: 1 | N52: 1 | P52: 2.0478456
A53: All | B53: Question 52 | C53: 0 | D53: 1 | E53: 1 | F53: 1 | G53: 1 | H53: 1 | I53: 1 | J53: 1 | K53: 1 | L53: 1 | M53: 1 | N53: 1 | P53: 1.3646092
A54: All | B54: Question 53 | C54: 0 | D54: 1 | E54: 1 | F54: 1 | G54: 1 | H54: 1 | I54: 1 | J54: 1 | K54: 1 | L54: 1 | M54: 1 | N54: 1 | P54: 1.822753
A55: All | B55: Question 54 | C55: 0 | D55: 1 | E55: 1 | F55: 1 | G55: 1 | H55: 1 | I55: 0 | J55: 1 | K55: 1 | L55: 0 | M55: 1 | N55: 1 | O55: real_world_feasibility: The scenario gives an abstract mathematical representation ($2^n$) for the number of times a song is played per week that is not actually derived from the described actions of the friends (e.g., how '2 full rounds each per day' adds up to $2^n$ with $n > 1$ is unclear and unrealistic). The link between the physical scenario and the mathematical expression is contrived and not plausible as a real-world occurrence. conciseness_and_relevance: The story context about friends listening to playlists and the specific phrase 'each friend wants to listen... each day' is not necessary to determine the number of times a song is played per week given that a formula $2^n$ is arbitrarily stated (with no connection shown to the story details), making the preamble irrelevant to the solution. | P55: 3.9114723
A56: All | B56: Question 55 | C56: 0 | D56: 1 | E56: 1 | F56: 1 | G56: 1 | H56: 1 | I56: 1 | J56: 1 | K56: 1 | L56: 1 | M56: 1 | N56: 1 | P56: 1.5955808
A57: All | B57: Question 56 | C57: 0 | D57: 1 | E57: 1 | F57: 1 | G57: 1 | H57: 1 | I57: 1 | J57: 1 | K57: 1 | L57: 1 | M57: 1 | N57: 1 | P57: 1.5956457
A58: All | B58: Question 57 | C58: 0 | D58: 1 | E58: 1 | F58: 1 | G58: 1 | H58: 1 | I58: 1 | J58: 1 | K58: 1 | L58: 1 | M58: 1 | N58: 1 | P58: 1.4179354
A59: All | B59: Question 58 | C59: 0 | D59: 1 | E59: 1 | F59: 1 | G59: 1 | H59: 1 | I59: 1 | J59: 1 | K59: 1 | L59: 1 | M59: 1 | N59: 1 | P59: 1.4588909
A60: All | B60: Question 59 | C60: 0 | D60: 1 | E60: 0 | F60: 1 | G60: 1 | H60: 1 | I60: 1 | J60: 0 | K60: 1 | L60: 1 | M60: 1 | N60: 1 | O60: Primary KC Alignment (0): The problem's intended KC is subtraction of two related fractions (within one whole, denominators <=12), but the actual operation Alicia must perform is to find a fraction of a fraction ($[FORMULA]$ of $[FORMULA]$), then subtract that from $[FORMULA]$. The main operation is multiplication of fractions, not subtraction directly between two related fractions. Synergy (0): The secondary KC (simplifying) does come up after the main fraction calculation, but since the required operations are multiplication and then subtraction, the two KCs do not synergize in the way intended (subtracting two related fractions and then simplifying the result). | P60: 3.5526164
A61: All | B61: Question 60 | C61: 0 | D61: 1 | E61: 1 | F61: 1 | G61: 1 | H61: 1 | I61: 1 | J61: 1 | K61: 1 | L61: 1 | M61: 1 | N61: 1 | P61: 1.737473
A62: All | B62: Question 61 | C62: 0 | D62: 1 | E62: 1 | F62: 1 | G62: 1 | H62: 1 | I62: 1 | J62: 1 | K62: 1 | L62: 1 | M62: 1 | N62: 1 | P62: 1.3327625
A63: All | B63: Question 62 | C63: 0 | D63: 1 | E63: 1 | F63: 1 | G63: 1 | H63: 1 | I63: 1 | J63: 1 | K63: 1 | L63: 1 | M63: 1 | N63: 1 | P63: 1.3639667
A64: All | B64: Question 63 | C64: 0 | D64: 1 | E64: 1 | F64: 1 | G64: 1 | H64: 1 | I64: 0 | J64: 1 | K64: 1 | L64: 1 | M64: 1 | N64: 1 | O64: G: In realistic bowling scoring, scores are always whole numbers, not decimal values such as 78.35 or 56.45. Thus, using decimal points in the context of bowling is implausible. | P64: 2.1207933
A65: All | B65: Question 64 | C65: 0 | D65: 1 | E65: 1 | F65: 1 | G65: 1 | H65: 1 | I65: 1 | J65: 1 | K65: 1 | L65: 1 | M65: 1 | N65: 1 | P65: 1.4413638
A66: All | B66: Question 65 | C66: 0 | D66: 1 | E66: 1 | F66: 1 | G66: 1 | H66: 1 | I66: 0 | J66: 1 | K66: 1 | L66: 1 | M66: 1 | N66: 1 | O66: G: The scenario describes volume changes in decibel values according to an exponential function, but in real-world acoustics, doubling or halving perceived loudness does not simply correspond to halving or doubling the decibel value mathematically (due to the logarithmic nature of decibel scale). Thus, it's not plausible that the instructor would use this rule to adjust music volume in a real-world setting; the narrative does not reflect natural behavior or correct physical modeling. | P66: 2.876739
A67: All | B67: Question 66 | C67: 0 | D67: 1 | E67: 1 | F67: 0 | G67: 1 | H67: 1 | I67: 1 | J67: 0 | K67: 1 | L67: 1 | M67: 1 | N67: 1 | O67: Secondary KC Alignment: The problem does not require the student to convert between larger and smaller units in decimals (e.g. litres to millilitres); both numbers are presented in litres. Synergy: Only the primary knowledge component is truly necessary; the secondary knowledge component is not utilized, so there is no tandem use. | P67: 2.9876268
A68: All | B68: Question 67 | C68: 0 | D68: 1 | E68: 1 | F68: 1 | G68: 1 | H68: 1 | I68: 1 | J68: 1 | K68: 1 | L68: 1 | M68: 1 | N68: 1 | P68: 1.7174315
A69: All | B69: Question 68 | C69: 0 | D69: 1 | E69: 1 | F69: 1 | G69: 1 | H69: 1 | I69: 1 | J69: 1 | K69: 1 | L69: 1 | M69: 1 | N69: 1 | P69: 1.5444975
A70: All | B70: Question 69 | C70: 0 | D70: 1 | E70: 1 | F70: 1 | G70: 1 | H70: 1 | I70: 1 | J70: 1 | K70: 1 | L70: 1 | M70: 1 | N70: 1 | P70: 1.4391301
A71: All | B71: Question 70 | C71: 0 | D71: 1 | E71: 1 | F71: 1 | G71: 1 | H71: 1 | I71: 1 | J71: 1 | K71: 1 | L71: 1 | M71: 1 | N71: 1 | P71: 2.4508479
A72: All | B72: Question 71 | C72: 0 | D72: 1 | E72: 1 | F72: 1 | G72: 1 | H72: 1 | I72: 1 | J72: 1 | K72: 1 | L72: 1 | M72: 1 | N72: 1 | P72: 1.7492237
A73: All | B73: Question 72 | C73: 0 | D73: 1 | E73: 1 | F73: 1 | G73: 1 | H73: 1 | I73: 1 | J73: 1 | K73: 1 | L73: 1 | M73: 1 | N73: 1 | P73: 1.5288663
A74: All | B74: Question 73 | C74: 0 | D74: 1 | E74: 1 | F74: 1 | G74: 1 | H74: 1 | I74: 1 | J74: 1 | K74: 1 | L74: 1 | M74: 1 | N74: 1 | P74: 1.430763
A75: All | B75: Question 74 | C75: 0 | D75: 1 | E75: 1 | F75: 1 | G75: 1 | H75: 1 | I75: 1 | J75: 1 | K75: 1 | L75: 1 | M75: 1 | N75: 1 | P75: 1.4354863
A76: All | B76: Question 75 | C76: 0 | D76: 1 | E76: 1 | F76: 1 | G76: 1 | H76: 1 | I76: 1 | J76: 1 | K76: 1 | L76: 1 | M76: 1 | N76: 1 | P76: 1.5307717
A77: All | B77: Question 76 | C77: 0 | D77: 1 | E77: 1 | F77: 1 | G77: 1 | H77: 1 | I77: 1 | J77: 1 | K77: 1 | L77: 1 | M77: 1 | N77: 1 | P77: 1.4437509
A78: All | B78: Question 77 | C78: 0 | D78: 1 | E78: 1 | F78: 1 | G78: 1 | H78: 1 | I78: 1 | J78: 1 | K78: 1 | L78: 1 | M78: 1 | N78: 1 | P78: 1.533407
A79: All | B79: Question 78 | C79: 0 | D79: 1 | E79: 1 | F79: 1 | G79: 1 | H79: 1 | I79: 1 | J79: 1 | K79: 1 | L79: 1 | M79: 1 | N79: 1 | P79: 1.7369955
A80: All | B80: Question 79 | C80: 0 | D80: 1 | E80: 1 | F80: 1 | G80: 1 | H80: 1 | I80: 1 | J80: 0 | K80: 1 | L80: 1 | M80: 1 | N80: 1 | O80: Synergy is rated 0: The two sub-questions do not require the answer to (a) to solve (b). For (b), students simply subtract 253 from the original 2,448, without needing to use the number of rows calculated in (a). Thus, the questions are not meaningfully connected as required for this criterion. | P80: 2.8829548
A81: All | B81: Question 80 | C81: 0 | D81: 1 | E81: 0 | F81: 0 | G81: 1 | H81: 1 | I81: 1 | J81: 0 | K81: 1 | L81: 1 | M81: 1 | N81: 1 | O81: Primary KC Alignment (0): The first part only requires addition of fractions, and the ratio in part (b) only requires straightforward ratio building from fractions ($2/5 : 1/4$). The essential operation is not representing or interpreting ratios involving fractions conceptually; it's mechanical calculation. Secondary KC Alignment (0): There is no requirement for subtraction of fractions as stated; only addition and forming a ratio are needed. Synergy (0): Part (b) does not depend on the answer to part (a); the computations are independent and do not build upon each other as stipulated by the criteria. | P81: 5.1287997
A82: All | B82: Question 81 | C82: 0 | D82: 1 | E82: 1 | F82: 1 | G82: 1 | H82: 1 | I82: 1 | J82: 1 | K82: 1 | L82: 1 | M82: 1 | N82: 1 | P82: 1.4980898
A83: All | B83: Question 82 | C83: 0 | D83: 1 | E83: 1 | F83: 1 | G83: 1 | H83: 1 | I83: 1 | J83: 1 | K83: 1 | L83: 1 | M83: 1 | N83: 1 | P83: 1.5954237
A84: All | B84: Question 83 | C84: 0 | D84: 1 | E84: 1 | F84: 1 | G84: 1 | H84: 1 | I84: 1 | J84: 1 | K84: 1 | L84: 1 | M84: 1 | N84: 1 | P84: 1.3333457
A85: All | B85: Question 84 | C85: 0 | D85: 1 | E85: 1 | F85: 1 | G85: 1 | H85: 1 | I85: 1 | J85: 1 | K85: 1 | L85: 1 | M85: 1 | N85: 1 | P85: 2.0479426
A86: All | B86: Question 85 | C86: 0 | D86: 1 | E86: 1 | F86: 1 | G86: 1 | H86: 1 | I86: 1 | J86: 1 | K86: 1 | L86: 1 | M86: 1 | N86: 1 | P86: 1.6643336
A87: All | B87: Question 86 | C87: 0 | D87: 1 | E87: 1 | F87: 1 | G87: 1 | H87: 1 | I87: 1 | J87: 1 | K87: 1 | L87: 1 | M87: 1 | N87: 1 | P87: 1.3089092
A88: All | B88: Question 87 | C88: 0 | D88: 1 | E88: 1 | F88: 1 | G88: 1 | H88: 1 | I88: 1 | J88: 1 | K88: 1 | L88: 1 | M88: 1 | N88: 1 | P88: 1.7419126
A89: All | B89: Question 88 | C89: 0 | D89: 1 | E89: 1 | F89: 1 | G89: 1 | H89: 1 | I89: 1 | J89: 1 | K89: 1 | L89: 1 | M89: 1 | N89: 1 | P89: 1.5033333
A90: All | B90: Question 89 | C90: 0 | D90: 1 | E90: 1 | F90: 1 | G90: 1 | H90: 1 | I90: 1 | J90: 1 | K90: 1 | L90: 1 | M90: 1 | N90: 1 | P90: 1.8428199
A91: All | B91: Question 90 | C91: 0 | D91: 1 | E91: 1 | F91: 1 | G91: 1 | H91: 1 | I91: 1 | J91: 1 | K91: 1 | L91: 1 | M91: 1 | N91: 1 | P91: 2.153851
A92: All | B92: Question 91 | C92: 0 | D92: 1 | E92: 1 | F92: 1 | G92: 1 | H92: 1 | I92: 1 | J92: 1 | K92: 1 | L92: 1 | M92: 1 | N92: 1 | P92: 1.3492043
A93: All | B93: Question 92 | C93: 0 | D93: 1 | E93: 1 | F93: 0 | G93: 1 | H93: 1 | I93: 1 | J93: 1 | K93: 1 | L93: 1 | M93: 1 | N93: 1 | O93: The secondary knowledge component specified is 'comparing and ordering fractions.' However, in part (b), the comparison and ordering are performed on whole numbers (the number of pieces Jane and Emily obtained), not fractions. Thus, the problem does not require students to compare or order actual fractions, but rather whole numbers resulting from a division operation. | P93: 2.8440819
A94: All | B94: Question 93 | C94: 0 | D94: 1 | E94: 1 | F94: 1 | G94: 1 | H94: 1 | I94: 1 | J94: 1 | K94: 1 | L94: 1 | M94: 1 | N94: 1 | P94: 2.0057933
A95: All | B95: Question 94 | C95: 0 | D95: 1 | E95: 1 | F95: 1 | G95: 1 | H95: 1 | I95: 1 | J95: 1 | K95: 1 | L95: 1 | M95: 1 | N95: 1 | P95: 1.576246
A96: All | B96: Question 95 | C96: 0 | D96: 1 | E96: 1 | F96: 1 | G96: 1 | H96: 1 | I96: 1 | J96: 1 | K96: 1 | L96: 1 | M96: 1 | N96: 1 | P96: 1.9588208
A97: All | B97: Question 96 | C97: 0 | D97: 1 | E97: 1 | F97: 1 | G97: 1 | H97: 1 | I97: 1 | J97: 1 | K97: 1 | L97: 1 | M97: 1 | N97: 1 | P97: 1.5191762
A98: All | B98: Question 97 | C98: 0 | D98: 1 | E98: 1 | F98: 1 | G98: 1 | H98: 1 | I98: 1 | J98: 1 | K98: 1 | L98: 1 | M98: 1 | N98: 1 | P98: 3.7005653
A99: All | B99: Question 98 | C99: 0 | D99: 1 | E99: 1 | F99: 1 | G99: 1 | H99: 1 | I99: 1 | J99: 1 | K99: 1 | L99: 1 | M99: 1 | N99: 1 | P99: 1.5308585
A100: All | B100: Question 99 | C100: 0 | D100: 1 | E100: 1 | F100: 1 | G100: 1 | H100: 1 | I100: 1 | J100: 1 | K100: 1 | L100: 1 | M100: 1 | N100: 1 | P100: 1.2912822
...

Sheet Compiled Votes
A1: Evaluator | B1: Question | C1: status | D1: answerability | E1: primary_kc_alignment | F1: secondary_kc_alignment | G1: topic_alignment | H1: grade_alignment | I1: real_world_feasibility | J1: synergy | K1: clarity | L1: conciseness_and_relevance | M1: language_quality | N1: content_appropriateness | O1: response_time
A2: All | B2: Question 1 | C2: 0 | D2: =ROUND(SUM(recreation_v2_common_5!D2,recreation_v2_common_4!D2,recreation_v2_common_3!D2,recreation_v2_common_2!D2,recreation_v2_common_1!D2)/COUNT(recreation_v2_common_5!D2,recreation_v2_common_4!D2,recreation_v2_common_3!D2,recreation_v2_common_2!D2,recreation_v2_common_1!D2),0) -> 1 | E2: =IF($D2=0,"NA",ROUND(SUM(recreation_v2_common_5!E2,recreation_v2_common_4!E2,recreation_v2_common_3!E2,recreation_v2_common_2!E2,recreation_v2_common_1!E2)/COUNT(recreation_v2_common_5!E2,recreation_v2_common_4!E2,recreation_v2_common_3!E2,recreation_v2_common_2!E2,recreation_v2_common_1!E2),0)) -> 1 | F2: =IF($D2=0,"NA",ROUND(SUM(recreation_v2_common_5!F2,recreation_v2_common_4!F2,recreation_v2_common_3!F2,recreation_v2_common_2!F2,recreation_v2_common_1!F2)/COUNT(recreation_v2_common_5!F2,recreation_v2_common_4!F2,recreation_v2_common_3!F2,recreation_v2_common_2!F2,recreation_v2_common_1!F2),0)) -> 1 | G2: =IF($D2=0,"NA",ROUND(SUM(recreation_v2_common_5!G2,recreation_v2_common_4!G2,recreation_v2_common_3!G2,recreation_v2_common_2!G2,recreation_v2_common_1!G2)/COUNT(recreation_v2_common_5!G2,recreation_v2_common_4!G2,recreation_v2_common_3!G2,recreation_v2_common_2!G2,recreation_v2_common_1!G2),0)) -> 1 | H2: =IF(E2=1, ROUND(SUM(recreation_v2_common_5!H2,recreation_v2_common_4!H2,recreation_v2_common_3!H2,recreation_v2_common_2!H2,recreation_v2_common_1!H2)/COUNT(recreation_v2_common_5!H2,recreation_v2_common_4!H2,recreation_v2_common_3!H2,recreation_v2_common_2!H2,recreation_v2_common_1!H2),0),"NA") -> 1 | I2: =IF($D2=0,"NA",ROUND(SUM(recreation_v2_common_5!I2,recreation_v2_common_4!I2,recreation_v2_common_3!I2,recreation_v2_common_2!I2,recreation_v2_common_1!I2)/COUNT(recreation_v2_common_5!I2,recreation_v2_common_4!I2,recreation_v2_common_3!I2,recreation_v2_common_2!I2,recreation_v2_common_1!I2),0)) -> 1 | J2: =IF(AND(E2 = 1, F2 = 1),ROUND(SUM(recreation_v2_common_5!J2,recreation_v2_common_4!J2,recreation_v2_common_3!J2,recreation_v2_common_2!J2,recreation_v2_common_1!J2)/COUNT(recreation_v2_common_5!J2,recreation_v2_common_4!J2,recreation_v2_common_3!J2,recreation_v2_common_2!J2,recreation_v2_common_1!J2),0),"NA") -> 1 | K2: =IF($D2=0,"NA",ROUND(SUM(recreation_v2_common_5!K2,recreation_v2_common_4!K2,recreation_v2_common_3!K2,recreation_v2_common_2!K2,recreation_v2_common_1!K2)/COUNT(recreation_v2_common_5!K2,recreation_v2_common_4!K2,recreation_v2_common_3!K2,recreation_v2_common_2!K2,recreation_v2_common_1!K2),0)) -> 1 | L2: =IF($D2=0,"NA",ROUND(SUM(recreation_v2_common_5!L2,recreation_v2_common_4!L2,recreation_v2_common_3!L2,recreation_v2_common_2!L2,recreation_v2_common_1!L2)/COUNT(recreation_v2_common_5!L2,recreation_v2_common_4!L2,recreation_v2_common_3!L2,recreation_v2_common_2!L2,recreation_v2_common_1!L2),0)) -> 1 | M2: =IF($D2=0,"NA",ROUND(SUM(recreation_v2_common_5!M2,recreation_v2_common_4!M2,recreation_v2_common_3!M2,recreation_v2_common_2!M2,recreation_v2_common_1!M2)/COUNT(recreation_v2_common_5!M2,recreation_v2_common_4!M2,recreation_v2_common_3!M2,recreation_v2_common_2!M2,recreation_v2_common_1!M2),0)) -> 1 | N2: =IF($D2=0,"NA",ROUND(SUM(recreation_v2_common_5!N2,recreation_v2_common_4!N2,recreation_v2_common_3!N2,recreation_v2_common_2!N2,recreation_v2_common_1!N2)/COUNT(recreation_v2_common_5!N2,recreation_v2_common_4!N2,recreation_v2_common_3!N2,recreation_v2_common_2!N2,recreation_v2_common_1!N2),0)) -> 1 | O2: 1.535495
A3: All | B3: Question 2 | C3: 0 | D3: =ROUND(SUM(recreation_v2_common_5!D3,recreation_v2_common_4!D3,recreation_v2_common_3!D3,recreation_v2_common_2!D3,recreation_v2_common_1!D3)/COUNT(recreation_v2_common_5!D3,recreation_v2_common_4!D3,recreation_v2_common_3!D3,recreation_v2_common_2!D3,recreation_v2_common_1!D3),0) -> 1 | E3: =IF($D3=0,"NA",ROUND(SUM(recreation_v2_common_5!E3,recreation_v2_common_4!E3,recreation_v2_common_3!E3,recreation_v2_common_2!E3,recreation_v2_common_1!E3)/COUNT(recreation_v2_common_5!E3,recreation_v2_common_4!E3,recreation_v2_common_3!E3,recreation_v2_common_2!E3,recreation_v2_common_1!E3),0)) -> 1 | F3: =IF($D3=0,"NA",ROUND(SUM(recreation_v2_common_5!F3,recreation_v2_common_4!F3,recreation_v2_common_3!F3,recreation_v2_common_2!F3,recreation_v2_common_1!F3)/COUNT(recreation_v2_common_5!F3,recreation_v2_common_4!F3,recreation_v2_common_3!F3,recreation_v2_common_2!F3,recreation_v2_common_1!F3),0)) -> 1 | G3: =IF($D3=0,"NA",ROUND(SUM(recreation_v2_common_5!G3,recreation_v2_common_4!G3,recreation_v2_common_3!G3,recreation_v2_common_2!G3,recreation_v2_common_1!G3)/COUNT(recreation_v2_common_5!G3,recreation_v2_common_4!G3,recreation_v2_common_3!G3,recreation_v2_common_2!G3,recreation_v2_common_1!G3),0)) -> 1 | H3: =IF(E3=1, ROUND(SUM(recreation_v2_common_5!H3,recreation_v2_common_4!H3,recreation_v2_common_3!H3,recreation_v2_common_2!H3,recreation_v2_common_1!H3)/COUNT(recreation_v2_common_5!H3,recreation_v2_common_4!H3,recreation_v2_common_3!H3,recreation_v2_common_2!H3,recreation_v2_common_1!H3),0),"NA") -> 1 | I3: =IF($D3=0,"NA",ROUND(SUM(recreation_v2_common_5!I3,recreation_v2_common_4!I3,recreation_v2_common_3!I3,recreation_v2_common_2!I3,recreation_v2_common_1!I3)/COUNT(recreation_v2_common_5!I3,recreation_v2_common_4!I3,recreation_v2_common_3!I3,recreation_v2_common_2!I3,recreation_v2_common_1!I3),0)) -> 1 | J3: =IF(AND(E3 = 1, F3 = 1),ROUND(SUM(recreation_v2_common_5!J3,recreation_v2_common_4!J3,recreation_v2_common_3!J3,recreation_v2_common_2!J3,recreation_v2_common_1!J3)/COUNT(recreation_v2_common_5!J3,recreation_v2_common_4!J3,recreation_v2_common_3!J3,recreation_v2_common_2!J3,recreation_v2_common_1!J3),0),"NA") -> 1 | K3: =IF($D3=0,"NA",ROUND(SUM(recreation_v2_common_5!K3,recreation_v2_common_4!K3,recreation_v2_common_3!K3,recreation_v2_common_2!K3,recreation_v2_common_1!K3)/COUNT(recreation_v2_common_5!K3,recreation_v2_common_4!K3,recreation_v2_common_3!K3,recreation_v2_common_2!K3,recreation_v2_common_1!K3),0)) -> 1 | L3: =IF($D3=0,"NA",ROUND(SUM(recreation_v2_common_5!L3,recreation_v2_common_4!L3,recreation_v2_common_3!L3,recreation_v2_common_2!L3,recreation_v2_common_1!L3)/COUNT(recreation_v2_common_5!L3,recreation_v2_common_4!L3,recreation_v2_common_3!L3,recreation_v2_common_2!L3,recreation_v2_common_1!L3),0)) -> 1 | M3: =IF($D3=0,"NA",ROUND(SUM(recreation_v2_common_5!M3,recreation_v2_common_4!M3,recreation_v2_common_3!M3,recreation_v2_common_2!M3,recreation_v2_common_1!M3)/COUNT(recreation_v2_common_5!M3,recreation_v2_common_4!M3,recreation_v2_common_3!M3,recreation_v2_common_2!M3,recreation_v2_common_1!M3),0)) -> 1 | N3: =IF($D3=0,"NA",ROUND(SUM(recreation_v2_common_5!N3,recreation_v2_common_4!N3,recreation_v2_common_3!N3,recreation_v2_common_2!N3,recreation_v2_common_1!N3)/COUNT(recreation_v2_common_5!N3,recreation_v2_common_4!N3,recreation_v2_common_3!N3,recreation_v2_common_2!N3,recreation_v2_common_1!N3),0)) -> 1 | O3: 1.4433422
A4: All | B4: Question 3 | C4: 0 | D4: =ROUND(SUM(recreation_v2_common_5!D4,recreation_v2_common_4!D4,recreation_v2_common_3!D4,recreation_v2_common_2!D4,recreation_v2_common_1!D4)/COUNT(recreation_v2_common_5!D4,recreation_v2_common_4!D4,recreation_v2_common_3!D4,recreation_v2_common_2!D4,recreation_v2_common_1!D4),0) -> 1 | E4: =IF($D4=0,"NA",ROUND(SUM(recreation_v2_common_5!E4,recreation_v2_common_4!E4,recreation_v2_common_3!E4,recreation_v2_common_2!E4,recreation_v2_common_1!E4)/COUNT(recreation_v2_common_5!E4,recreation_v2_common_4!E4,recreation_v2_common_3!E4,recreation_v2_common_2!E4,recreation_v2_common_1!E4),0)) -> 1 | F4: =IF($D4=0,"NA",ROUND(SUM(recreation_v2_common_5!F4,recreation_v2_common_4!F4,recreation_v2_common_3!F4,recreation_v2_common_2!F4,recreation_v2_common_1!F4)/COUNT(recreation_v2_common_5!F4,recreation_v2_common_4!F4,recreation_v2_common_3!F4,recreation_v2_common_2!F4,recreation_v2_common_1!F4),0)) -> 1 | G4: =IF($D4=0,"NA",ROUND(SUM(recreation_v2_common_5!G4,recreation_v2_common_4!G4,recreation_v2_common_3!G4,recreation_v2_common_2!G4,recreation_v2_common_1!G4)/COUNT(recreation_v2_common_5!G4,recreation_v2_common_4!G4,recreation_v2_common_3!G4,recreation_v2_common_2!G4,recreation_v2_common_1!G4),0)) -> 1 | H4: =IF(E4=1, ROUND(SUM(recreation_v2_common_5!H4,recreation_v2_common_4!H4,recreation_v2_common_3!H4,recreation_v2_common_2!H4,recreation_v2_common_1!H4)/COUNT(recreation_v2_common_5!H4,recreation_v2_common_4!H4,recreation_v2_common_3!H4,recreation_v2_common_2!H4,recreation_v2_common_1!H4),0),"NA") -> 1 | I4: =IF($D4=0,"NA",ROUND(SUM(recreation_v2_common_5!I4,recreation_v2_common_4!I4,recreation_v2_common_3!I4,recreation_v2_common_2!I4,recreation_v2_common_1!I4)/COUNT(recreation_v2_common_5!I4,recreation_v2_common_4!I4,recreation_v2_common_3!I4,recreation_v2_common_2!I4,recreation_v2_common_1!I4),0)) -> 1 | J4: =IF(AND(E4 = 1, F4 = 1),ROUND(SUM(recreation_v2_common_5!J4,recreation_v2_common_4!J4,recreation_v2_common_3!J4,recreation_v2_common_2!J4,recreation_v2_common_1!J4)/COUNT(recreation_v2_common_5!J4,recreation_v2_common_4!J4,recreation_v2_common_3!J4,recreation_v2_common_2!J4,recreation_v2_common_1!J4),0),"NA") -> 1 | K4: =IF($D4=0,"NA",ROUND(SUM(recreation_v2_common_5!K4,recreation_v2_common_4!K4,recreation_v2_common_3!K4,recreation_v2_common_2!K4,recreation_v2_common_1!K4)/COUNT(recreation_v2_common_5!K4,recreation_v2_common_4!K4,recreation_v2_common_3!K4,recreation_v2_common_2!K4,recreation_v2_common_1!K4),0)) -> 1 | L4: =IF($D4=0,"NA",ROUND(SUM(recreation_v2_common_5!L4,recreation_v2_common_4!L4,recreation_v2_common_3!L4,recreation_v2_common_2!L4,recreation_v2_common_1!L4)/COUNT(recreation_v2_common_5!L4,recreation_v2_common_4!L4,recreation_v2_common_3!L4,recreation_v2_common_2!L4,recreation_v2_common_1!L4),0)) -> 1 | M4: =IF($D4=0,"NA",ROUND(SUM(recreation_v2_common_5!M4,recreation_v2_common_4!M4,recreation_v2_common_3!M4,recreation_v2_common_2!M4,recreation_v2_common_1!M4)/COUNT(recreation_v2_common_5!M4,recreation_v2_common_4!M4,recreation_v2_common_3!M4,recreation_v2_common_2!M4,recreation_v2_common_1!M4),0)) -> 1 | N4: =IF($D4=0,"NA",ROUND(SUM(recreation_v2_common_5!N4,recreation_v2_common_4!N4,recreation_v2_common_3!N4,recreation_v2_common_2!N4,recreation_v2_common_1!N4)/COUNT(recreation_v2_common_5!N4,recreation_v2_common_4!N4,recreation_v2_common_3!N4,recreation_v2_common_2!N4,recreation_v2_common_1!N4),0)) -> 1 | O4: 1.6430717
A5: All | B5: Question 4 | C5: 0 | D5: =ROUND(SUM(recreation_v2_common_5!D5,recreation_v2_common_4!D5,recreation_v2_common_3!D5,recreation_v2_common_2!D5,recreation_v2_common_1!D5)/COUNT(recreation_v2_common_5!D5,recreation_v2_common_4!D5,recreation_v2_common_3!D5,recreation_v2_common_2!D5,recreation_v2_common_1!D5),0) -> 1 | E5: =IF($D5=0,"NA",ROUND(SUM(recreation_v2_common_5!E5,recreation_v2_common_4!E5,recreation_v2_common_3!E5,recreation_v2_common_2!E5,recreation_v2_common_1!E5)/COUNT(recreation_v2_common_5!E5,recreation_v2_common_4!E5,recreation_v2_common_3!E5,recreation_v2_common_2!E5,recreation_v2_common_1!E5),0)) -> 1 | F5: =IF($D5=0,"NA",ROUND(SUM(recreation_v2_common_5!F5,recreation_v2_common_4!F5,recreation_v2_common_3!F5,recreation_v2_common_2!F5,recreation_v2_common_1!F5)/COUNT(recreation_v2_common_5!F5,recreation_v2_common_4!F5,recreation_v2_common_3!F5,recreation_v2_common_2!F5,recreation_v2_common_1!F5),0)) -> 1 | G5: =IF($D5=0,"NA",ROUND(SUM(recreation_v2_common_5!G5,recreation_v2_common_4!G5,recreation_v2_common_3!G5,recreation_v2_common_2!G5,recreation_v2_common_1!G5)/COUNT(recreation_v2_common_5!G5,recreation_v2_common_4!G5,recreation_v2_common_3!G5,recreation_v2_common_2!G5,recreation_v2_common_1!G5),0)) -> 1 | H5: =IF(E5=1, ROUND(SUM(recreation_v2_common_5!H5,recreation_v2_common_4!H5,recreation_v2_common_3!H5,recreation_v2_common_2!H5,recreation_v2_common_1!H5)/COUNT(recreation_v2_common_5!H5,recreation_v2_common_4!H5,recreation_v2_common_3!H5,recreation_v2_common_2!H5,recreation_v2_common_1!H5),0),"NA") -> 1 | I5: =IF($D5=0,"NA",ROUND(SUM(recreation_v2_common_5!I5,recreation_v2_common_4!I5,recreation_v2_common_3!I5,recreation_v2_common_2!I5,recreation_v2_common_1!I5)/COUNT(recreation_v2_common_5!I5,recreation_v2_common_4!I5,recreation_v2_common_3!I5,recreation_v2_common_2!I5,recreation_v2_common_1!I5),0)) -> 1 | J5: =IF(AND(E5 = 1, F5 = 1),ROUND(SUM(recreation_v2_common_5!J5,recreation_v2_common_4!J5,recreation_v2_common_3!J5,recreation_v2_common_2!J5,recreation_v2_common_1!J5)/COUNT(recreation_v2_common_5!J5,recreation_v2_common_4!J5,recreation_v2_common_3!J5,recreation_v2_common_2!J5,recreation_v2_common_1!J5),0),"NA") -> 1 | K5: =IF($D5=0,"NA",ROUND(SUM(recreation_v2_common_5!K5,recreation_v2_common_4!K5,recreation_v2_common_3!K5,recreation_v2_common_2!K5,recreation_v2_common_1!K5)/COUNT(recreation_v2_common_5!K5,recreation_v2_common_4!K5,recreation_v2_common_3!K5,recreation_v2_common_2!K5,recreation_v2_common_1!K5),0)) -> 1 | L5: =IF($D5=0,"NA",ROUND(SUM(recreation_v2_common_5!L5,recreation_v2_common_4!L5,recreation_v2_common_3!L5,recreation_v2_common_2!L5,recreation_v2_common_1!L5)/COUNT(recreation_v2_common_5!L5,recreation_v2_common_4!L5,recreation_v2_common_3!L5,recreation_v2_common_2!L5,recreation_v2_common_1!L5),0)) -> 1 | M5: =IF($D5=0,"NA",ROUND(SUM(recreation_v2_common_5!M5,recreation_v2_common_4!M5,recreation_v2_common_3!M5,recreation_v2_common_2!M5,recreation_v2_common_1!M5)/COUNT(recreation_v2_common_5!M5,recreation_v2_common_4!M5,recreation_v2_common_3!M5,recreation_v2_common_2!M5,recreation_v2_common_1!M5),0)) -> 1 | N5: =IF($D5=0,"NA",ROUND(SUM(recreation_v2_common_5!N5,recreation_v2_common_4!N5,recreation_v2_common_3!N5,recreation_v2_common_2!N5,recreation_v2_common_1!N5)/COUNT(recreation_v2_common_5!N5,recreation_v2_common_4!N5,recreation_v2_common_3!N5,recreation_v2_common_2!N5,recreation_v2_common_1!N5),0)) -> 1 | O5: 1.6684437
A6: All | B6: Question 5 | C6: 0 | D6: =ROUND(SUM(recreation_v2_common_5!D6,recreation_v2_common_4!D6,recreation_v2_common_3!D6,recreation_v2_common_2!D6,recreation_v2_common_1!D6)/COUNT(recreation_v2_common_5!D6,recreation_v2_common_4!D6,recreation_v2_common_3!D6,recreation_v2_common_2!D6,recreation_v2_common_1!D6),0) -> 1 | E6: =IF($D6=0,"NA",ROUND(SUM(recreation_v2_common_5!E6,recreation_v2_common_4!E6,recreation_v2_common_3!E6,recreation_v2_common_2!E6,recreation_v2_common_1!E6)/COUNT(recreation_v2_common_5!E6,recreation_v2_common_4!E6,recreation_v2_common_3!E6,recreation_v2_common_2!E6,recreation_v2_common_1!E6),0)) -> 1 | F6: =IF($D6=0,"NA",ROUND(SUM(recreation_v2_common_5!F6,recreation_v2_common_4!F6,recreation_v2_common_3!F6,recreation_v2_common_2!F6,recreation_v2_common_1!F6)/COUNT(recreation_v2_common_5!F6,recreation_v2_common_4!F6,recreation_v2_common_3!F6,recreation_v2_common_2!F6,recreation_v2_common_1!F6),0)) -> 1 | G6: =IF($D6=0,"NA",ROUND(SUM(recreation_v2_common_5!G6,recreation_v2_common_4!G6,recreation_v2_common_3!G6,recreation_v2_common_2!G6,recreation_v2_common_1!G6)/COUNT(recreation_v2_common_5!G6,recreation_v2_common_4!G6,recreation_v2_common_3!G6,recreation_v2_common_2!G6,recreation_v2_common_1!G6),0)) -> 1 | H6: =IF(E6=1, ROUND(SUM(recreation_v2_common_5!H6,recreation_v2_common_4!H6,recreation_v2_common_3!H6,recreation_v2_common_2!H6,recreation_v2_common_1!H6)/COUNT(recreation_v2_common_5!H6,recreation_v2_common_4!H6,recreation_v2_common_3!H6,recreation_v2_common_2!H6,recreation_v2_common_1!H6),0),"NA") -> 1 | I6: =IF($D6=0,"NA",ROUND(SUM(recreation_v2_common_5!I6,recreation_v2_common_4!I6,recreation_v2_common_3!I6,recreation_v2_common_2!I6,recreation_v2_common_1!I6)/COUNT(recreation_v2_common_5!I6,recreation_v2_common_4!I6,recreation_v2_common_3!I6,recreation_v2_common_2!I6,recreation_v2_common_1!I6),0)) -> 1 | J6: =IF(AND(E6 = 1, F6 = 1),ROUND(SUM(recreation_v2_common_5!J6,recreation_v2_common_4!J6,recreation_v2_common_3!J6,recreation_v2_common_2!J6,recreation_v2_common_1!J6)/COUNT(recreation_v2_common_5!J6,recreation_v2_common_4!J6,recreation_v2_common_3!J6,recreation_v2_common_2!J6,recreation_v2_common_1!J6),0),"NA") -> 1 | K6: =IF($D6=0,"NA",ROUND(SUM(recreation_v2_common_5!K6,recreation_v2_common_4!K6,recreation_v2_common_3!K6,recreation_v2_common_2!K6,recreation_v2_common_1!K6)/COUNT(recreation_v2_common_5!K6,recreation_v2_common_4!K6,recreation_v2_common_3!K6,recreation_v2_common_2!K6,recreation_v2_common_1!K6),0)) -> 1 | L6: =IF($D6=0,"NA",ROUND(SUM(recreation_v2_common_5!L6,recreation_v2_common_4!L6,recreation_v2_common_3!L6,recreation_v2_common_2!L6,recreation_v2_common_1!L6)/COUNT(recreation_v2_common_5!L6,recreation_v2_common_4!L6,recreation_v2_common_3!L6,recreation_v2_common_2!L6,recreation_v2_common_1!L6),0)) -> 1 | M6: =IF($D6=0,"NA",ROUND(SUM(recreation_v2_common_5!M6,recreation_v2_common_4!M6,recreation_v2_common_3!M6,recreation_v2_common_2!M6,recreation_v2_common_1!M6)/COUNT(recreation_v2_common_5!M6,recreation_v2_common_4!M6,recreation_v2_common_3!M6,recreation_v2_common_2!M6,recreation_v2_common_1!M6),0)) -> 1 | N6: =IF($D6=0,"NA",ROUND(SUM(recreation_v2_common_5!N6,recreation_v2_common_4!N6,recreation_v2_common_3!N6,recreation_v2_common_2!N6,recreation_v2_common_1!N6)/COUNT(recreation_v2_common_5!N6,recreation_v2_common_4!N6,recreation_v2_common_3!N6,recreation_v2_common_2!N6,recreation_v2_common_1!N6),0)) -> 1 | O6: 2.0273478
A7: All | B7: Question 6 | C7: 0 | D7: =ROUND(SUM(recreation_v2_common_5!D7,recreation_v2_common_4!D7,recreation_v2_common_3!D7,recreation_v2_common_2!D7,recreation_v2_common_1!D7)/COUNT(recreation_v2_common_5!D7,recreation_v2_common_4!D7,recreation_v2_common_3!D7,recreation_v2_common_2!D7,recreation_v2_common_1!D7),0) -> 1 | E7: =IF($D7=0,"NA",ROUND(SUM(recreation_v2_common_5!E7,recreation_v2_common_4!E7,recreation_v2_common_3!E7,recreation_v2_common_2!E7,recreation_v2_common_1!E7)/COUNT(recreation_v2_common_5!E7,recreation_v2_common_4!E7,recreation_v2_common_3!E7,recreation_v2_common_2!E7,recreation_v2_common_1!E7),0)) -> 1 | F7: =IF($D7=0,"NA",ROUND(SUM(recreation_v2_common_5!F7,recreation_v2_common_4!F7,recreation_v2_common_3!F7,recreation_v2_common_2!F7,recreation_v2_common_1!F7)/COUNT(recreation_v2_common_5!F7,recreation_v2_common_4!F7,recreation_v2_common_3!F7,recreation_v2_common_2!F7,recreation_v2_common_1!F7),0)) -> 1 | G7: =IF($D7=0,"NA",ROUND(SUM(recreation_v2_common_5!G7,recreation_v2_common_4!G7,recreation_v2_common_3!G7,recreation_v2_common_2!G7,recreation_v2_common_1!G7)/COUNT(recreation_v2_common_5!G7,recreation_v2_common_4!G7,recreation_v2_common_3!G7,recreation_v2_common_2!G7,recreation_v2_common_1!G7),0)) -> 1 | H7: =IF(E7=1, ROUND(SUM(recreation_v2_common_5!H7,recreation_v2_common_4!H7,recreation_v2_common_3!H7,recreation_v2_common_2!H7,recreation_v2_common_1!H7)/COUNT(recreation_v2_common_5!H7,recreation_v2_common_4!H7,recreation_v2_common_3!H7,recreation_v2_common_2!H7,recreation_v2_common_1!H7),0),"NA") -> 1 | I7: =IF($D7=0,"NA",ROUND(SUM(recreation_v2_common_5!I7,recreation_v2_common_4!I7,recreation_v2_common_3!I7,recreation_v2_common_2!I7,recreation_v2_common_1!I7)/COUNT(recreation_v2_common_5!I7,recreation_v2_common_4!I7,recreation_v2_common_3!I7,recreation_v2_common_2!I7,recreation_v2_common_1!I7),0)) -> 1 | J7: =IF(AND(E7 = 1, F7 = 1),ROUND(SUM(recreation_v2_common_5!J7,recreation_v2_common_4!J7,recreation_v2_common_3!J7,recreation_v2_common_2!J7,recreation_v2_common_1!J7)/COUNT(recreation_v2_common_5!J7,recreation_v2_common_4!J7,recreation_v2_common_3!J7,recreation_v2_common_2!J7,recreation_v2_common_1!J7),0),"NA") -> 1 | K7: =IF($D7=0,"NA",ROUND(SUM(recreation_v2_common_5!K7,recreation_v2_common_4!K7,recreation_v2_common_3!K7,recreation_v2_common_2!K7,recreation_v2_common_1!K7)/COUNT(recreation_v2_common_5!K7,recreation_v2_common_4!K7,recreation_v2_common_3!K7,recreation_v2_common_2!K7,recreation_v2_common_1!K7),0)) -> 1 | L7: =IF($D7=0,"NA",ROUND(SUM(recreation_v2_common_5!L7,recreation_v2_common_4!L7,recreation_v2_common_3!L7,recreation_v2_common_2!L7,recreation_v2_common_1!L7)/COUNT(recreation_v2_common_5!L7,recreation_v2_common_4!L7,recreation_v2_common_3!L7,recreation_v2_common_2!L7,recreation_v2_common_1!L7),0)) -> 1 | M7: =IF($D7=0,"NA",ROUND(SUM(recreation_v2_common_5!M7,recreation_v2_common_4!M7,recreation_v2_common_3!M7,recreation_v2_common_2!M7,recreation_v2_common_1!M7)/COUNT(recreation_v2_common_5!M7,recreation_v2_common_4!M7,recreation_v2_common_3!M7,recreation_v2_common_2!M7,recreation_v2_common_1!M7),0)) -> 1 | N7: =IF($D7=0,"NA",ROUND(SUM(recreation_v2_common_5!N7,recreation_v2_common_4!N7,recreation_v2_common_3!N7,recreation_v2_common_2!N7,recreation_v2_common_1!N7)/COUNT(recreation_v2_common_5!N7,recreation_v2_common_4!N7,recreation_v2_common_3!N7,recreation_v2_common_2!N7,recreation_v2_common_1!N7),0)) -> 1 | O7: 1.4518943
A8: All | B8: Question 7 | C8: 0 | D8: =ROUND(SUM(recreation_v2_common_5!D8,recreation_v2_common_4!D8,recreation_v2_common_3!D8,recreation_v2_common_2!D8,recreation_v2_common_1!D8)/COUNT(recreation_v2_common_5!D8,recreation_v2_common_4!D8,recreation_v2_common_3!D8,recreation_v2_common_2!D8,recreation_v2_common_1!D8),0) -> 1 | E8: =IF($D8=0,"NA",ROUND(SUM(recreation_v2_common_5!E8,recreation_v2_common_4!E8,recreation_v2_common_3!E8,recreation_v2_common_2!E8,recreation_v2_common_1!E8)/COUNT(recreation_v2_common_5!E8,recreation_v2_common_4!E8,recreation_v2_common_3!E8,recreation_v2_common_2!E8,recreation_v2_common_1!E8),0)) -> 1 | F8: =IF($D8=0,"NA",ROUND(SUM(recreation_v2_common_5!F8,recreation_v2_common_4!F8,recreation_v2_common_3!F8,recreation_v2_common_2!F8,recreation_v2_common_1!F8)/COUNT(recreation_v2_common_5!F8,recreation_v2_common_4!F8,recreation_v2_common_3!F8,recreation_v2_common_2!F8,recreation_v2_common_1!F8),0)) -> 1 | G8: =IF($D8=0,"NA",ROUND(SUM(recreation_v2_common_5!G8,recreation_v2_common_4!G8,recreation_v2_common_3!G8,recreation_v2_common_2!G8,recreation_v2_common_1!G8)/COUNT(recreation_v2_common_5!G8,recreation_v2_common_4!G8,recreation_v2_common_3!G8,recreation_v2_common_2!G8,recreation_v2_common_1!G8),0)) -> 1 | H8: =IF(E8=1, ROUND(SUM(recreation_v2_common_5!H8,recreation_v2_common_4!H8,recreation_v2_common_3!H8,recreation_v2_common_2!H8,recreation_v2_common_1!H8)/COUNT(recreation_v2_common_5!H8,recreation_v2_common_4!H8,recreation_v2_common_3!H8,recreation_v2_common_2!H8,recreation_v2_common_1!H8),0),"NA") -> 1 | I8: =IF($D8=0,"NA",ROUND(SUM(recreation_v2_common_5!I8,recreation_v2_common_4!I8,recreation_v2_common_3!I8,recreation_v2_common_2!I8,recreation_v2_common_1!I8)/COUNT(recreation_v2_common_5!I8,recreation_v2_common_4!I8,recreation_v2_common_3!I8,recreation_v2_common_2!I8,recreation_v2_common_1!I8),0)) -> 1 | J8: =IF(AND(E8 = 1, F8 = 1),ROUND(SUM(recreation_v2_common_5!J8,recreation_v2_common_4!J8,recreation_v2_common_3!J8,recreation_v2_common_2!J8,recreation_v2_common_1!J8)/COUNT(recreation_v2_common_5!J8,recreation_v2_common_4!J8,recreation_v2_common_3!J8,recreation_v2_common_2!J8,recreation_v2_common_1!J8),0),"NA") -> 1 | K8: =IF($D8=0,"NA",ROUND(SUM(recreation_v2_common_5!K8,recreation_v2_common_4!K8,recreation_v2_common_3!K8,recreation_v2_common_2!K8,recreation_v2_common_1!K8)/COUNT(recreation_v2_common_5!K8,recreation_v2_common_4!K8,recreation_v2_common_3!K8,recreation_v2_common_2!K8,recreation_v2_common_1!K8),0)) -> 1 | L8: =IF($D8=0,"NA",ROUND(SUM(recreation_v2_common_5!L8,recreation_v2_common_4!L8,recreation_v2_common_3!L8,recreation_v2_common_2!L8,recreation_v2_common_1!L8)/COUNT(recreation_v2_common_5!L8,recreation_v2_common_4!L8,recreation_v2_common_3!L8,recreation_v2_common_2!L8,recreation_v2_common_1!L8),0)) -> 1 | M8: =IF($D8=0,"NA",ROUND(SUM(recreation_v2_common_5!M8,recreation_v2_common_4!M8,recreation_v2_common_3!M8,recreation_v2_common_2!M8,recreation_v2_common_1!M8)/COUNT(recreation_v2_common_5!M8,recreation_v2_common_4!M8,recreation_v2_common_3!M8,recreation_v2_common_2!M8,recreation_v2_common_1!M8),0)) -> 1 | N8: =IF($D8=0,"NA",ROUND(SUM(recreation_v2_common_5!N8,recreation_v2_common_4!N8,recreation_v2_common_3!N8,recreation_v2_common_2!N8,recreation_v2_common_1!N8)/COUNT(recreation_v2_common_5!N8,recreation_v2_common_4!N8,recreation_v2_common_3!N8,recreation_v2_common_2!N8,recreation_v2_common_1!N8),0)) -> 1 | O8: 2.3503082
A9: All | B9: Question 8 | C9: 0 | D9: =ROUND(SUM(recreation_v2_common_5!D9,recreation_v2_common_4!D9,recreation_v2_common_3!D9,recreation_v2_common_2!D9,recreation_v2_common_1!D9)/COUNT(recreation_v2_common_5!D9,recreation_v2_common_4!D9,recreation_v2_common_3!D9,recreation_v2_common_2!D9,recreation_v2_common_1!D9),0) -> 1 | E9: =IF($D9=0,"NA",ROUND(SUM(recreation_v2_common_5!E9,recreation_v2_common_4!E9,recreation_v2_common_3!E9,recreation_v2_common_2!E9,recreation_v2_common_1!E9)/COUNT(recreation_v2_common_5!E9,recreation_v2_common_4!E9,recreation_v2_common_3!E9,recreation_v2_common_2!E9,recreation_v2_common_1!E9),0)) -> 1 | F9: =IF($D9=0,"NA",ROUND(SUM(recreation_v2_common_5!F9,recreation_v2_common_4!F9,recreation_v2_common_3!F9,recreation_v2_common_2!F9,recreation_v2_common_1!F9)/COUNT(recreation_v2_common_5!F9,recreation_v2_common_4!F9,recreation_v2_common_3!F9,recreation_v2_common_2!F9,recreation_v2_common_1!F9),0)) -> 1 | G9: =IF($D9=0,"NA",ROUND(SUM(recreation_v2_common_5!G9,recreation_v2_common_4!G9,recreation_v2_common_3!G9,recreation_v2_common_2!G9,recreation_v2_common_1!G9)/COUNT(recreation_v2_common_5!G9,recreation_v2_common_4!G9,recreation_v2_common_3!G9,recreation_v2_common_2!G9,recreation_v2_common_1!G9),0)) -> 1 | H9: =IF(E9=1, ROUND(SUM(recreation_v2_common_5!H9,recreation_v2_common_4!H9,recreation_v2_common_3!H9,recreation_v2_common_2!H9,recreation_v2_common_1!H9)/COUNT(recreation_v2_common_5!H9,recreation_v2_common_4!H9,recreation_v2_common_3!H9,recreation_v2_common_2!H9,recreation_v2_common_1!H9),0),"NA") -> 1 | I9: =IF($D9=0,"NA",ROUND(SUM(recreation_v2_common_5!I9,recreation_v2_common_4!I9,recreation_v2_common_3!I9,recreation_v2_common_2!I9,recreation_v2_common_1!I9)/COUNT(recreation_v2_common_5!I9,recreation_v2_common_4!I9,recreation_v2_common_3!I9,recreation_v2_common_2!I9,recreation_v2_common_1!I9),0)) -> 1 | J9: =IF(AND(E9 = 1, F9 = 1),ROUND(SUM(recreation_v2_common_5!J9,recreation_v2_common_4!J9,recreation_v2_common_3!J9,recreation_v2_common_2!J9,recreation_v2_common_1!J9)/COUNT(recreation_v2_common_5!J9,recreation_v2_common_4!J9,recreation_v2_common_3!J9,recreation_v2_common_2!J9,recreation_v2_common_1!J9),0),"NA") -> 1 | K9: =IF($D9=0,"NA",ROUND(SUM(recreation_v2_common_5!K9,recreation_v2_common_4!K9,recreation_v2_common_3!K9,recreation_v2_common_2!K9,recreation_v2_common_1!K9)/COUNT(recreation_v2_common_5!K9,recreation_v2_common_4!K9,recreation_v2_common_3!K9,recreation_v2_common_2!K9,recreation_v2_common_1!K9),0)) -> 1 | L9: =IF($D9=0,"NA",ROUND(SUM(recreation_v2_common_5!L9,recreation_v2_common_4!L9,recreation_v2_common_3!L9,recreation_v2_common_2!L9,recreation_v2_common_1!L9)/COUNT(recreation_v2_common_5!L9,recreation_v2_common_4!L9,recreation_v2_common_3!L9,recreation_v2_common_2!L9,recreation_v2_common_1!L9),0)) -> 1 | M9: =IF($D9=0,"NA",ROUND(SUM(recreation_v2_common_5!M9,recreation_v2_common_4!M9,recreation_v2_common_3!M9,recreation_v2_common_2!M9,recreation_v2_common_1!M9)/COUNT(recreation_v2_common_5!M9,recreation_v2_common_4!M9,recreation_v2_common_3!M9,recreation_v2_common_2!M9,recreation_v2_common_1!M9),0)) -> 1 | N9: =IF($D9=0,"NA",ROUND(SUM(recreation_v2_common_5!N9,recreation_v2_common_4!N9,recreation_v2_common_3!N9,recreation_v2_common_2!N9,recreation_v2_common_1!N9)/COUNT(recreation_v2_common_5!N9,recreation_v2_common_4!N9,recreation_v2_common_3!N9,recreation_v2_common_2!N9,recreation_v2_common_1!N9),0)) -> 1 | O9: 1.3405204
A10: All | B10: Question 9 | C10: 0 | D10: =ROUND(SUM(recreation_v2_common_5!D10,recreation_v2_common_4!D10,recreation_v2_common_3!D10,recreation_v2_common_2!D10,recreation_v2_common_1!D10)/COUNT(recreation_v2_common_5!D10,recreation_v2_common_4!D10,recreation_v2_common_3!D10,recreation_v2_common_2!D10,recreation_v2_common_1!D10),0) -> 1 | E10: =IF($D10=0,"NA",ROUND(SUM(recreation_v2_common_5!E10,recreation_v2_common_4!E10,recreation_v2_common_3!E10,recreation_v2_common_2!E10,recreation_v2_common_1!E10)/COUNT(recreation_v2_common_5!E10,recreation_v2_common_4!E10,recreation_v2_common_3!E10,recreation_v2_common_2!E10,recreation_v2_common_1!E10),0)) -> 1 | F10: =IF($D10=0,"NA",ROUND(SUM(recreation_v2_common_5!F10,recreation_v2_common_4!F10,recreation_v2_common_3!F10,recreation_v2_common_2!F10,recreation_v2_common_1!F10)/COUNT(recreation_v2_common_5!F10,recreation_v2_common_4!F10,recreation_v2_common_3!F10,recreation_v2_common_2!F10,recreation_v2_common_1!F10),0)) -> 1 | G10: =IF($D10=0,"NA",ROUND(SUM(recreation_v2_common_5!G10,recreation_v2_common_4!G10,recreation_v2_common_3!G10,recreation_v2_common_2!G10,recreation_v2_common_1!G10)/COUNT(recreation_v2_common_5!G10,recreation_v2_common_4!G10,recreation_v2_common_3!G10,recreation_v2_common_2!G10,recreation_v2_common_1!G10),0)) -> 1 | H10: =IF(E10=1, ROUND(SUM(recreation_v2_common_5!H10,recreation_v2_common_4!H10,recreation_v2_common_3!H10,recreation_v2_common_2!H10,recreation_v2_common_1!H10)/COUNT(recreation_v2_common_5!H10,recreation_v2_common_4!H10,recreation_v2_common_3!H10,recreation_v2_common_2!H10,recreation_v2_common_1!H10),0),"NA") -> 1 | I10: =IF($D10=0,"NA",ROUND(SUM(recreation_v2_common_5!I10,recreation_v2_common_4!I10,recreation_v2_common_3!I10,recreation_v2_common_2!I10,recreation_v2_common_1!I10)/COUNT(recreation_v2_common_5!I10,recreation_v2_common_4!I10,recreation_v2_common_3!I10,recreation_v2_common_2!I10,recreation_v2_common_1!I10),0)) -> 1 | J10: =IF(AND(E10 = 1, F10 = 1),ROUND(SUM(recreation_v2_common_5!J10,recreation_v2_common_4!J10,recreation_v2_common_3!J10,recreation_v2_common_2!J10,recreation_v2_common_1!J10)/COUNT(recreation_v2_common_5!J10,recreation_v2_common_4!J10,recreation_v2_common_3!J10,recreation_v2_common_2!J10,recreation_v2_common_1!J10),0),"NA") -> 1 | K10: =IF($D10=0,"NA",ROUND(SUM(recreation_v2_common_5!K10,recreation_v2_common_4!K10,recreation_v2_common_3!K10,recreation_v2_common_2!K10,recreation_v2_common_1!K10)/COUNT(recreation_v2_common_5!K10,recreation_v2_common_4!K10,recreation_v2_common_3!K10,recreation_v2_common_2!K10,recreation_v2_common_1!K10),0)) -> 1 | L10: =IF($D10=0,"NA",ROUND(SUM(recreation_v2_common_5!L10,recreation_v2_common_4!L10,recreation_v2_common_3!L10,recreation_v2_common_2!L10,recreation_v2_common_1!L10)/COUNT(recreation_v2_common_5!L10,recreation_v2_common_4!L10,recreation_v2_common_3!L10,recreation_v2_common_2!L10,recreation_v2_common_1!L10),0)) -> 1 | M10: =IF($D10=0,"NA",ROUND(SUM(recreation_v2_common_5!M10,recreation_v2_common_4!M10,recreation_v2_common_3!M10,recreation_v2_common_2!M10,recreation_v2_common_1!M10)/COUNT(recreation_v2_common_5!M10,recreation_v2_common_4!M10,recreation_v2_common_3!M10,recreation_v2_common_2!M10,recreation_v2_common_1!M10),0)) -> 1 | N10: =IF($D10=0,"NA",ROUND(SUM(recreation_v2_common_5!N10,recreation_v2_common_4!N10,recreation_v2_common_3!N10,recreation_v2_common_2!N10,recreation_v2_common_1!N10)/COUNT(recreation_v2_common_5!N10,recreation_v2_common_4!N10,recreation_v2_common_3!N10,recreation_v2_common_2!N10,recreation_v2_common_1!N10),0)) -> 1 | O10: 2.1477404
A11: All | B11: Question 10 | C11: 0 | D11: =ROUND(SUM(recreation_v2_common_5!D11,recreation_v2_common_4!D11,recreation_v2_common_3!D11,recreation_v2_common_2!D11,recreation_v2_common_1!D11)/COUNT(recreation_v2_common_5!D11,recreation_v2_common_4!D11,recreation_v2_common_3!D11,recreation_v2_common_2!D11,recreation_v2_common_1!D11),0) -> 1 | E11: =IF($D11=0,"NA",ROUND(SUM(recreation_v2_common_5!E11,recreation_v2_common_4!E11,recreation_v2_common_3!E11,recreation_v2_common_2!E11,recreation_v2_common_1!E11)/COUNT(recreation_v2_common_5!E11,recreation_v2_common_4!E11,recreation_v2_common_3!E11,recreation_v2_common_2!E11,recreation_v2_common_1!E11),0)) -> 1 | F11: =IF($D11=0,"NA",ROUND(SUM(recreation_v2_common_5!F11,recreation_v2_common_4!F11,recreation_v2_common_3!F11,recreation_v2_common_2!F11,recreation_v2_common_1!F11)/COUNT(recreation_v2_common_5!F11,recreation_v2_common_4!F11,recreation_v2_common_3!F11,recreation_v2_common_2!F11,recreation_v2_common_1!F11),0)) -> 1 | G11: =IF($D11=0,"NA",ROUND(SUM(recreation_v2_common_5!G11,recreation_v2_common_4!G11,recreation_v2_common_3!G11,recreation_v2_common_2!G11,recreation_v2_common_1!G11)/COUNT(recreation_v2_common_5!G11,recreation_v2_common_4!G11,recreation_v2_common_3!G11,recreation_v2_common_2!G11,recreation_v2_common_1!G11),0)) -> 1 | H11: =IF(E11=1, ROUND(SUM(recreation_v2_common_5!H11,recreation_v2_common_4!H11,recreation_v2_common_3!H11,recreation_v2_common_2!H11,recreation_v2_common_1!H11)/COUNT(recreation_v2_common_5!H11,recreation_v2_common_4!H11,recreation_v2_common_3!H11,recreation_v2_common_2!H11,recreation_v2_common_1!H11),0),"NA") -> 1 | I11: =IF($D11=0,"NA",ROUND(SUM(recreation_v2_common_5!I11,recreation_v2_common_4!I11,recreation_v2_common_3!I11,recreation_v2_common_2!I11,recreation_v2_common_1!I11)/COUNT(recreation_v2_common_5!I11,recreation_v2_common_4!I11,recreation_v2_common_3!I11,recreation_v2_common_2!I11,recreation_v2_common_1!I11),0)) -> 1 | J11: =IF(AND(E11 = 1, F11 = 1),ROUND(SUM(recreation_v2_common_5!J11,recreation_v2_common_4!J11,recreation_v2_common_3!J11,recreation_v2_common_2!J11,recreation_v2_common_1!J11)/COUNT(recreation_v2_common_5!J11,recreation_v2_common_4!J11,recreation_v2_common_3!J11,recreation_v2_common_2!J11,recreation_v2_common_1!J11),0),"NA") -> 1 | K11: =IF($D11=0,"NA",ROUND(SUM(recreation_v2_common_5!K11,recreation_v2_common_4!K11,recreation_v2_common_3!K11,recreation_v2_common_2!K11,recreation_v2_common_1!K11)/COUNT(recreation_v2_common_5!K11,recreation_v2_common_4!K11,recreation_v2_common_3!K11,recreation_v2_common_2!K11,recreation_v2_common_1!K11),0)) -> 1 | L11: =IF($D11=0,"NA",ROUND(SUM(recreation_v2_common_5!L11,recreation_v2_common_4!L11,recreation_v2_common_3!L11,recreation_v2_common_2!L11,recreation_v2_common_1!L11)/COUNT(recreation_v2_common_5!L11,recreation_v2_common_4!L11,recreation_v2_common_3!L11,recreation_v2_common_2!L11,recreation_v2_common_1!L11),0)) -> 1 | M11: =IF($D11=0,"NA",ROUND(SUM(recreation_v2_common_5!M11,recreation_v2_common_4!M11,recreation_v2_common_3!M11,recreation_v2_common_2!M11,recreation_v2_common_1!M11)/COUNT(recreation_v2_common_5!M11,recreation_v2_common_4!M11,recreation_v2_common_3!M11,recreation_v2_common_2!M11,recreation_v2_common_1!M11),0)) -> 1 | N11: =IF($D11=0,"NA",ROUND(SUM(recreation_v2_common_5!N11,recreation_v2_common_4!N11,recreation_v2_common_3!N11,recreation_v2_common_2!N11,recreation_v2_common_1!N11)/COUNT(recreation_v2_common_5!N11,recreation_v2_common_4!N11,recreation_v2_common_3!N11,recreation_v2_common_2!N11,recreation_v2_common_1!N11),0)) -> 1 | O11: 3.0851109
A12: All | B12: Question 11 | C12: 0 | D12: =ROUND(SUM(recreation_v2_common_5!D12,recreation_v2_common_4!D12,recreation_v2_common_3!D12,recreation_v2_common_2!D12,recreation_v2_common_1!D12)/COUNT(recreation_v2_common_5!D12,recreation_v2_common_4!D12,recreation_v2_common_3!D12,recreation_v2_common_2!D12,recreation_v2_common_1!D12),0) -> 1 | E12: =IF($D12=0,"NA",ROUND(SUM(recreation_v2_common_5!E12,recreation_v2_common_4!E12,recreation_v2_common_3!E12,recreation_v2_common_2!E12,recreation_v2_common_1!E12)/COUNT(recreation_v2_common_5!E12,recreation_v2_common_4!E12,recreation_v2_common_3!E12,recreation_v2_common_2!E12,recreation_v2_common_1!E12),0)) -> 0 | F12: =IF($D12=0,"NA",ROUND(SUM(recreation_v2_common_5!F12,recreation_v2_common_4!F12,recreation_v2_common_3!F12,recreation_v2_common_2!F12,recreation_v2_common_1!F12)/COUNT(recreation_v2_common_5!F12,recreation_v2_common_4!F12,recreation_v2_common_3!F12,recreation_v2_common_2!F12,recreation_v2_common_1!F12),0)) -> 1 | G12: =IF($D12=0,"NA",ROUND(SUM(recreation_v2_common_5!G12,recreation_v2_common_4!G12,recreation_v2_common_3!G12,recreation_v2_common_2!G12,recreation_v2_common_1!G12)/COUNT(recreation_v2_common_5!G12,recreation_v2_common_4!G12,recreation_v2_common_3!G12,recreation_v2_common_2!G12,recreation_v2_common_1!G12),0)) -> 1 | H12: =IF(E12=1, ROUND(SUM(recreation_v2_common_5!H12,recreation_v2_common_4!H12,recreation_v2_common_3!H12,recreation_v2_common_2!H12,recreation_v2_common_1!H12)/COUNT(recreation_v2_common_5!H12,recreation_v2_common_4!H12,recreation_v2_common_3!H12,recreation_v2_common_2!H12,recreation_v2_common_1!H12),0),"NA") -> NA | I12: =IF($D12=0,"NA",ROUND(SUM(recreation_v2_common_5!I12,recreation_v2_common_4!I12,recreation_v2_common_3!I12,recreation_v2_common_2!I12,recreation_v2_common_1!I12)/COUNT(recreation_v2_common_5!I12,recreation_v2_common_4!I12,recreation_v2_common_3!I12,recreation_v2_common_2!I12,recreation_v2_common_1!I12),0)) -> 1 | J12: =IF(AND(E12 = 1, F12 = 1),ROUND(SUM(recreation_v2_common_5!J12,recreation_v2_common_4!J12,recreation_v2_common_3!J12,recreation_v2_common_2!J12,recreation_v2_common_1!J12)/COUNT(recreation_v2_common_5!J12,recreation_v2_common_4!J12,recreation_v2_common_3!J12,recreation_v2_common_2!J12,recreation_v2_common_1!J12),0),"NA") -> NA | K12: =IF($D12=0,"NA",ROUND(SUM(recreation_v2_common_5!K12,recreation_v2_common_4!K12,recreation_v2_common_3!K12,recreation_v2_common_2!K12,recreation_v2_common_1!K12)/COUNT(recreation_v2_common_5!K12,recreation_v2_common_4!K12,recreation_v2_common_3!K12,recreation_v2_common_2!K12,recreation_v2_common_1!K12),0)) -> 1 | L12: =IF($D12=0,"NA",ROUND(SUM(recreation_v2_common_5!L12,recreation_v2_common_4!L12,recreation_v2_common_3!L12,recreation_v2_common_2!L12,recreation_v2_common_1!L12)/COUNT(recreation_v2_common_5!L12,recreation_v2_common_4!L12,recreation_v2_common_3!L12,recreation_v2_common_2!L12,recreation_v2_common_1!L12),0)) -> 1 | M12: =IF($D12=0,"NA",ROUND(SUM(recreation_v2_common_5!M12,recreation_v2_common_4!M12,recreation_v2_common_3!M12,recreation_v2_common_2!M12,recreation_v2_common_1!M12)/COUNT(recreation_v2_common_5!M12,recreation_v2_common_4!M12,recreation_v2_common_3!M12,recreation_v2_common_2!M12,recreation_v2_common_1!M12),0)) -> 1 | N12: =IF($D12=0,"NA",ROUND(SUM(recreation_v2_common_5!N12,recreation_v2_common_4!N12,recreation_v2_common_3!N12,recreation_v2_common_2!N12,recreation_v2_common_1!N12)/COUNT(recreation_v2_common_5!N12,recreation_v2_common_4!N12,recreation_v2_common_3!N12,recreation_v2_common_2!N12,recreation_v2_common_1!N12),0)) -> 1 | O12: 2.3609169
A13: All | B13: Question 12 | C13: 0 | D13: =ROUND(SUM(recreation_v2_common_5!D13,recreation_v2_common_4!D13,recreation_v2_common_3!D13,recreation_v2_common_2!D13,recreation_v2_common_1!D13)/COUNT(recreation_v2_common_5!D13,recreation_v2_common_4!D13,recreation_v2_common_3!D13,recreation_v2_common_2!D13,recreation_v2_common_1!D13),0) -> 1 | E13: =IF($D13=0,"NA",ROUND(SUM(recreation_v2_common_5!E13,recreation_v2_common_4!E13,recreation_v2_common_3!E13,recreation_v2_common_2!E13,recreation_v2_common_1!E13)/COUNT(recreation_v2_common_5!E13,recreation_v2_common_4!E13,recreation_v2_common_3!E13,recreation_v2_common_2!E13,recreation_v2_common_1!E13),0)) -> 1 | F13: =IF($D13=0,"NA",ROUND(SUM(recreation_v2_common_5!F13,recreation_v2_common_4!F13,recreation_v2_common_3!F13,recreation_v2_common_2!F13,recreation_v2_common_1!F13)/COUNT(recreation_v2_common_5!F13,recreation_v2_common_4!F13,recreation_v2_common_3!F13,recreation_v2_common_2!F13,recreation_v2_common_1!F13),0)) -> 1 | G13: =IF($D13=0,"NA",ROUND(SUM(recreation_v2_common_5!G13,recreation_v2_common_4!G13,recreation_v2_common_3!G13,recreation_v2_common_2!G13,recreation_v2_common_1!G13)/COUNT(recreation_v2_common_5!G13,recreation_v2_common_4!G13,recreation_v2_common_3!G13,recreation_v2_common_2!G13,recreation_v2_common_1!G13),0)) -> 1 | H13: =IF(E13=1, ROUND(SUM(recreation_v2_common_5!H13,recreation_v2_common_4!H13,recreation_v2_common_3!H13,recreation_v2_common_2!H13,recreation_v2_common_1!H13)/COUNT(recreation_v2_common_5!H13,recreation_v2_common_4!H13,recreation_v2_common_3!H13,recreation_v2_common_2!H13,recreation_v2_common_1!H13),0),"NA") -> 1 | I13: =IF($D13=0,"NA",ROUND(SUM(recreation_v2_common_5!I13,recreation_v2_common_4!I13,recreation_v2_common_3!I13,recreation_v2_common_2!I13,recreation_v2_common_1!I13)/COUNT(recreation_v2_common_5!I13,recreation_v2_common_4!I13,recreation_v2_common_3!I13,recreation_v2_common_2!I13,recreation_v2_common_1!I13),0)) -> 1 | J13: =IF(AND(E13 = 1, F13 = 1),ROUND(SUM(recreation_v2_common_5!J13,recreation_v2_common_4!J13,recreation_v2_common_3!J13,recreation_v2_common_2!J13,recreation_v2_common_1!J13)/COUNT(recreation_v2_common_5!J13,recreation_v2_common_4!J13,recreation_v2_common_3!J13,recreation_v2_common_2!J13,recreation_v2_common_1!J13),0),"NA") -> 1 | K13: =IF($D13=0,"NA",ROUND(SUM(recreation_v2_common_5!K13,recreation_v2_common_4!K13,recreation_v2_common_3!K13,recreation_v2_common_2!K13,recreation_v2_common_1!K13)/COUNT(recreation_v2_common_5!K13,recreation_v2_common_4!K13,recreation_v2_common_3!K13,recreation_v2_common_2!K13,recreation_v2_common_1!K13),0)) -> 1 | L13: =IF($D13=0,"NA",ROUND(SUM(recreation_v2_common_5!L13,recreation_v2_common_4!L13,recreation_v2_common_3!L13,recreation_v2_common_2!L13,recreation_v2_common_1!L13)/COUNT(recreation_v2_common_5!L13,recreation_v2_common_4!L13,recreation_v2_common_3!L13,recreation_v2_common_2!L13,recreation_v2_common_1!L13),0)) -> 1 | M13: =IF($D13=0,"NA",ROUND(SUM(recreation_v2_common_5!M13,recreation_v2_common_4!M13,recreation_v2_common_3!M13,recreation_v2_common_2!M13,recreation_v2_common_1!M13)/COUNT(recreation_v2_common_5!M13,recreation_v2_common_4!M13,recreation_v2_common_3!M13,recreation_v2_common_2!M13,recreation_v2_common_1!M13),0)) -> 1 | N13: =IF($D13=0,"NA",ROUND(SUM(recreation_v2_common_5!N13,recreation_v2_common_4!N13,recreation_v2_common_3!N13,recreation_v2_common_2!N13,recreation_v2_common_1!N13)/COUNT(recreation_v2_common_5!N13,recreation_v2_common_4!N13,recreation_v2_common_3!N13,recreation_v2_common_2!N13,recreation_v2_common_1!N13),0)) -> 1 | O13: 1.3451829
... A101: All | B101: Question 100 | C101: 0 | D101: =ROUND(SUM(recreation_v2_common_5!D101,recreation_v2_common_4!D101,recreation_v2_common_3!D101,recreation_v2_common_2!D101,recreation_v2_common_1!D101)/COUNT(recreation_v2_common_5!D101,recreation_v2_common_4!D101,recreation_v2_common_3!D101,recreation_v2_common_2!D101,recreation_v2_common_1!D101),0) -> 0 | E101: =IF($D101=0,"NA",ROUND(SUM(recreation_v2_common_5!E101,recreation_v2_common_4!E101,recreation_v2_common_3!E101,recreation_v2_common_2!E101,recreation_v2_common_1!E101)/COUNT(recreation_v2_common_5!E101,recreation_v2_common_4!E101,recreation_v2_common_3!E101,recreation_v2_common_2!E101,recreation_v2_common_1!E101),0)) -> NA | F101: =IF($D101=0,"NA",ROUND(SUM(recreation_v2_common_5!F101,recreation_v2_common_4!F101,recreation_v2_common_3!F101,recreation_v2_common_2!F101,recreation_v2_common_1!F101)/COUNT(recreation_v2_common_5!F101,recreation_v2_common_4!F101,recreation_v2_common_3!F101,recreation_v2_common_2!F101,recreation_v2_common_1!F101),0)) -> NA | G101: =IF($D101=0,"NA",ROUND(SUM(recreation_v2_common_5!G101,recreation_v2_common_4!G101,recreation_v2_common_3!G101,recreation_v2_common_2!G101,recreation_v2_common_1!G101)/COUNT(recreation_v2_common_5!G101,recreation_v2_common_4!G101,recreation_v2_common_3!G101,recreation_v2_common_2!G101,recreation_v2_common_1!G101),0)) -> NA | H101: =IF(E101=1, ROUND(SUM(recreation_v2_common_5!H101,recreation_v2_common_4!H101,recreation_v2_common_3!H101,recreation_v2_common_2!H101,recreation_v2_common_1!H101)/COUNT(recreation_v2_common_5!H101,recreation_v2_common_4!H101,recreation_v2_common_3!H101,recreation_v2_common_2!H101,recreation_v2_common_1!H101),0),"NA") -> NA | I101: =IF($D101=0,"NA",ROUND(SUM(recreation_v2_common_5!I101,recreation_v2_common_4!I101,recreation_v2_common_3!I101,recreation_v2_common_2!I101,recreation_v2_common_1!I101)/COUNT(recreation_v2_common_5!I101,recreation_v2_common_4!I101,recreation_v2_common_3!I101,recreation_v2_common_2!I101,recreation_v2_common_1!I101),0)) -> NA | J101: =IF(AND(E101 = 1, F101 = 1),ROUND(SUM(recreation_v2_common_5!J101,recreation_v2_common_4!J101,recreation_v2_common_3!J101,recreation_v2_common_2!J101,recreation_v2_common_1!J101)/COUNT(recreation_v2_common_5!J101,recreation_v2_common_4!J101,recreation_v2_common_3!J101,recreation_v2_common_2!J101,recreation_v2_common_1!J101),0),"NA") -> NA | K101: =IF($D101=0,"NA",ROUND(SUM(recreation_v2_common_5!K101,recreation_v2_common_4!K101,recreation_v2_common_3!K101,recreation_v2_common_2!K101,recreation_v2_common_1!K101)/COUNT(recreation_v2_common_5!K101,recreation_v2_common_4!K101,recreation_v2_common_3!K101,recreation_v2_common_2!K101,recreation_v2_common_1!K101),0)) -> NA | L101: =IF($D101=0,"NA",ROUND(SUM(recreation_v2_common_5!L101,recreation_v2_common_4!L101,recreation_v2_common_3!L101,recreation_v2_common_2!L101,recreation_v2_common_1!L101)/COUNT(recreation_v2_common_5!L101,recreation_v2_common_4!L101,recreation_v2_common_3!L101,recreation_v2_common_2!L101,recreation_v2_common_1!L101),0)) -> NA | M101: =IF($D101=0,"NA",ROUND(SUM(recreation_v2_common_5!M101,recreation_v2_common_4!M101,recreation_v2_common_3!M101,recreation_v2_common_2!M101,recreation_v2_common_1!M101)/COUNT(recreation_v2_common_5!M101,recreation_v2_common_4!M101,recreation_v2_common_3!M101,recreation_v2_common_2!M101,recreation_v2_common_1!M101),0)) -> NA | N101: =IF($D101=0,"NA",ROUND(SUM(recreation_v2_common_5!N101,recreation_v2_common_4!N101,recreation_v2_common_3!N101,recreation_v2_common_2!N101,recreation_v2_common_1!N101)/COUNT(recreation_v2_common_5!N101,recreation_v2_common_4!N101,recreation_v2_common_3!N101,recreation_v2_common_2!N101,recreation_v2_common_1!N101),0)) -> NA | O101: 4.6580238
